revenue_rank,creator_id,creator_name,campaigns_observed,brands_observed,followers,avg_views,creator_power_score,mean_predicted_revenue,median_predicted_revenue,mean_actual_revenue,total_actual_revenue,mean_expected_orders,mean_expected_roi_pct,median_absolute_percentage_error
1,cocoon.vietnam,cocoon.vietnam,1,1,623900.0,208827.02450980392,54.1626028892096,13839627382.499693,13839627382.499693,65036659837.19,65036659837.19,61729.0,30955.422881069997,78.7202672813376
2,cerave.vietnam_official,cerave.vietnam_official,1,1,456900.0,123628.64563106796,52.70369946962098,10366203650.816586,10366203650.816586,7548592408.62,7548592408.62,54568.0,31663.37297251744,37.32631316772459
3,lorealparis_vn,lorealparis_vn,1,1,615200.0,59541.29542302358,51.80526541338817,8316469126.613455,8316469126.613455,12555198152.39,12555198152.39,30383.0,18825.644956532567,33.76074972556019
4,olayvietnam,olayvietnam,1,1,297600.0,476768.84821428574,54.55096969666631,7722383497.697785,7722383497.697785,8204124653.54,8204124653.54,21849.0,36228.416991857855,5.871938521001725
5,larocheposayvn,larocheposayvn,1,1,531300.0,26028.291666666668,50.03772161218747,6506735963.983593,6506735963.983593,6709930268.62,6709930268.62,11294.0,17045.549312209732,3.0282625377893373
6,focallure.vn,focallure.vn,1,1,592300.0,56287.28571428572,51.641823885811256,5898439253.5838585,5898439253.5838585,4274825969.64,4274825969.64,3619.0,13841.946572712144,37.980804259046586
7,3ce_vietnam,3ce_vietnam,1,1,433300.0,177238.29320987657,53.2918867690769,5749746851.233029,5749746851.233029,9260949938.39,9260949938.39,66325.0,18477.534252772308,37.914070484300524
8,merzy_vn,merzy_vn,1,1,149800.0,63210.625,49.7254916333588,4985669894.073927,4985669894.073927,3027637411.82,3027637411.82,26587.0,46495.04573900866,64.671960869875
9,judydoll_vn,judydoll_vn,1,1,268100.0,25144.533604887984,48.91256450496326,4490367172.664831,4490367172.664831,3970058120.24,3970058120.24,5057.0,23348.39254655264,13.105829604161498
10,quynhanh_23291702,quynhanh_23291702,1,1,859700.0,72349.4827586207,52.686941948326805,4011479658.6956625,4011479658.6956625,8509390630.44,8509390630.44,18451.0,6432.5945355053245,52.85820297935672
11,pantene_vietnam,pantene_vietnam,1,1,100400.0,373110.3296703297,52.40932413105648,3658112369.0618234,3658112369.0618234,655022846.91,655022846.91,10350.0,50909.53502675849,458.47095812284664
12,maybelline_vn,maybelline_vn,1,1,554500.0,158185.9927927928,53.462763750056865,3637096695.7982273,3637096695.7982273,5521493447.2,5521493447.2,22935.0,9082.9312427728,34.12838880316642
13,colorkey_luminous.vn,colorkey_luminous.vn,1,1,218200.0,32767.701986754968,49.08598008211113,3568808869.517032,3568808869.517032,7327877135.19,7327877135.19,35817.0,22797.948750338426,51.298189043333366
14,ungthaimenuochoa,ungthaimenuochoa,1,1,1900000.0,90328.7570093458,54.33006225250637,3476591219.0439506,3476591219.0439506,28954538404.57,28954538404.57,6416.0,2461.698792979753,87.99293164177942
15,dalba.vn,dalba.vn,1,1,180800.0,31438.86,48.717300546242996,3464318381.143578,3464318381.143578,5456523536.19,5456523536.19,18395.0,26725.47419027107,36.510520697533224
16,giadinhsena,giadinhsena,1,1,46100.0,6732.728395061728,43.729584533525696,3375284724.6234074,3375284724.6234074,4237098307.04,4237098307.04,1974.0,102403.22374127484,20.339711754732644
17,comemofficial,comemofficial,1,1,363000.0,29843.608108108107,49.70147670323748,3176365438.0924845,3176365438.0924845,6612494525.42,6612494525.42,10895.0,12150.445215783686,51.96418800980809
18,kimxuyenauthentic,kimxuyenauthentic,1,1,226300.0,16202.1393728223,47.831685986908425,2893768356.058746,2893768356.058746,4227582882.54,4227582882.54,22932.0,17802.234637570677,31.550286855165734
19,unileverchamsoccanhan,unileverchamsoccanhan,1,1,119700.0,22799.274647887323,47.47961598376396,2890238583.645092,2890238583.645092,1510903497.4,1510903497.4,14796.0,33703.96004263265,91.29207051401269
20,candidskincare,candidskincare,1,1,169700.0,132890.5593220339,51.301956694373494,2844306773.155047,2844306773.155047,9673011018.41,9673011018.41,20681.0,23365.111858674518,70.59543540535965
21,closeupvn,closeupvn,1,1,151600.0,52192.08571428571,49.38751512050853,2740505833.4221873,2740505833.4221873,257773518.34,257773518.34,14029.0,25208.101364057136,963.1448300315686
22,auroracastle2,auroracastle2,1,1,65700.0,14603.026315789471,45.720020406346485,2665792886.92326,2665792886.92326,2849687214.33,2849687214.33,12262.0,56705.327879643286,6.453140768643122
23,clearvietnam,clearvietnam,1,1,102000.0,829128.2375,53.92006320333752,2425278006.4625254,2425278006.4625254,1200635656.72,1200635656.72,14215.0,33188.129500466035,101.9994985896145
24,florasis.vn,florasis.vn,1,1,72300.0,51313.07913669065,48.2074812610454,2343260438.4526258,2343260438.4526258,3350485192.79,3350485192.79,802.0,45274.337674048074,30.062056579293305
25,colorkey_vn,colorkey_vn,2,2,546100.0,53000.960396039605,51.33110465978547,2238021283.4419374,2238021283.4419374,2609571501.525,5219143003.05,18307.5,5637.465293570248,8.829677151153279
26,hasaki.vn,hasaki.vn,1,1,871900.0,30619.493975903613,51.10838715439014,2174993638.280947,2174993638.280947,10320618792.67,10320618792.67,22221.0,3392.3627636120264,78.92574387278319
27,bonphuongsena,bonphuongsena,1,1,52400.0,6786.662921348315,43.94310894326153,2070633349.9811997,2070633349.9811997,7634327702.54,7634327702.54,1211.0,55222.26507583358,72.8773320892122
28,gillettevn_official,gillettevn_official,1,1,18300.0,68458.94017094017,46.613090155550594,1856737078.6693757,1856737078.6693757,930900774.5,930900774.5,5253.0,64885.79775342815,99.4559602409457
29,chuyengiaps,chuyengiaps,1,1,73600.0,171769.27586206896,50.48388545817121,1777991738.0742784,1777991738.0742784,119528360.15,119528360.15,9102.0,33720.49501771724,1387.506174972215
30,tungnguyentranmy2507,tungnguyentranmy2507,3,3,210900.0,44698.38461538462,49.61109675351857,1597121093.4974883,1096258554.1500132,2807221420.9500003,8421664262.85,2289.6666666666665,10502.036656692666,60.58124845670461
31,lixibox.official,lixibox.official,1,1,66200.0,18891.983606557376,46.21104218546371,1592328703.2779858,1592328703.2779858,4979130666.13,4979130666.13,12846.0,33574.62514485166,68.01994544731211
32,swatchesbybaobao,swatchesbybaobao,6,6,339200.0,42004.932335718935,50.23014101045642,1578504817.5525036,1192699493.0142026,1025119561.46,6150717368.76,8423.833333333334,6415.055261124719,40.414133649974886
33,langacday,langacday,1,1,29300.0,6897.768595041322,43.07169623580746,1560496670.8006089,1560496670.8006089,2748892392.39,2748892392.39,6960.0,54517.383478021315,43.23180219347004
34,mistine_bwg.vn,mistine_bwg.vn,2,2,108800.0,64615.45289855072,49.190787480270025,1549776960.0368009,1549776960.0368009,3773142368.45,7546284736.9,11212.0,19841.982941650007,56.14491456051664
35,carslan.vn,carslan.vn,1,1,495300.0,49011.71875,51.10680840563086,1532708287.7579362,1532708287.7579362,4125024661.33,4125024661.33,5618.0,4232.306890492854,62.8436575876432
36,dovederma.vietnam,dovederma.vietnam,1,1,45300.0,163693.9150943396,49.64148790978463,1438467560.6024714,1438467560.6024714,804347379.14,804347379.14,8431.0,44355.95110029713,78.83660690738698
37,unilevervn_beauty,unilevervn_beauty,1,1,186100.0,9583.08695652174,46.550986448648025,1427381507.9339437,1427381507.9339437,2554644142.67,2554644142.67,8366.0,10637.958684081252,44.12601410534979
38,kimtronsalan1994,kimtronsalan1994,1,1,1200000.0,168758.8923076923,54.780611733842655,1360828999.538434,1360828999.538434,26125742533.23,26125742533.23,2511.0,1487.6338327948397,94.79123321449119
39,phuongsena,phuongsena,4,4,160500.0,69278.22527472526,50.00152906094183,1357645961.421444,119140083.44092384,11994473811.432499,47977895245.729996,935.5,11742.394679065554,74.38536721691744
40,gogobuylife,gogobuylife,1,1,31700.0,1297.2958937198068,40.08495713537671,1247612170.9986122,1247612170.9986122,1994156605.56,1994156605.56,5565.0,43566.42598495142,37.436600138620655
41,linhlinhday88,linhlinhday88,1,1,5860.0,1711.904761904762,37.982565002329835,1243241557.8783522,1243241557.8783522,504231839.9,504231839.9,5545.0,43413.45452574232,146.56149403911377
42,lifebuoyvietnam,lifebuoyvietnam,1,1,151000.0,13274.77,46.83327889618312,1239118389.3845153,1239118389.3845153,1057615070.17,1057615070.17,6343.0,11388.514868465703,17.161567032638885
43,lanvat3110,lanvat3110,1,1,150000.0,10066.3908045977,46.308075258565204,1221047737.3299186,1221047737.3299186,6146102867.57,6146102867.57,1263.0,11296.445548412572,80.13297590945321
44,quyenleo,quyenleo,3,3,4700000.0,410302.77142857143,58.55175408763715,1178429826.28321,1178489062.9571168,8557234000.47,25671702001.41,3728.0,312.4504391991235,95.13542528514645
45,hoaigiang14,hoaigiang14,1,1,11400.0,2820.928125,39.94380249672796,1172153380.8148909,1172153380.8148909,701281090.8,701281090.8,5228.0,40925.36832852118,67.14458669885627
46,simplevietnam,simplevietnam,1,1,103100.0,34641.9012345679,48.02666637927495,1169623049.3393943,1169623049.3393943,714903369.78,714903369.78,6855.0,15782.369244181882,63.60575411741688
47,bingoxinchao203,bingoxinchao203,3,3,8165.0,5113.276315789473,40.53291791644452,1153894351.952965,296164631.9295399,1365294204.1833332,4095882612.5499997,5312.0,40286.30231835377,90.06834421902839
48,blancperfume,blancperfume,1,1,64600.0,10525.352112676055,45.084426141575676,1120117541.4664726,1120117541.4664726,1070681207.43,1070681207.43,10116.0,24174.993158716123,4.617278578666449
49,chanhbeauty93,chanhbeauty93,15,15,2300000.0,447554.5,57.605038886453485,1117660881.3973222,145213438.03701222,1148726548.1226666,17230898221.84,5465.4,580.3153191114135,65.30967619163313
50,focallure.eyeshadow.vn,focallure.eyeshadow.vn,1,1,35900.0,5172.701754385965,42.85119579992296,1095937756.763336,1095937756.763336,457740407.59,457740407.59,672.0,38257.821486716755,139.42342397374105
51,gillettevenusvn_official,gillettevenusvn_official,1,1,9234.0,95331.95238095238,46.168554129735526,1076609494.3125637,1076609494.3125637,491996211.85,491996211.85,3046.0,37581.33230093973,118.82475278911309
52,armafvietnam,armafvietnam,1,1,67600.0,5341.0615384615385,43.892394261630905,1050919138.0966207,1050919138.0966207,1162142547.13,1162142547.13,1176.0,21664.5975345454,9.570547890880869
53,lunys_official,lunys_official,1,1,246100.0,61364.243542435426,50.44031046631559,1023273541.633484,1023273541.633484,2530002213.33,2530002213.33,2041.0,5721.141642774797,59.55444085218223
54,aztkcosmetic,aztkcosmetic,1,1,62300.0,30123.576158940396,46.985238412582056,1017356361.8027664,1017356361.8027664,7355392233.49,7355392233.49,1249.0,22761.94071466891,86.16856410225658
55,huyenmonhugo,huyenmonhugo,1,1,16000.0,2240.2997987927565,40.04076315507418,1008619828.9467381,1008619828.9467381,751767649.31,751767649.31,4499.0,35201.694013135835,34.16643159259202
56,senabeauty,senabeauty,8,8,611300.0,72332.8125,52.15761188609627,999428245.5695238,79447797.83048895,7872780357.3325,62982242858.66,1024.125,2188.89177784612,52.809111154888896
57,vtkh2004,vtkh2004,1,1,7700000.0,118295.57142857143,57.002585560753836,992795466.3315638,992795466.3315638,382967670.3,382967670.3,4428.0,247.47841321604733,159.23740914052914
58,oralb_vietnam,oralb_vietnam,1,1,7137.0,301762.7794117647,47.91372742152512,969422524.8165915,969422524.8165915,357057748.82,357057748.82,2743.0,33829.7883685807,171.5030070122626
59,thamyeuskincare,thamyeuskincare,2,2,89800.0,5658.046674028842,43.70218685295377,928080887.8837559,928080887.8837559,757397363.0,1514794726.0,4337.0,14368.967071684392,20.66909208424904
60,giadinhlangac,giadinhlangac,1,1,12300.0,6840.448275862069,41.70994531670161,896703944.8735491,896703944.8735491,3257093426.56,3257093426.56,4000.0,31284.63807057422,72.46919791856851
61,cayrom02,cayrom02,1,1,17400.0,7480.105263157895,42.414284775659155,889805454.0626754,889805454.0626754,3311505195.1,3311505195.1,4090.0,31043.190892193634,73.12987896321856
62,headandshoulders_vn,headandshoulders_vn,1,1,54300.0,133075.88571428572,49.53713421921847,850709146.2040527,850709146.2040527,181404910.14,181404910.14,2407.0,21833.569147065813,368.9559646139205
63,nhuquynhne1412,nhuquynhne1412,1,1,12600.0,142481.09433962265,47.398514152291824,845198235.1318473,845198235.1318473,2221841534.5,2221841534.5,1686.0,29481.93822961465,61.95956273172967
64,nguyenduyduong1108,nguyenduyduong1108,1,1,96700.0,936.6506024096384,41.20909579712805,814697240.3708797,814697240.3708797,374634994.46,374634994.46,3634.0,11694.996241150273,117.46426586368067
65,jhopebeautytipss,jhopebeautytipss,4,4,11400.0,89400.96565656565,46.14309339410593,785520768.7909204,95088223.80743131,405352699.53,1621410798.12,3629.75,27393.226907682212,21.40803496222803
66,cafunevn,cafunevn,1,1,758000.0,4631.0,47.37592372263912,773554891.673716,773554891.673716,1783170308.35,1783170308.35,1296.0,1328.7293513762563,56.61912448567515
67,cafuneflux_official,cafuneflux_official,1,1,326500.0,14553.252525252525,48.20049644406305,771036418.2726908,771036418.2726908,694803897.05,694803897.05,1291.0,3206.1285928997463,10.971803921417115
68,tramytran69,tramytran69,7,7,94300.0,87118.07692307692,49.60471005499509,769636485.4416858,115727618.47636555,1863774208.4085715,13046419458.86,1840.0,11326.204449823543,13.924947664624895
69,olayduongtrang,olayduongtrang,1,1,30300.0,4839.539682539683,42.46427183788556,759201482.2475582,759201482.2475582,1001997545.55,1001997545.55,2148.0,26472.051878664537,24.2312033977259
70,1khovn,1khovn,1,1,20300.0,2052.119266055046,40.24671807320847,749798652.4492357,749798652.4492357,758916322.07,758916322.07,3344.0,26142.95283572325,1.2014064470105559
71,tuyetbachhoatienloi,tuyetbachhoatienloi,1,1,10500.0,1443.092105263158,38.56932553272514,736235251.9387115,736235251.9387115,641727510.41,641727510.41,3284.0,25668.2338178549,14.72708275640708
72,binbin_303,binbin_303,1,1,1387.0,6100.610169491525,38.11281940630427,735764876.0485386,735764876.0485386,607030621.52,607030621.52,3282.0,25651.77066169885,21.207209317742326
73,colorkey.forface_vn,colorkey.forface_vn,1,1,73200.0,16257.894736842103,46.087474437047184,729382816.4562894,729382816.4562894,2036357959.08,2036357959.08,5907.0,13849.944577032858,64.18199397586194
74,daoquangtrungdaily,daoquangtrungdaily,1,1,61500.0,109151.81981981982,49.361395458590955,697118889.5919721,697118889.5919721,1768684107.94,1768684107.94,1391.0,15769.373096402618,60.58544957449118
75,mqskin.tuyendoan,mqskin.tuyendoan,1,1,242000.0,44495.0,49.81596044665537,685078775.425252,685078775.425252,1939216739.95,1939216739.95,3303.0,3863.265642956003,64.67239781341225
76,cohocchamda,cohocchamda,11,11,868600.0,336417.18032786885,55.563365223505855,680246374.8307481,78182405.78740452,742945622.6736364,8172401849.410001,3067.818181818182,996.4136826652629,51.15976684878236
77,thuhuyennguyen99,thuhuyennguyen99,1,1,5502.0,987.6996527777778,36.86194068548251,649516314.6419749,649516314.6419749,879695484.7,879695484.7,2897.0,22633.07101246912,26.165778279119216
78,khahan.beauty,khahan.beauty,1,1,10100.0,128585.25773195876,46.86451586957295,633092159.6507849,633092159.6507849,1557737068.52,1557737068.52,1263.0,22058.22558777747,59.35821439671566
79,skincare303.cosmetic02,skincare303.cosmetic02,1,1,17000.0,3806.276729559748,41.1209943371032,623369123.1870061,623369123.1870061,360314708.23,360314708.23,2780.0,21717.919311545214,73.00684899854
80,flossievietnam,flossievietnam,1,1,57300.0,11409.388888888889,45.04853337037675,600030761.2487229,600030761.2487229,2683498176.54,2683498176.54,3812.0,14560.437447612772,77.6399787972884
81,gogobuyshop,gogobuyshop,1,1,12200.0,720.2090517241379,37.50976946333528,599210156.9220867,599210156.9220867,642257687.79,642257687.79,2673.0,20872.355492273033,6.702532594983677
82,gina.meteam,gina.meteam,8,8,12100.0,13118.490900383142,42.89600932772029,595698069.5592911,98211295.35477093,433011628.785,3464093030.28,2678.25,20749.432434575185,190.47837535343317
83,rocksweet52,rocksweet52,1,1,81600.0,7152.588235294118,44.72782433714552,588199643.0611452,588199643.0611452,6744342633.13,6744342633.13,3937.0,9991.660542715725,91.27862157874732
84,khapkhunkhabeauty,khapkhunkhabeauty,1,1,9843.0,108343.109375,46.50573062178364,549693174.6995786,549693174.6995786,347261905.7,347261905.7,1097.0,19139.261114485253,58.293543195163856
85,innoskinvietnam,innoskinvietnam,1,1,18400.0,1444.8045977011495,39.44156987066978,538647079.2874079,538647079.2874079,877027611.03,877027611.03,557.0,18752.647775059275,38.58265435283055
86,missduyen_05,missduyen_05,1,1,3006.0,52667.26277372263,43.32378153737192,525985174.47631013,525985174.47631013,714079687.33,714079687.33,1049.0,18309.481106670853,26.34082948879138
87,maikamereview,maikamereview,12,12,66000.0,5390.719462025316,43.861841493137646,501302463.18785256,61283886.24214041,167898992.19083333,2014787906.29,2351.0,10533.68861307566,22.55749615329013
88,dunghana2882,dunghana2882,17,17,115800.0,17175.349397590362,46.9010569731842,489356368.27794045,105306007.70133819,240999586.16411763,4096992964.79,2266.235294117647,5816.225523222078,55.616332054404836
89,mebeantin,mebeantin,1,1,2017.0,1932.3181818181815,36.554113521136635,481991606.99898994,481991606.99898994,413683097.36,413683097.36,2150.0,16769.706244964647,16.512279586696703
90,ngoctamaff,ngoctamaff,2,2,9481.0,1214.869322325622,38.0887687463715,479812227.9888295,479812227.9888295,706825517.815,1413651035.63,2110.0,16693.42797960903,35.85056194731338
91,nhinhi1807,nhinhi1807,1,1,7693.0,85486.14285714286,45.682499109501734,478209087.58758426,478209087.58758426,285770207.66,285770207.66,293.0,16637.31806556545,67.34042764756698
92,bb_niyeuoi,bb_niyeuoi,1,1,66200.0,51030.78306878307,48.06050015371155,467776202.4364617,467776202.4364617,1297243156.48,1297243156.48,933.0,9792.548087780155,63.94074618163742
93,vuphuongdaily.hnc,vuphuongdaily.hnc,3,3,29300.0,14479.260869565218,44.451716834237125,465181640.6011462,228315343.42823458,772345631.98,2317036895.94,2732.6666666666665,16181.357421040115,38.012155523384635
94,haianhxinhreview,haianhxinhreview,2,2,32900.0,55535.934854497355,46.72175235602843,464984216.4504923,464984216.4504923,1074141491.54,2148282983.08,3556.0,16174.447575767234,31.14243705883833
95,changmy_sayhi,changmy_sayhi,1,1,4068.0,1914.3223684210527,37.62444488036552,463902725.1601122,463902725.1601122,1090653664.26,1090653664.26,2069.0,16136.595380603927,57.46562448173073
96,lananhdaily22,lananhdaily22,9,9,194200.0,41922.75862068965,49.363822555487616,456147147.3671275,170854201.1939747,414369528.6788889,3729325758.11,2369.4444444444443,3188.3934413696106,69.22347853447836
97,hoanghongnickphu,hoanghongnickphu,2,2,176900.0,10432.193184475098,46.630152943604465,454040746.46089906,454040746.46089906,3104641100.8250003,6209282201.650001,659.5,3493.3128606289356,112.88266325543835
98,longchunchun,longchunchun,19,19,7400000.0,540804.25,59.76981228055236,445196993.4244498,221737630.4970725,656530595.8226315,12474081320.63,2079.4736842105262,55.818947698557416,51.091702051668406
99,blancperfumevn,blancperfumevn,1,1,102500.0,23291.95,47.27880035280764,444377818.19894654,444377818.19894654,431988151.1,431988151.1,4013.0,5969.550687595368,2.8680571602248537
100,giadinhconglinhday,giadinhconglinhday,1,1,2801.0,2472.2236842105262,37.521610096700776,439791226.4918133,439791226.4918133,1180106618.46,1180106618.46,1962.0,15292.692927213462,62.73292432969097
101,chamsuaofficial,chamsuaofficial,4,4,83000.0,7554.217948717949,44.84680510457329,439414025.6824641,128952542.16533586,439867654.745,1759470618.98,1923.25,7311.802842836744,63.787236065632115
102,shopnhaboon,shopnhaboon,1,1,5286.0,758.6758104738154,36.309392464135556,438902653.83388263,438902653.83388263,604630711.91,604630711.91,1958.0,15261.592884185893,27.409798214283594
103,lorealparismakeup_vn,lorealparismakeup_vn,1,1,31300.0,4309.375,42.29872460877079,436430484.28310895,436430484.28310895,834910983.73,834910983.73,1594.0,15175.06694990881,47.72730353440347
104,hvan_0524,hvan_0524,2,2,471200.0,19631.024727599703,49.326536219446695,432096681.8254916,432096681.8254916,849309326.385,1698618652.77,2541.5,1183.8186641674197,140.6098550594271
105,tranmyyy1993,tranmyyy1993,6,6,532600.0,57440.03846153846,51.51476897354963,417797993.6995799,72558785.32908355,1687605296.2383335,10125631777.43,1170.0,998.229799435621,63.21380870059042
106,huynhdangthong,huynhdangthong,4,4,1100000.0,59344.11071428572,52.67034959083135,416251374.2341821,518193838.79543453,960603768.76,3842415075.04,2144.75,429.77447629805,82.60151994674862
107,emxinhbeauty0808,emxinhbeauty0808,2,2,14800.0,1488.8564213564214,39.158635704417804,415193718.56067795,415193718.56067795,661385266.37,1322770532.74,1977.5,14431.780149623726,29.020514357962142
108,royal_kun_2004,royal_kun_2004,1,1,27500.0,359567.18333333335,50.331973538884355,411735154.0029771,411735154.0029771,1247429623.17,1247429623.17,690.0,14310.730390104194,66.99331598710432
109,lingg2809,lingg2809,2,2,8000000.0,830124.75,60.59769851070675,408463799.6120573,408463799.6120573,1212602112.495,2425204224.99,1845.5,42.962329864220045,72.92447823657186
110,dovevietnam,dovevietnam,2,2,123600.0,398624.6869292237,48.518537855966876,403071437.16238534,403071437.16238534,448155322.28999996,896310644.5799999,2205.0,4465.534077891097,137.56655258675852
111,vanbinhne_,vanbinhne_,8,8,29100.0,15362.725,44.55000789018051,398005173.48708487,84064618.7964788,492950336.14125,3943602689.13,1826.125,13830.18107204797,52.25291932975534
112,caothingocbich,caothingocbich,2,2,325800.0,24009.34447983015,49.120664389833394,393582126.6606045,393582126.6606045,504654442.885,1009308885.77,3376.5,1591.267579265949,18.77694837396144
113,maybelline.daily,maybelline.daily,1,1,19500.0,7880.551282051282,42.68806264341913,387510576.45732576,387510576.45732576,425781020.33,425781020.33,2444.0,13462.870176006401,8.988292583594465
114,anhvysay3,anhvysay3,2,2,270300.0,53015.57407407407,49.99719817706221,381149930.20242256,381149930.20242256,281300797.52500004,562601595.0500001,1733.0,1874.139483105407,136.00467695787825
115,tresemmevietnam,tresemmevietnam,1,1,71500.0,5623.430555555556,44.07526069703441,374209439.1778189,374209439.1778189,881852375.03,881852375.03,2193.0,7227.177830055194,57.565523462462906
116,halioofficialvn,halioofficialvn,1,1,22000.0,7554.9125,42.796619056738976,369326802.97884655,369326802.97884655,1607891098.56,1607891098.56,2979.0,12826.438104259629,77.0303596238819
117,duygiadung1202,duygiadung1202,1,1,3943.0,946.3971962616822,36.26586443796678,364370366.07094276,364370366.07094276,367201824.03,367201824.03,1625.0,12652.962812482998,0.771090385113633
118,trangtrankoc,trangtrankoc,18,18,594900.0,254087.39375,54.453875105593696,360498892.1246063,161305752.18456054,435651885.82500005,7841733944.85,2012.2777777777778,748.3752714312469,46.41815751287929
119,kat.i618,kat.i618,15,15,61700.0,122339.35483870968,49.57872316005517,359848052.2493669,165933743.26534623,299634373.01533335,4494515595.2300005,1900.4666666666667,8065.109775512376,18.856805862500316
120,mistine.bwg.vn,mistine.bwg.vn,2,2,7628.0,12716.287755102041,41.37829663355125,359801629.8243627,359801629.8243627,543237705.0649999,1086475410.1299999,2673.5,12493.057043852692,39.38750742516983
121,angelaphuongtrinh1995,angelaphuongtrinh1995,9,9,848600.0,280616.6,55.18967148465066,357432531.7449208,113576964.88080621,280113302.3833333,2521019721.45,1564.5555555555557,489.6836488839135,33.02844810208793
122,nhuydaily.lotus,nhuydaily.lotus,1,1,34400.0,2596.614457831325,41.502597541848736,357052092.4289501,357052092.4289501,931976326.98,931976326.98,1010.0,12396.823235013251,61.688716537902756
123,changaffiliate,changaffiliate,4,4,36900.0,55764.604166666664,46.43024290900368,353517874.2187008,366322886.2951268,439976612.47999996,1759906449.9199998,2910.5,12273.125597654529,30.979239369919334
124,hainamplsc209,hainamplsc209,4,4,942000.0,2242.94523326572,46.362556646231,353423487.5492025,45895977.80991711,883680692.4675,3534722769.87,1561.0,425.2578371219569,35.62788138862695
125,hinhy_review,hinhy_review,9,9,137600.0,32326.574074074073,48.34562832113246,351351224.8568785,112846551.39835157,1181445249.66,10633007246.94,870.3333333333334,3474.7944389507984,56.56948163138898
126,ngoc.matcha,ngoc.matcha,11,11,4200000.0,174707.5,56.788188651221404,350527472.49786514,239173510.0764558,301884113.41818184,3320725247.6,1943.4545454545455,22.684615374252804,70.85857736599637
127,vaselinevietnam,vaselinevietnam,1,1,62100.0,7381.305084745763,44.36284138798673,346237283.7302205,346237283.7302205,1331320049.75,1331320049.75,2029.0,7705.671452855212,73.9929340209938
128,hanhbao_01,hanhbao_01,1,1,64500.0,16604.66165413534,45.93050169634951,342301889.40118325,342301889.40118325,201677455.45,201677455.45,683.0,7329.808452118705,69.7273939902752
129,embexiu8386,embexiu8386,5,5,6321.0,34682.096774193546,43.698794792929924,335901419.1868062,292124674.0372001,424105724.934,2120528624.67,1851.2,11656.549671538218,50.96186075207354
130,closeupwhitenow,closeupwhitenow,1,1,5589.0,11238.369696969698,41.41060274714716,335342238.3904691,335342238.3904691,211503399.8,211503399.8,1717.0,11636.978343666417,58.55170115826623
131,trang.bong7997,trang.bong7997,16,16,148800.0,87019.45945945945,50.31006462156655,333451307.5555141,280311588.8662853,371312676.01625,5941002816.26,1809.6875,3037.3106893663958,50.60568881088531
132,hannaholala,hannaholala,12,12,1800000.0,218096.05263157896,55.88685389411712,332852680.6318698,258158761.97763297,1049848705.9549999,12598184471.46,2018.9166666666667,158.88541826923205,61.051492131741924
133,maitrum.review,maitrum.review,1,1,306500.0,4691.911764705882,45.99581917002603,331381422.7892187,331381422.7892187,377074509.49,377074509.49,1215.0,1413.6508708153547,12.117787214675953
134,tunpham97,tunpham97,26,26,4600000.0,1483592.5714285714,60.91072298877154,330823589.5421453,136528517.93648723,981138612.3738462,25509603921.72,1646.9615384615386,15.788256339750834,77.51584772043404
135,mayananh_02,mayananh_02,7,7,216000.0,25574.809523809523,48.608991532703186,329081266.3956006,60977515.32688978,313929973.36428565,2197509813.5499997,1681.4285714285713,2032.9341340455594,126.82910292093044
136,coduocsi12,coduocsi12,1,1,18200.0,471.17758186397987,37.34174395161268,326609914.29331654,326609914.29331654,582799862.65,582799862.65,1457.0,11331.347000266078,43.958477819775695
137,nth8183,nth8183,2,2,3304.0,1149.1115175831956,36.294443074878934,314986637.8170487,314986637.8170487,323454413.41,646908826.82,1408.5,10924.532323596704,14.462359816732455
138,chucareviewkhongbooking,chucareviewkhongbooking,3,3,951000.0,61543.509803921566,52.54240981370325,313325930.5880057,91357439.90653709,416589838.89000005,1249769516.67,2654.0,361.2579419802396,27.763305349604877
139,duyen.my.tran,duyen.my.tran,7,7,11500.0,7687.5,41.822900565831176,311895411.23815864,53072175.224033564,399359570.2771429,2795516991.94,1509.142857142857,10816.339393335553,65.84787515898171
140,lee.meteam,lee.meteam,1,1,10300.0,15726.5,42.98406296544765,311869961.1494823,311869961.1494823,655054649.38,655054649.38,1391.0,10815.448640231882,52.39023775426023
141,clearderma.vn,clearderma.vn,1,1,21300.0,20634.780487804877,44.6164702835265,311391403.2125722,311391403.2125722,154277439.55,154277439.55,1825.0,10798.699112440028,101.8385864588146
142,minh.quang8750,minh.quang8750,1,1,6236.0,15349.79104477612,42.16071167191777,307631819.4944722,307631819.4944722,581097817.19,581097817.19,189.0,10667.113682306526,47.060234887461874
143,thecafune_daugoi,thecafune_daugoi,1,1,106900.0,2455.355140186916,43.15713488171748,306890489.3716238,306890489.3716238,189597120.36,189597120.36,514.0,3919.145791583473,61.86453084778476
144,megacreview,megacreview,3,3,5166.0,5872.5,40.08064801721857,305016602.7579686,127332882.29249956,384400529.99,1153201589.97,1442.3333333333333,10575.581096528898,30.877891834356475
145,quequenhacua,quequenhacua,1,1,95900.0,22130.85714285714,47.080397032447024,304177348.84048,304177348.84048,204330697.72,204330697.72,2464.0,4340.5452385471535,48.86522301083837
146,skincaredungcach.byson,skincaredungcach.byson,6,6,633400.0,31671.444444444445,50.57487305910152,301490926.7420159,43465546.66507899,211524416.02166665,1269146496.1299999,1406.3333333333333,566.3834819053083,65.2885525628243
147,songiagoc,songiagoc,3,3,226600.0,9794.23076923077,46.89695011569439,300810811.7243502,230056688.7622128,314786614.7833333,944359844.3499999,2942.0,1758.4957476349966,47.205906414230434
148,hoanhathuynhofficial,hoanhathuynhofficial,1,1,1000000.0,19408.75,50.47246772071411,300587064.8465554,300587064.8465554,470248085.26,470248085.26,336.0,320.8218907851775,36.0790454510068
149,blancperfume3,blancperfume3,1,1,22700.0,5072.32,42.10379395837143,297615045.03413314,297615045.03413314,205307153.29,205307153.29,2688.0,10316.52657619466,44.96087460418225
150,myphamthiennhien06,myphamthiennhien06,1,1,4587.0,1117.9324324324325,36.81019523224836,295372850.788895,295372850.788895,209256532.68,209256532.68,1013.0,10238.049777611324,41.1534669938291
151,becacanh23,becacanh23,1,1,6998.0,11260.458498023716,41.76291491054229,290088873.3038101,290088873.3038101,191210955.92,191210955.92,1485.0,10053.110565633353,51.71142882899413
152,lepthelittlekid,lepthelittlekid,7,7,859700.0,35100.0,51.34070505406599,284173142.55213946,41373306.61591262,316788516.71428573,2217519617.0,2312.285714285714,362.7688723659361,77.2698188744733
153,diemquynh254nickduynhat,diemquynh254nickduynhat,1,1,434500.0,18202.979166666668,49.06020348590862,276737614.15537554,276737614.15537554,170519233.72,170519233.72,1417.0,791.6747061392997,62.29114342009696
154,nganhuane,nganhuane,24,24,2600000.0,568760.7666666666,58.24125368636592,274019952.29084504,136021316.37126037,382502937.46333337,9180070499.12,1341.625,47.54920507968578,35.926961888371764
155,masilraonvietnamofficial,masilraonvietnamofficial,1,1,18800.0,1301.1724137931035,39.280177697148446,271271656.0080435,271271656.0080435,689187761.68,689187761.68,281.0,9394.507960281522,60.63893309034136
156,khuyenduong299,khuyenduong299,5,5,1600000.0,302393.0,56.312409447176414,270055969.8168443,84258479.0450526,236502845.76,1182514228.8,1197.6,136.29897358973872,8.676977434805734
157,maioanh119,maioanh119,1,1,56300.0,149704.04761904763,49.81238014237624,269475487.687663,269475487.687663,281513679.48,281513679.48,1380.0,6600.989036638157,4.276236882901546
158,phuongsenaofficial,phuongsenaofficial,1,1,3992.0,2941.08,38.3941117927662,268771485.6668849,268771485.6668849,944516876.43,944516876.43,157.0,9307.001998340971,71.54402505937605
159,maitrinh0912,maitrinh0912,20,20,445300.0,141440.875,52.91433524828345,267459073.1001192,176493441.047903,385008568.478,7700171369.559999,1401.1,740.8773912871477,58.198941752811606
160,shopcomyphamthiennhien,shopcomyphamthiennhien,1,1,2209.0,529.2646592709984,34.28732185547074,265009254.1073836,265009254.1073836,639985955.44,639985955.44,909.0,9175.323893758426,58.59139534942048
161,seemeevn,seemeevn,1,1,37400.0,42785.8,46.8468628088969,264813802.30986136,264813802.30986136,7095845574.26,7095845574.26,732.0,9168.483080845148,96.26804445589309
162,caothingocbich1,caothingocbich1,1,1,1100000.0,8262.613924050633,49.03094179462495,263927065.1689934,263927065.1689934,252424794.0,252424794.0,2138.0,235.90717385144612,4.556712114814448
163,shopdanang8,shopdanang8,3,3,22400.0,7618.405405405405,42.84014041012957,259729451.3919358,100233586.76509641,278661751.54,835985254.62,1655.0,8990.530798717751,22.953774291170873
164,blancforhervn,blancforhervn,1,1,22100.0,4237.633333333333,41.727676986741876,258773441.43823576,258773441.43823576,121963531.51,121963531.51,2337.0,8957.07045033825,112.17280135662395
165,cl.beautyy,cl.beautyy,7,7,318500.0,29654.25,49.486783239124385,257824206.38538197,62150030.27238098,295100536.80714285,2065703757.65,1211.7142857142858,1033.2932148808,21.338752290494387
166,solaireview,solaireview,2,2,211000.0,62146.97727272727,50.22427788046471,254653657.21672773,254653657.21672773,304688545.81,609377091.62,950.5,1589.645118973549,29.710719317380693
167,hong.ugc,hong.ugc,1,1,6563.0,170421.5625,46.72024173493657,253756487.505376,253756487.505376,337359599.7,337359599.7,930.0,8781.47706268816,24.7816016704338
168,pndy_th,pndy_th,1,1,75800.0,322744.0,51.70347484955805,242925147.3268161,242925147.3268161,398106668.61,398106668.61,1084.0,4386.74414587787,38.97988492004023
169,justvuduy16,justvuduy16,10,10,1100000.0,68943.55102040817,52.93633503401461,242591026.09225744,39648922.24075849,271173154.967,2711731549.67,1326.0,208.75221502650942,26.09862529285848
170,vn_nvtm262,vn_nvtm262,1,1,468000.0,634579.1428571428,55.785346939626166,238816496.8497197,238816496.8497197,294291059.72,294291059.72,400.0,614.4083239094178,18.850237218575714
171,threadvn,threadvn,1,1,39200.0,581361.0,51.776070394886155,238437131.87753373,238437131.87753373,1600200.03,1600200.03,1515.0,8245.29961571368,14800.457905724055
172,trioderma.vietnam,trioderma.vietnam,1,1,30200.0,4089.691056910569,42.14587126034792,237901651.197316,237901651.197316,1531437659.34,1531437659.34,1402.0,8226.55779190606,84.46546944001338
173,2018linhdan,2018linhdan,1,1,63900.0,174200.9,50.290848990732385,235520362.69887602,235520362.69887602,357820174.48,357820174.48,1576.0,5060.070544263324,34.17912697596089
174,nhilayworld1,nhilayworld1,14,14,1200000.0,24938.827751892837,51.22182240808675,231941427.4717634,168646765.68979585,217986290.7007143,3051808069.81,1298.642857142857,170.5983320503906,105.65376670805017
175,tfit_vietnam,tfit_vietnam,1,1,127000.0,6871.435294117647,45.33930906591594,229417704.05120313,229417704.05120313,5952384056.34,5952384056.34,156.0,2429.014060406964,96.1457845817787
176,kenhlamdepbeautytok,kenhlamdepbeautytok,1,1,8240.0,2796.934482758621,39.424469927505,226770658.89680296,226770658.89680296,430984147.98,430984147.98,1011.0,7836.973061388103,47.38306270435581
177,kencacuame,kencacuame,1,1,1061.0,517.4067796610169,33.10855696959597,225253639.3752986,225253639.3752986,345069483.99,345069483.99,132.0,7783.87737813545,34.72223716489913
178,hg.rv,hg.rv,3,3,29200.0,48986.0,46.714861931588075,223964854.6123067,48424079.19669537,157933211.15333334,473799633.46,2116.0,7738.769911430733,51.31767878039013
179,p_shiri,p_shiri,1,1,1500000.0,455066.6,56.97303297695965,221186841.86588246,221186841.86588246,301166426.05,301166426.05,1791.0,106.44105240815695,26.556607000688466
180,lailathangnaya,lailathangnaya,1,1,1461.0,17228.90163934426,40.12554766407665,220645550.78970984,220645550.78970984,188958417.29,188958417.29,1591.0,7622.594277639844,16.769368601917677
181,ngocbeauty01,ngocbeauty01,6,6,6882.0,6643.35132032147,40.75174041332608,220305245.76402593,135304861.61923036,274798511.49,1648791068.94,1382.5,7610.683601740908,29.584938353710964
182,yangho.lendo,yangho.lendo,1,1,15200.0,24485.47619047619,44.41160827233798,218824930.69826627,218824930.69826627,282523448.5,282523448.5,1283.0,7558.872574439319,22.546276473661877
183,trimuntrithamcafune,trimuntrithamcafune,1,1,82400.0,2184.0397350993376,42.535536787136735,218740323.94521028,218740323.94521028,781236103.59,781236103.59,366.0,3616.4618146030875,72.00074050085027
184,noiha377,noiha377,2,2,8065.0,179577.62179487178,46.677079639008184,218216091.45574707,218216091.45574707,1090144243.18,2180288486.36,1524.0,7537.563200951148,62.48132503239087
185,fangrongmayman_,fangrongmayman_,1,1,1009.0,15667.816326530612,39.375112207863,217656933.1175045,217656933.1175045,94606057.41,94606057.41,1114.0,7517.992659112658,130.06659306626793
186,binhduongkhoinghiep,binhduongkhoinghiep,2,2,5175.0,35085.830154491705,43.12152269109069,214590630.7621494,214590630.7621494,345842378.72,691684757.44,1712.5,7410.672076675228,28.183384184628643
187,chang_shu_go,chang_shu_go,12,12,1900000.0,261902.33333333337,56.31139159982972,213030088.38478497,95359571.33451353,230435137.55666664,2765221650.68,1058.0833333333333,56.969538809841545,65.8535756609168
188,gonpinkk,gonpinkk,4,4,3300000.0,376344.4583333334,57.84241765663537,212334541.18931282,80309429.96178627,173273461.4925,693093845.97,948.25,-9.918679495443055,27.647467975950658
189,co.ba.ho.la_93,co.ba.ho.la_93,1,1,456300.0,17433.72131147541,49.05577154347174,212171786.02320996,212171786.02320996,167787108.49,167787108.49,1718.0,550.9763323087748,26.45297242002072
190,hienluongxink,hienluongxink,2,2,3100000.0,195751.00793650793,56.42360631448952,210963747.74126232,210963747.74126232,217754450.07999998,435508900.15999997,1888.0,-4.726049407171862,4.7964839967103075
191,oni_2183,oni_2183,7,7,159000.0,168503.07692307694,51.642853381473344,209740514.1607142,79164285.86455995,493726320.11,3456084240.77,995.8571428571429,1746.7718227987411,55.2850723386513
192,linhhoangshop1,linhhoangshop1,1,1,20500.0,4914.522321428572,41.88687594700109,209303852.9493169,209303852.9493169,59705848.28,59705848.28,1227.0,7225.634853226092,250.55837741012144
193,hathuhue555,hathuhue555,3,3,20300.0,5757.760869565217,42.16635320404061,208639052.545737,75275672.57621078,228840488.90666667,686521466.72,968.3333333333334,7202.366839100795,23.272266802237205
194,hoaiumeow,hoaiumeow,1,1,593800.0,224920.7272727273,54.22409002723828,208474006.15223086,208474006.15223086,257407229.65,257407229.65,1395.0,391.51837085403025,19.010042400248157
195,myphamthiennhien2683,myphamthiennhien2683,1,1,3526.0,1210.0368098159508,36.54950319282834,208022754.00082123,208022754.00082123,100755695.31,100755695.31,714.0,7180.796390028742,106.46252637211961
196,ahc.vietnam,ahc.vietnam,1,1,112900.0,4931.596153846154,44.53948238711088,203515331.90260515,203515331.90260515,9958949945.79,9958949945.79,1457.0,2423.6622202271674,97.95645792969732
197,hinhycosmetics,hinhycosmetics,11,11,799600.0,62374.31578947369,52.29841154197984,200980732.77017733,60685581.33479887,651648241.379091,7168130655.170001,521.3636363636364,251.8922284620413,52.9459173007205
198,dinhtrankieu_oanh,dinhtrankieu_oanh,3,3,13800.0,16547.066666666666,43.532406713125184,197147524.9921691,49307374.90952162,189870558.54666665,569611675.64,979.6666666666666,6800.1633747259175,53.549706240354396
199,minhhaireview2,minhhaireview2,2,2,536000.0,106541.4125,52.24375194882897,194754199.10185468,194754199.10185468,1108038491.645,2216076983.29,1562.0,408.68634093768014,61.08261706571285
200,emxinh.review0,emxinh.review0,2,2,3847.0,7056.013687600644,39.73417191524446,193435368.45133516,193435368.45133516,113201440.545,226402881.09,116.5,6670.237895796731,39.74230115070455
201,pinkybaotran,pinkybaotran,2,2,2000000.0,336914.85714285716,45.66009750160573,192648868.52025977,192648868.52025977,328906817.885,657813635.77,1552.5,34.85420796418184,149.59615275347684
202,call.melingmakeup,call.melingmakeup,2,2,7177.0,20911.274733637747,42.722810055586635,192559377.03603962,192559377.03603962,232238804.59,464477609.18,1417.5,6639.578196261387,23.78677737796361
203,caothikimchi94,caothikimchi94,2,2,488400.0,5846.876237623763,46.863038814758085,191615127.53641146,191615127.53641146,212266496.90999997,424532993.81999993,1607.5,449.2653123484358,34.68130425977748
204,vickiee.bae,vickiee.bae,5,5,845300.0,105788.66666666669,53.367892406045236,191278368.51933607,88694087.59293087,256512916.342,1282564581.71,866.2,216.7984336059038,28.846180328006817
205,thuthuy.official,thuthuy.official,2,2,407200.0,35070.490909090906,50.17973283970194,190555566.7916235,190555566.7916235,367182559.58000004,734365119.1600001,893.0,555.1517522305327,42.55802594255757
206,doxinh_1103,doxinh_1103,1,1,1360.0,9538.826086956522,38.914190327837275,188914415.91526526,188914415.91526526,36994360.15,36994360.15,116.0,6512.004557034284,410.6573411441075
207,maymantienden,maymantienden,1,1,12000.0,362.0,36.20632860032012,187278298.4364511,187278298.4364511,171204513.44,171204513.44,642.0,6454.740445275787,9.388645587363149
208,samngofficial,samngofficial,1,1,2200000.0,913026.75,58.86310797880188,186338951.54155576,186338951.54155576,833356278.13,833356278.13,831.0,18.579332799171848,77.63994147140897
209,mohon_haman,mohon_haman,1,1,34100.0,63251.27777777778,47.431161146157834,185503298.8898155,185503298.8898155,93294662.3,93294662.3,114.0,6392.615461143542,98.83591870809045
210,renleel,renleel,1,1,197500.0,3770.6666666666665,44.9074138228072,182633953.22669467,182633953.22669467,238677753.75,238677753.75,204.0,1194.6204279360634,23.4809485353242
211,cafuneflux_vietnam,cafuneflux_vietnam,1,1,61600.0,787.1351351351351,40.18634001541867,182534628.51194096,182534628.51194096,319093846.79,319093846.79,306.0,4048.514284362294,42.79594221317923
212,linhnhirv.68,linhnhirv.68,2,2,61400.0,26006.77247536946,46.41340463654591,182267397.69082457,182267397.69082457,265058586.825,530117173.65,1720.0,4055.9341493021884,44.15165392356573
213,vietquan92qn,vietquan92qn,1,1,385500.0,84954.25,51.741858467691394,181869773.4787801,181869773.4787801,130867638.48,130867638.48,1825.0,560.4868556946617,38.972304834991384
214,vienvibi_899,vienvibi_899,9,9,11300000.0,364660.6666666667,59.503338429747835,180726200.5242463,106656833.5435989,372886803.6622222,3355981232.96,985.1111111111111,-36.745829816513805,53.56759002984528
215,khaihoatzq,khaihoatzq,1,1,25600.0,1802.109375,40.364821537169135,180364310.21644774,180364310.21644774,741934400.63,741934400.63,958.0,6212.750857575671,75.68999226032724
216,baongoc.baongoc,baongoc.baongoc,2,2,1200000.0,24001.37909090909,51.08529194526693,179199718.8386829,179199718.8386829,123841578.975,247683157.95,1037.5,109.06633864513,31.326308414570633
217,hanhchamda,hanhchamda,3,3,9551.0,2126.521739130435,39.143606209609224,179041427.2547146,88578692.64554445,192769719.28333333,578309157.85,763.3333333333334,6166.449953915012,43.28374419422531
218,giakun99,giakun99,1,1,1900000.0,285109.0,56.469411988386675,178493656.61040512,178493656.61040512,181417566.76,181417566.76,1446.0,31.521641712930077,1.6117017782864203
219,bbskincare1,bbskincare1,16,16,1200000.0,238487.3831168831,55.42431315176801,178058016.76574692,78158015.89286467,209694222.001875,3355107552.03,662.8125,107.7343528933714,39.47139739387063
220,kemtaylong.cafune,kemtaylong.cafune,1,1,44400.0,462.5245901639344,38.690523941785834,177780453.38426176,177780453.38426176,126498632.52,126498632.52,298.0,5505.689971575821,40.53942706151695
221,xoai.phm,xoai.phm,10,10,843800.0,42872.25,51.684007262908246,177502892.54489318,44724940.15058716,97417254.086,974172540.86,816.4,194.5058658009605,55.08610613226629
222,huongmanycolors,huongmanycolors,1,1,222100.0,49905.60526315789,49.89645267042603,177366638.76794273,177366638.76794273,384493107.65,384493107.65,354.0,1018.0247378438534,53.87000826828925
223,pu_unbox95,pu_unbox95,3,3,2267.0,13608.25,40.36753819923351,177295466.69555143,145420556.0892218,239091793.19000003,717275379.57,1346.6666666666667,6105.3413343443,26.512137170511995
224,tam46066,tam46066,1,1,1100000.0,71239.07142857143,53.040460316103974,177062839.06818405,177062839.06818405,208944740.99,208944740.99,198.0,125.35270426859786,15.25853284019329
225,maay_review,maay_review,1,1,24300.0,99892.63636363635,47.75620048206225,176765577.67506889,176765577.67506889,146533520.92,146533520.92,217.0,6086.795218627411,20.631495486670314
226,trangkem1994,trangkem1994,2,2,547100.0,27765.049145299145,49.60373702358594,174682572.09879205,174682572.09879205,365552910.36,731105820.72,1656.0,347.00347457194084,36.648763057431424
227,khongcosonchannel,khongcosonchannel,5,5,353100.0,21984.66896551724,49.0897613176042,173756162.76514035,35661885.70855463,128375776.65,641878883.25,774.6,588.922763724714,37.92971921640836
228,changiusale,changiusale,4,4,6559.0,26847.992125984252,42.91394217187714,173541184.51567736,27212868.428365454,373264100.1975,1493056400.79,829.5,5973.941458048708,60.10847961525229
229,datdaydu84,datdaydu84,1,1,309000.0,54353.983606557376,50.56754901847508,173204372.7429267,173204372.7429267,478722858.15,478722858.15,773.0,684.7447308741014,63.81948975399542
230,anhnhi.quan,anhnhi.quan,1,1,2107.0,12704.042857142857,40.12610208311534,171556137.76725158,171556137.76725158,124930937.54,124930937.54,105.0,5904.464821853804,37.32077990075378
231,pondsvietnam,pondsvietnam,1,1,82000.0,2891.72,43.05019084629947,171309456.15776587,171309456.15776587,767404244.35,767404244.35,1004.0,2824.7955929374657,77.6767645710812
232,hangchanday,hangchanday,4,4,19200.0,9867.047154471544,43.077271372070044,171276031.90379512,161939828.81723705,383821721.9925,1535286887.97,1540.5,5894.661116632829,61.30020351452917
233,hana.lamdep,hana.lamdep,6,6,12800.0,5319.589259259259,41.27649769128227,165690719.50912938,33341590.611821003,355528265.84833336,2133169595.0900002,496.0,5699.175182819527,51.22757146689875
234,hths_nl,hths_nl,1,1,13600.0,493167.1666666667,49.82796957894294,165486260.01144066,165486260.01144066,835605213.06,835605213.06,738.0,5692.019100400423,80.19564054591913
235,mlinh.owii,mlinh.owii,1,1,40700.0,441343.1666666667,51.32144480260128,164874378.86623707,164874378.86623707,350923579.13,350923579.13,966.0,5571.354555595378,53.01701319843225
236,shopdiemhatien,shopdiemhatien,1,1,18900.0,11335.050847457627,43.31609119416386,164803554.23722434,164803554.23722434,505782574.86,505782574.86,875.0,5668.124398302852,67.41612652771958
237,trangskincare83,trangskincare83,1,1,4130.0,8093.491379310345,40.330533171290625,163219509.04822564,163219509.04822564,257165498.91,257165498.91,957.0,5612.682816687897,36.5313349807676
238,duyenmyhi,duyenmyhi,1,1,6454.0,3025.186046511628,39.19156290374594,163114665.16933972,163114665.16933972,303864240.49,303864240.49,100.0,5609.01328092689,46.319887820196556
239,zzdipz,zzdipz,3,3,369100.0,23692.41176470588,49.29773194226938,160039198.54866692,74708542.1709337,172381182.99666667,517143548.99,1233.0,507.03028438941664,65.61871404263523
240,nguyenchinguyen1997,nguyenchinguyen1997,4,4,7700000.0,543797.5,59.8417248899382,158008109.65944192,127022348.95127329,202310332.13750002,809241328.5500001,770.75,-44.697161619195334,65.55541055579269
241,embenanh_,embenanh_,1,1,1461.0,9621.122807017544,39.04121094497282,157086047.10294765,157086047.10294765,196254156.09,196254156.09,921.0,5398.0116486031675,19.9578494373848
242,chunhungne,chunhungne,15,15,141600.0,10097.67741935484,46.224465446668354,156689142.2284616,117432607.77796973,208577467.242,3128662008.63,827.8,1449.1864344621906,33.47164686706503
243,duyen.skincaremoingay,duyen.skincaremoingay,12,12,24500.0,29615.63888888889,45.506047644868744,155722671.01178822,89989492.20092914,200971639.8083333,2411659677.7,851.0833333333334,5350.293485412587,32.74223583088765
244,nguyenlenamofficial,nguyenlenamofficial,2,2,644600.0,183701.3333333333,53.96304663451551,155641225.00924075,155641225.00924075,254228221.405,508456442.81,635.5,238.03554919785452,167.34037503782875
245,trangtrangkhau,trangtrangkhau,15,15,25900.0,13388.8,44.114685887801066,155525452.093032,79156653.48398654,186463683.40533334,2796955251.08,799.9333333333333,5343.390823256121,35.05936480172481
246,huyentrangtaphoa,huyentrangtaphoa,1,1,10800.0,98695.68421052632,46.47604873390728,154552762.27427873,154552762.27427873,116419770.93,116419770.93,906.0,5309.346679599755,32.75473834011152
247,tiemnhamy12,tiemnhamy12,3,3,9355.0,76781.11764705883,45.78596043469981,153547698.2865854,101182056.72295585,431312198.8899999,1293936596.6699998,237.33333333333334,5274.169440030489,70.49102378419278
248,littlemuse0_0,littlemuse0_0,1,1,1557.0,162882.07142857142,44.405304290996824,152431235.9354296,152431235.9354296,70678376.77,70678376.77,187.0,5235.093257740035,115.66884088392118
249,miu.review25,miu.review25,2,2,2810.0,118632.3638888889,43.135216276614166,152376811.6469996,152376811.6469996,127228900.435,254457800.87,736.5,5233.188407644985,23.839293125105222
250,tinathaothi,tinathaothi,1,1,4900000.0,93511.5,55.86395127897382,152318596.29291582,152318596.29291582,190618873.74,190618873.74,780.0,-46.688491297479466,20.092594555628807
251,thanhlam1812,thanhlam1812,2,2,19700.0,26019.6875,36.11056837112402,150781568.6423247,150781568.6423247,228738624.535,457477249.07,1009.0,5177.354902481363,32.0552901175647
252,ruoiloveriu,ruoiloveriu,1,1,100600.0,2582957.0,56.01360606761572,150272487.98998722,150272487.98998722,106882591.62,106882591.62,881.0,1991.2672284888877,40.59584981270986
253,tuilaconmeow_,tuilaconmeow_,1,1,321400.0,1925475.0,57.26842693248365,150197940.89375842,150197940.89375842,205218950.18,205218950.18,92.0,554.253631771194,26.81088137230115
254,trankimdung249,trankimdung249,7,7,1200000.0,18112.966666666667,50.626658865252786,150161490.82973748,44515866.83183719,130428693.32000001,913000853.24,679.7142857142857,75.18840596802706,14.428391644006588
255,hathichreview86,hathichreview86,1,1,3446.0,32712.263157894737,42.64920191166178,149480265.23753217,149480265.23753217,155897032.56,155897032.56,765.0,5131.809283313625,4.1160291617470115
256,po.trann77,po.trann77,2,2,4700000.0,719550.25,59.00110693303152,149466483.63543072,149466483.63543072,325127997.91499996,650255995.8299999,356.5,-47.68673072759924,57.67910137119701
257,phoenixshop42,phoenixshop42,6,6,5212.0,5899.994773519164,40.10293529360619,147649104.9765726,150368581.03205028,106999546.93666667,641997281.62,1137.1666666666667,5067.718674180041,64.21633832617474
258,hobichtram_house,hobichtram_house,2,2,1400000.0,123682.17857142858,54.38787572028856,147173967.20885924,147173967.20885924,125089784.105,250179568.21,585.0,47.17396720885921,31.454306027655633
259,thaosiunhandayy,thaosiunhandayy,5,5,58100.0,45087.15789473684,47.62759000172973,146154385.14045483,92908466.77914695,150602160.93199998,753010804.66,969.6,3421.792413023007,35.387027206655794
260,ngtbngoc_,ngtbngoc_,11,11,248700.0,123529.83333333331,51.758837757855034,146101453.14074552,94453986.63276727,102251401.35272728,1124765414.88,1025.2727272727273,722.4448508123993,44.32141479468231
261,c.tienphan99,c.tienphan99,2,2,9940.0,628500.3714285714,49.70832191627295,145455762.32954687,145455762.32954687,525271770.55999994,1050543541.1199999,72.5,4990.951681534141,71.76518288181104
262,bshuyenle,bshuyenle,1,1,5442.0,2101196.5,51.10523279009039,144390813.0088842,144390813.0088842,183582963.77,183582963.77,251.0,4953.678455310947,21.34846826539814
263,ngochaysansale,ngochaysansale,1,1,3785.0,35403.73333333333,42.94186004788488,143963165.9955471,143963165.9955471,267944445.03,267944445.03,208.0,4938.710809844148,46.27126306745099
264,thuylinhh24.08,thuylinhh24.08,1,1,375000.0,189422.6,53.191499721413216,143547397.7926225,143547397.7926225,207315634.68,207315634.68,1163.0,435.9102850924573,30.759010040803886
265,trucmainguyen79,trucmainguyen79,1,1,1300000.0,33610.75,51.90142725357152,142968489.4008686,142968489.4008686,289927901.04,289927901.04,1158.0,53.9660655086277,50.68826115457446
266,thuoi71,thuoi71,2,2,521800.0,142304.8,52.3326879119479,142509424.80325368,142509424.80325368,232854354.905,465708709.81,1108.5,282.3556817258626,43.40841773562407
267,chiecreview,chiecreview,1,1,28800.0,53912.6875,46.871832197666045,142058865.31213298,142058865.31213298,131258628.92,131258628.92,896.0,4872.060285924655,8.228210580133021
268,thaygiaoba.official,thaygiaoba.official,1,1,79600.0,6537.592592592592,44.52202237599341,141920341.98311862,141920341.98311862,211450241.96,211450241.96,684.0,2396.0864167885184,32.88239319680436
269,duocsitrimuntritham,duocsitrimuntritham,1,1,135800.0,1326.3314606741574,42.382660162313236,140831679.46951637,140831679.46951637,396885664.47,396885664.47,236.0,1351.8729842218181,64.51580591665295
270,masterchefminhnhatmevabe,masterchefminhnhatmevabe,1,1,26800.0,3601.75,41.72420915599469,139896652.34679186,139896652.34679186,37363463.4,37363463.4,511.0,4796.382832137715,274.4209974570823
271,banhangcotam95,banhangcotam95,1,1,3968.0,1324.2162162162165,36.9003278923833,139727876.42617998,139727876.42617998,88690925.42,88690925.42,819.0,4790.475674916299,57.54472711215056
272,thaomuare,thaomuare,4,4,13700.0,6550.548467432951,41.77840385025753,138848871.16838455,141010536.11556414,109989963.0475,439959852.19,837.5,4759.710490893459,47.45375320442992
273,m.phm.tt27,m.phm.tt27,1,1,2687.0,2887.9555555555557,37.746374702577256,138713782.84670812,138713782.84670812,78903182.67,78903182.67,476.0,4754.982399634784,75.80251917955759
274,thphuongvo,thphuongvo,1,1,2600000.0,282394.0,56.9381018030223,138319459.41639334,138319459.41639334,66741877.31,66741877.31,1120.0,-25.52029108348051,107.24538324556356
275,linhlan633,linhlan633,1,1,3859.0,7895.928571428572,40.17929918506485,138263922.92730153,138263922.92730153,101773912.08,101773912.08,474.0,4739.237302455554,35.85399254242908
276,thuydobeauty,thuydobeauty,5,5,90100.0,63404.62962962963,48.942677123935894,137937843.8341051,114807755.46498764,993661643.8219999,4968308219.11,730.0,2043.3183281658949,69.44072701931114
277,kitreview16,kitreview16,2,2,60100.0,219004.625,50.339710068769705,137020712.19788298,137020712.19788298,218864294.04,437728588.08,564.0,3091.830234226891,33.3022498636736
278,huynhthuykieu27,huynhthuykieu27,1,1,48600.0,20920.189873417723,45.92148381389104,136454335.08217245,136454335.08217245,270546911.66,270546911.66,272.0,3830.7833151243094,49.56352144442274
279,scentbyngoc,scentbyngoc,1,1,3495.0,8888.022727272728,40.24593878271537,135531831.53709257,135531831.53709257,215683672.83,215683672.83,1224.0,4643.61410379824,37.16175649330788
280,thuylinhne201,thuylinhne201,3,3,31300.0,223775.53333333333,49.650008076598894,134502080.75376818,146613940.73797163,201563339.51999998,604690018.56,963.6666666666666,4607.572826381886,43.006626845124515
281,anhbatereview,anhbatereview,1,1,13000.0,818.7884615384615,37.84673406918971,133489954.7422133,133489954.7422133,42889783.41,42889783.41,1206.0,4572.148415977465,211.23951703400152
282,retolab_official,retolab_official,1,1,14500.0,3987.4125,40.96080231794691,133428236.11328743,133428236.11328743,1066117339.27,1066117339.27,192.0,4569.98826396506,87.48465753266433
283,thichmuasam333,thichmuasam333,1,1,1554.0,697.4954751131222,34.25497619838308,132806551.42115445,132806551.42115445,79763176.05,79763176.05,456.0,4548.229299740406,66.50108232639072
284,zendamukbang,zendamukbang,1,1,41100.0,206726.11111111112,49.92498539212021,132474660.46611965,132474660.46611965,178082145.71,178082145.71,955.0,4412.518847994344,25.61036372402566
285,quynhalee,quynhalee,3,3,5100000.0,121091.0,56.40705496830996,132454383.04526587,107002098.45777981,161233746.45000002,483701239.35,1067.0,-53.640965934156945,16.325065637607025
286,bibiidayne,bibiidayne,15,15,76500.0,20956.558139534885,46.628366185439376,131563925.83201058,55786959.81097196,90187655.68866666,1352814835.33,527.4666666666667,2307.7058322198013,40.245263637514306
287,vung_bap,vung_bap,1,1,3245.0,9589.137931034482,40.2721605532915,131553972.02016228,131553972.02016228,104862504.39,104862504.39,451.0,4504.38902070568,25.453776624380964
288,yminicicii,yminicicii,1,1,5228.0,625320.0,48.78717449553397,130536438.25458077,130536438.25458077,18516523.26,18516523.26,687.0,4468.775338910326,604.9727231276179
289,myhuej,myhuej,8,8,6495.0,6260.7692554557125,40.54823423723592,129971430.26730374,84174216.27464661,172830437.43,1382643499.44,578.75,4449.000059355631,25.895426139627304
290,hanivani_hv,hanivani_hv,2,2,573100.0,64972.36666666666,51.375060696087644,129894833.74335203,129894833.74335203,57902971.795,115805943.59,1296.0,217.31419864018991,71.20966144763536
291,mooekiss,mooekiss,1,1,104700.0,2883.9594594594596,43.424232489309446,129578274.2172666,129578274.2172666,1405080327.34,1405080327.34,739.0,1632.6607822748158,90.77787428263441
292,.bepdiiday._,.bepdiiday._,1,1,1700000.0,1306486.5,59.13015025005465,129202452.7919421,129202452.7919421,254919001.71,254919001.71,474.0,6.402019946305261,49.316272256971686
293,cogibanday_quyen,cogibanday_quyen,2,2,6891.0,7909.642857142857,41.08166073025237,129078354.81844121,129078354.81844121,553940135.665,1107880271.33,985.5,4417.742418645442,52.91664389116546
294,solai.05,solai.05,1,1,573500.0,77888.75,52.19634694968383,128359019.27022915,128359019.27022915,107915797.31,107915797.31,1040.0,213.34372620456983,18.943678747518067
295,nhanchinh315,nhanchinh315,1,1,3109.0,2906.9590163934427,37.98476052138162,127704211.51767792,127704211.51767792,258742200.38,258742200.38,438.0,4369.647403118726,50.644227601788195
296,linhkit1210,linhkit1210,4,4,1100000.0,10896.097222222223,49.545704522766826,127611102.9955205,66462542.82898939,81893566.8525,327574267.41,913.5,62.41413108520791,71.31833112677089
297,tuanhshin,tuanhshin,1,1,3939.0,95791.0,44.856278278788345,127555647.75058606,127555647.75058606,154276388.43,154276388.43,78.0,4364.447671270512,17.32004550491404
298,pisnus,pisnus,3,3,36300.0,3906.857142857142,42.34611291235552,127399161.04770504,121105802.09904563,118809311.79666667,356427935.39,639.3333333333334,4358.970636669676,5.042747854047615
299,lyngg_247,lyngg_247,2,2,18400.0,193686.28333333333,46.328689852549516,127383418.53567412,127383418.53567412,272886745.39000005,545773490.7800001,892.5,4358.419648748594,54.99088066233565
300,beduyzuize,beduyzuize,9,9,1300000.0,31867.5,51.80230081594595,127344263.20698391,65152244.279118545,138725062.94111112,1248525566.47,574.3333333333334,37.13997576136728,70.09013766478104
301,emxinh210444,emxinh210444,1,1,1962.0,46225.125,42.419471065390326,126572762.52090803,126572762.52090803,236673733.63,236673733.63,78.0,4330.0466882317805,46.52014797772892
302,embehellokittyyy,embehellokittyyy,10,10,7787.0,16370.170000000002,42.51367461628903,125637998.11267829,57504314.52916746,259223930.12600002,2592239301.26,449.7,4297.329933943741,25.63238725355901
303,conkien01,conkien01,2,2,214800.0,167028.26363636364,48.01545300395648,124435106.70138264,124435106.70138264,181125883.08,362251766.16,910.5,711.0295595062182,120.01319698367635
304,maria_na_1016,maria_na_1016,3,3,1300000.0,49438.625,52.619644577589696,124178578.03831033,134453175.69064185,263819913.01666665,791459739.05,963.3333333333334,33.73077634894957,33.92209104095171
305,daugoidauthecafune,daugoidauthecafune,1,1,21500.0,8466.318181818182,42.972929734075464,123214389.30098729,123214389.30098729,40511129.66,40511129.66,206.0,4212.503625534555,204.14947777338108
306,minhbao_official,minhbao_official,7,7,46000.0,66564.11111111111,47.9904638147058,123199408.43390541,107648277.10115951,134695175.05,942866225.35,430.7142857142857,3649.5472132058167,19.452568099053696
307,hothisay96,hothisay96,2,2,75900.0,126680.4,49.410931896568314,122855661.90876675,122855661.90876675,91936411.41999999,183872822.83999997,444.0,2166.112340873168,28.171720910948025
308,chiin.hii,chiin.hii,1,1,3428.0,2835.620879120879,38.089984494316944,122729442.07405767,122729442.07405767,81387158.97,81387158.97,628.0,4195.530472592018,50.7970589307544
309,mitna1202,mitna1202,2,2,18600.0,332534.1666666666,49.57973689618001,122491533.8691533,122491533.8691533,163634666.855,327269333.71,821.5,4187.203685420365,35.81853283657392
310,nhatminhneee01,nhatminhneee01,1,1,82900.0,465.8208092485549,39.67216655051576,122039147.6855381,122039147.6855381,196112284.44,196112284.44,204.0,1960.9747498160837,37.77077859552667
311,meikingbeautyvn,meikingbeautyvn,1,1,10200.0,14962.357142857143,42.876229315537834,121625033.38388424,121625033.38388424,4036446643.86,4036446643.86,748.0,4156.876168435949,96.98682915655795
312,baoan_mypham,baoan_mypham,1,1,165500.0,11201.412698412698,46.659432528910685,121422973.696053,121422973.696053,149836556.39,149836556.39,983.0,927.1429799061884,18.963051059443124
313,nhapesu,nhapesu,1,1,175400.0,18708.9,47.704230096206096,121418725.77836254,121418725.77836254,254274992.73,254274992.73,712.0,869.1346413324261,52.249049552706076
314,linhleee_96,linhleee_96,4,4,592200.0,144437.46428571426,53.223112012612305,121397721.2790976,70843187.25071982,91709020.55000001,366836082.20000005,1006.75,186.99224888675556,36.801516818254484
315,realpewpew,realpewpew,4,4,1200000.0,76086.48511904762,53.2977392759381,120778212.10380171,63024959.013854265,45493417.29,181973669.16,408.0,40.90791412110199,68.0764360512385
316,hizngriviu,hizngriviu,1,1,3606.0,22416.05172413793,42.016096239980136,120758427.39413548,120758427.39413548,82958131.4,82958131.4,202.0,4126.544958794741,45.56551040412594
317,gaidaorangthua,gaidaorangthua,2,2,221200.0,574098.0,53.641664882068895,119890062.40901501,119890062.40901501,126777414.49000001,253554828.98000002,1086.5,658.7978633481962,5.253213248589922
318,taylongolive_offical,taylongolive_offical,1,1,54900.0,809.1059602649007,40.05891808421491,119824790.71564585,119824790.71564585,342604060.44,342604060.44,201.0,2955.6412932951584,65.02528587613436
319,emnu.tietkiem,emnu.tietkiem,2,2,42200.0,10923.712225143405,44.448844150711444,119527741.86633353,119527741.86633353,219268747.73,438537495.46,450.5,3865.375322579785,74.1481410197061
320,maitrangreal,maitrangreal,2,2,410100.0,338272.9166666666,54.23857824103948,119464778.83737452,119464778.83737452,126895577.50999999,253791155.01999998,1030.5,307.82904260503375,20.537020087190065
321,minmetbay,minmetbay,3,3,56700.0,24439.454545454544,46.44995877596481,119357554.58810532,110199209.9578263,99431679.30666667,298295037.92,1009.6666666666666,2847.1001132865513,29.12968405889391
322,cai_trang.riviu,cai_trang.riviu,2,2,932.0,6890.0723809523815,37.52566317415134,118366161.27716851,118366161.27716851,107914851.91999999,215829703.83999997,631.5,4042.815644700898,18.81701783443157
323,kemnamthecafune,kemnamthecafune,1,1,89100.0,1339.5567010309278,41.74746934428733,118151652.17172588,118151652.17172588,60485691.19,60485691.19,198.0,1756.4793831696547,95.33818634986469
324,gemini3tya,gemini3tya,2,2,14800.0,112165.75,46.68898737821061,117631644.33462913,117631644.33462913,133990381.16499999,267980762.32999998,908.5,4017.107551712019,20.550791719695034
325,ngocmet67,ngocmet67,7,7,95300.0,5546.536231884058,44.49530086600082,116533815.43458274,100177673.97875634,138149070.57999998,967043494.06,608.7142857142857,1611.934329574143,45.34031134442002
326,_leelyn03,_leelyn03,1,1,8622.0,50921.15384615384,44.895046824611775,116504893.63535243,116504893.63535243,99549527.21,99549527.21,621.0,3977.6712772373353,17.03209136250848
327,realxoaipham,realxoaipham,3,3,221800.0,399199.3333333333,53.764497021268866,116391106.60041697,108781698.14697069,261521922.82000002,784565768.46,493.6666666666667,634.6598252506031,53.450110569146844
328,tungbi3456,tungbi3456,1,1,153800.0,87042.75,50.3618245301866,116347272.84190719,116347272.84190719,81126450.05,81126450.05,195.0,959.0779062332255,43.41472204219441
329,giamcanmetun_1994,giamcanmetun_1994,2,2,289600.0,12052.548224374495,47.61177730471111,115123800.10449941,115123800.10449941,172588535.02499998,345177070.04999995,1032.5,456.5377076874971,30.90373688251641
330,doha_20.07,doha_20.07,2,2,1300000.0,1415042.5,58.71741150411045,114965672.6973623,114965672.6973623,645607666.605,1291215333.21,238.0,23.809185981774792,80.53790392294822
331,vnhtea.25,vnhtea.25,1,1,1664.0,780897.75,47.42569469223897,114580787.1758775,114580787.1758775,44143633.73,44143633.73,603.0,3910.327551155712,159.56355989336788
332,.quangvinh0.5_,.quangvinh0.5_,3,3,10200.0,13604.533333333333,42.69917158357392,113972625.43321657,80374668.35773163,116225277.89333333,348675833.68,675.6666666666666,3889.0418901625794,2.5492687273347836
333,jenuney,jenuney,1,1,9103.0,3874.6969696969695,40.18542371609746,113914026.01967917,113914026.01967917,62401868.69,62401868.69,583.0,3886.9909106887703,82.5490620891199
334,thybui.__,thybui.__,2,2,8100000.0,1435261.0,60.55016185204191,113300155.94031961,113300155.94031961,367904265.805,735808531.61,606.5,-60.34494542088814,69.39028038587846
335,kientran5292,kientran5292,1,1,69000.0,9488.933333333332,44.99370637742325,112952299.29406355,112952299.29406355,38149431.5,38149431.5,1020.0,2191.785782778101,196.07859109004954
336,unboxtai.nha,unboxtai.nha,1,1,1360.0,49666.230769230766,41.985030975007234,112598351.79578042,112598351.79578042,523599684.59,523599684.59,502.0,3840.9423128523144,78.495336206333
337,dindng910,dindng910,5,5,51900.0,26341.041666666668,46.452220175055075,112551801.43020682,96216527.53091224,117541855.424,587709277.12,688.4,2936.079422009432,61.97982017173215
338,huonggiangofficial,huonggiangofficial,4,4,4300000.0,0.0,34.35762565031982,112459176.67199492,7916436.115202979,254460734.89999998,1017842939.5999999,502.0,-60.63928816480178,81.12637881787178
339,tiktok.029vn,tiktok.029vn,2,2,5486.0,10920.341463414634,41.32446001253366,112223465.00138985,112223465.00138985,66085292.95,132170585.9,93.0,3827.821275048644,56.61978024908381
340,thoxinh.21,thoxinh.21,1,1,4192.0,6974.710144927536,40.076777106237635,112123757.84318507,112123757.84318507,73932285.76,73932285.76,574.0,3824.3315245114773,51.65736686021414
341,skincarecoban,skincarecoban,8,8,342100.0,6304.317073170731,46.715961659001835,112032834.23467423,106412422.84395827,147986565.8225,1183892526.58,531.375,358.4798828662494,47.010510867629066
342,kimloandonam,kimloandonam,1,1,27800.0,31262.91176470588,45.80278215350407,111742510.74144483,111742510.74144483,461276182.56,461276182.56,206.0,3810.987875950569,75.77535650739782
343,phun.nghii8,phun.nghii8,2,2,4124.0,18393.48157894737,41.670388350243314,111599739.71977401,111599739.71977401,129540555.155,259081110.31,608.5,3805.99089019209,51.912384890856714
344,tidoreview,tidoreview,1,1,150600.0,1243579.0,55.278938997839866,111435651.99729136,111435651.99729136,275198117.31,275198117.31,187.0,935.9223957251519,59.50711687763351
345,_imhanatran,_imhanatran,3,3,33500.0,339427.0,50.53079130879959,111345737.91660249,111841697.13833222,130712910.52666666,392138731.58,521.3333333333334,3797.1008270810867,23.227167730644346
346,mebanhmi24,mebanhmi24,1,1,4211.0,5979.686274509804,39.797343586919084,110955590.95793717,110955590.95793717,96736099.46,96736099.46,381.0,3783.4456835278006,14.699260748896412
347,huongnoi,huongnoi,3,3,1300000.0,44548.75,52.425802164286814,110784802.69195652,36223451.027624294,200487586.84,601462760.52,1186.0,19.306710591337787,49.40246967367106
348,livethecafune,livethecafune,1,1,165400.0,518.7052631578947,40.943261725140026,110651130.0784044,110651130.0784044,86209533.49,86209533.49,185.0,836.5875581001582,28.35138481666827
349,makeuptips1606,makeuptips1606,3,3,15000.0,59144.0,46.0324587844313,110253083.41070272,86019717.9938515,119754767.79,359264303.37,748.6666666666666,3758.857919374595,31.53743739215422
350,hakihastore,hakihastore,3,3,63100.0,6154.815384615385,44.04944840903083,110089772.0937665,125249485.42133541,97687447.93666667,293062343.81,680.3333333333334,2342.562296850603,20.66458212325856
351,chidep.review0,chidep.review0,1,1,16200.0,1444.047619047619,39.24309653408621,109996368.65321554,109996368.65321554,31028191.34,31028191.34,563.0,3749.8729028625435,254.50460984947486
352,bbii2108,bbii2108,1,1,321200.0,635079.0,55.202991433346185,109823951.54586802,109823951.54586802,287500540.37,287500540.37,158.0,378.6847203120026,61.80043647760465
353,bacsinhivo,bacsinhivo,2,2,16700.0,457273.875,49.96052371884248,109480541.99996752,109480541.99996752,116539740.89,233079481.78,460.0,3731.8189699988625,43.63064069759892
354,olaymientayofficial,olaymientayofficial,1,1,6278.0,1679.142857142857,38.05347340749889,109345591.94353029,109345591.94353029,387188333.75,387188333.75,309.0,3727.0957180235605,71.75906854307944
355,hienday99,hienday99,1,1,324900.0,244730.5,53.44587673886918,109345137.82356334,109345137.82356334,192111695.37,192111695.37,1097.0,371.17018452751205,43.082518941406114
356,imtuann22,imtuann22,1,1,2027.0,328746.4,46.121319099459654,109089698.45126747,109089698.45126747,83167360.26,83167360.26,574.0,3718.139445794361,31.16888417550871
357,byphank,byphank,1,1,43200.0,138963.0,49.26301131170345,108875594.4468941,108875594.4468941,231364003.67,231364003.67,638.0,3428.3757459641597,52.94186099831417
358,livecafune_melasma,livecafune_melasma,1,1,58500.0,756.774834437086,40.03313614112214,108849918.80246146,108849918.80246146,330008139.07,330008139.07,182.0,2504.9553217683083,67.01598963310033
359,methoc_1985,methoc_1985,1,1,161700.0,11753.76923076923,46.71298656692098,108750681.9292014,108750681.9292014,70099755.78,70099755.78,881.0,841.5643457073711,55.137033958438984
360,myphamhssv,myphamhssv,5,5,11800.0,3597.953488372093,40.44998895040311,108735619.83357136,55665330.56499078,194667058.576,973335292.88,583.4,3705.7466941749976,31.630678279866835
361,vaselinelotioninmotion,vaselinelotioninmotion,1,1,41400.0,2037.7857142857144,41.33901193852905,108582231.30235587,108582231.30235587,259265287.46,259265287.46,636.0,3571.8628942825653,58.11925600757172
362,hvan245,hvan245,2,2,115600.0,1407.365671641791,36.14065336600035,107783141.72362664,107783141.72362664,161534241.665,323068483.33,424.0,1205.3321662030908,50.42146896125621
363,nhunggriviu066,nhunggriviu066,1,1,7714.0,760999.6666666666,49.75594490655947,107528560.74212182,107528560.74212182,251290960.29,251290960.29,1079.0,3663.4996259742634,57.20953884770488
364,ngquynh_tran,ngquynh_tran,1,1,25200.0,3634720.0,54.502320218106156,107444020.23135883,107444020.23135883,198131903.95,198131903.95,186.0,3660.5407080975583,45.77146936493726
365,thaosyn.1810,thaosyn.1810,1,1,19600.0,1285.0995260663508,39.32169406924896,107065730.27567449,107065730.27567449,89340042.59,89340042.59,1235.0,3647.300559648607,19.840697599643363
366,amon_912,amon_912,1,1,502200.0,266366.6666666667,54.27900704186809,106759878.48720393,106759878.48720393,74822774.08,74822774.08,1071.0,197.61813994839798,42.68366790712276
367,thuong.19930,thuong.19930,2,2,120500.0,92450.70238095238,48.543932058314,106672443.13679004,106672443.13679004,97475906.765,194951813.53,180.5,1139.34788706644,31.108562973364354
368,ngthhavy_07,ngthhavy_07,1,1,6748.0,36637.05882352941,43.90223208493624,106360914.55280598,106360914.55280598,51980487.86,51980487.86,65.0,3622.6320093482095,104.6169994388467
369,vienvova88,vienvova88,2,2,113900.0,2707.1666666666665,36.72631883896923,106023247.5031824,106023247.5031824,81453989.665,162907979.33,669.0,1203.1830246220838,21.97257541368151
370,lenhicosmetics,lenhicosmetics,3,3,229600.0,17250.39285714286,47.97081919789614,105822742.14463188,108025756.83836444,98446331.27999999,295338993.84,671.3333333333334,545.2606228331211,42.26247566121172
371,xuannhilamgido,xuannhilamgido,7,7,755300.0,162389.33333333334,53.99092449652143,105428036.90038118,45341725.16943078,140882952.65142858,986180668.5600001,399.85714285714283,95.41804800812078,27.157304461225646
372,hientai010820,hientai010820,2,2,181500.0,191726.5194805195,51.480109785546965,104817622.74658994,104817622.74658994,256291412.365,512582824.73,850.5,708.5105886789306,59.912431428158236
373,3ce.kol,3ce.kol,1,1,7417.0,14842.57142857143,42.36714117358504,104349584.32198471,104349584.32198471,25021666.51,25021666.51,1204.0,3552.235451269464,317.03690791451083
374,ngockemm,ngockemm,6,6,3300000.0,146491.5,55.763931975865866,104040538.54719073,77647742.8704889,109249088.93333334,655494533.6,491.6666666666667,-55.86158970725242,14.325568254097517
375,banhbeocogu.dake,banhbeocogu.dake,2,2,23900.0,885.2605351170569,38.83579688925193,103729664.98519197,103729664.98519197,53140616.66,106281233.32,826.5,3530.538274481719,94.49990409943521
376,dinr_hg2,dinr_hg2,9,9,7510.0,11886.907692307692,41.97318172608996,103466250.05293271,70456429.76064669,126682173.53555554,1140139561.82,406.3333333333333,3521.3187518526447,15.304179448356988
377,reviewcungbucha,reviewcungbucha,1,1,11400.0,1375.4212765957448,38.607540059085906,103250294.60510011,103250294.60510011,65885465.55,65885465.55,63.0,3513.760311178504,56.711793326775876
378,dahohah,dahohah,1,1,67800.0,978190.0,53.59432530959884,103193583.53172134,103193583.53172134,164089260.49,164089260.49,744.0,2030.8409578821515,37.111311719263796
379,meikingofficial,meikingofficial,1,1,11800.0,31210.222222222223,44.470565533275334,103095961.29011694,103095961.29011694,722547971.51,722547971.51,634.0,3508.3586451540923,85.73161016912631
380,ydongtam,ydongtam,1,1,19000.0,135836.85714285713,47.94667159340401,102943755.87099577,102943755.87099577,34173360.94,34173360.94,172.0,3503.0314554848524,201.23977577663385
381,tieumeo2970,tieumeo2970,1,1,9651.0,6314.770833333333,41.18498415311737,102821603.70094667,102821603.70094667,73798237.73,73798237.73,741.0,3498.756129533134,39.32799327421917
382,bunycutii,bunycutii,1,1,14200.0,233189.8,48.50085436851278,102817845.55707584,102817845.55707584,38787194.56,38787194.56,548.0,3498.6245944976545,165.08193418842572
383,khoaathichdi,khoaathichdi,5,5,506500.0,7679.8387096774195,47.69191887145222,102729489.01646014,108063772.61973992,159955547.406,799777737.03,768.0,183.95120359929746,30.34327308090291
384,cafunevn_daugoi,cafunevn_daugoi,1,1,239600.0,1590.7333333333331,43.6014271755167,102606984.94318989,102606984.94318989,99502895.03,99502895.03,172.0,499.53997879994085,3.1195975878430557
385,kenh14official,kenh14official,1,1,8700000.0,151329.0,57.65034259312283,102603157.24331246,102603157.24331246,86486376.29,86486376.29,1184.0,-64.08889496484065,18.635051721060442
386,beautychonguoiluoi,beautychonguoiluoi,4,4,54900.0,7398.887301587301,44.174335269515694,102326257.35751237,101745661.79409836,139587735.9575,558350943.83,760.0,2509.412755929277,20.226681052704166
387,shopzuize_1,shopzuize_1,1,1,11500.0,7079.186440677966,41.66948517521835,101986744.01310982,101986744.01310982,44269942.78,44269942.78,171.0,3469.5360404588428,130.37469128870154
388,hue.daisy,hue.daisy,2,2,172900.0,16215.160975609757,47.31726664320191,101615440.43155698,101615440.43155698,64697089.29000001,129394178.58000001,810.0,722.7970885146314,59.89128849852718
389,mqskin.vietnam,mqskin.vietnam,1,1,896900.0,8090.666666666667,48.67520246251231,101236052.29876965,101236052.29876965,241367150.05,241367150.05,488.0,58.02260365512043,58.05723675413233
390,khanh_hue_beauty,khanh_hue_beauty,3,3,94600.0,154414.0,50.67496324042713,101025696.73368432,106426272.47343957,135578836.64000002,406736509.92,338.0,1395.0948776655187,10.737386044628384
391,shingai_cosmetics,shingai_cosmetics,6,6,19500.0,4940.966666666666,41.81929738924432,100984176.36062501,44030726.421678275,90582285.415,543493712.49,531.1666666666666,3434.4461726218747,30.29882486105201
392,perfumevip6,perfumevip6,1,1,1936.0,882.0,35.03196103340003,100874155.2708378,100874155.2708378,264165016.56,264165016.56,186.0,3430.5954344793226,61.813961369890116
393,solai.28,solai.28,1,1,1700000.0,78788.83333333333,53.90314280916632,100790192.93773429,100790192.93773429,86408546.16,86408546.16,1012.0,-16.996311698336477,16.643778210437947
394,beorucro2701,beorucro2701,2,2,15600.0,9794.26923076923,42.746100497693206,100609409.33062561,100609409.33062561,27944549.240000002,55889098.480000004,591.0,3421.3293265718967,251.39461120626558
395,thecafune_vietnam,thecafune_vietnam,1,1,47100.0,403.67857142857144,38.5293892708242,100585620.96125886,100585620.96125886,75132904.43,75132904.43,168.0,2889.8061432221316,33.87692346563375
396,lucienguyenlove,lucienguyenlove,4,4,1200000.0,437151.25,56.49000731384281,100533926.94671865,99339374.89129126,147651879.8475,590607519.39,893.0,17.28958143783841,37.77936865143855
397,hana.lotus,hana.lotus,2,2,15200.0,3710.1873015873016,40.89779561485693,100281108.28819488,100281108.28819488,151654443.45,303308886.9,951.5,3409.83879008682,36.2857662645324
398,yangho.bando,yangho.bando,11,11,47700.0,17595.333333333332,45.57035966474544,99630969.2834547,60629503.97884703,110917690.84181818,1220094599.26,656.0909090909091,2824.179391967224,28.596161041132866
399,miukem2,miukem2,3,3,18300.0,9991.05,43.03116767768092,99470177.90721393,58339596.24924493,184001137.92666665,552003413.78,499.3333333333333,3381.456226752487,44.23767123113508
400,smileeextra,smileeextra,1,1,100300.0,17597.268292682926,46.72334210097927,99396267.72722875,99396267.72722875,4371423794.0,4371423794.0,632.0,1287.3855914069813,97.7262266846867
401,ngobaonhixx,ngobaonhixx,1,1,565800.0,998389.0,56.92318058536219,98844346.15947118,98844346.15947118,333650727.15,333650727.15,111.0,144.57773881806233,70.37490461843545
402,repielvietnam,repielvietnam,1,1,20000.0,1041.8275862068965,38.96276193124665,98793728.36324848,98793728.36324848,1310107835.06,1310107835.06,742.0,3357.7804927136967,92.4591147599141
403,huyviet3012,huyviet3012,1,1,3145.0,6084.139240506329,39.37696414055848,98788235.69679911,98788235.69679911,43131647.27,43131647.27,165.0,3357.588249387969,129.03886577388099
404,ng.ngc36,ng.ngc36,1,1,3079.0,19035.714285714286,41.466884713668534,97800658.63435297,97800658.63435297,271025430.15,271025430.15,195.0,3323.023052202354,63.91458226623794
405,leanh120399,leanh120399,2,2,7913.0,25143.47983870968,42.07086722989568,97686331.48197366,97686331.48197366,208514850.435,417029700.87,618.0,3319.021601869078,44.68297795557609
406,myxhoaff,myxhoaff,1,1,508.0,2960.251461988304,35.211266971924324,97335377.89141272,97335377.89141272,29497735.83,29497735.83,110.0,3306.7382261994453,229.9757596731204
407,trangnhungdaily291,trangnhungdaily291,10,10,80900.0,22591.293103448275,46.85435398961398,97205826.25930332,99958118.39500757,69945867.075,699458670.75,662.8,1582.1774630781786,166.83030064095928
408,kimhautt,kimhautt,1,1,15300.0,150239.5,47.79832443435387,97127565.65940224,97127565.65940224,295296694.96,295296694.96,975.0,3299.4647980790783,67.10848197181521
409,dindincheri,dindincheri,3,3,12100.0,17308.0,43.412193729400656,96651810.57916518,8653633.410561802,64840621.52333333,194521864.57,76.0,3282.813370270782,198.87992990930056
410,baongocdaubuoi,baongocdaubuoi,1,1,490500.0,4939.705882352941,46.82090465210276,96539608.94471744,96539608.94471744,48780635.92,48780635.92,566.0,175.54628444975413,97.90559742403094
411,ribisachi36,ribisachi36,3,3,1700000.0,79000.5,53.908136332735644,96264969.7709556,95569064.2252339,254482565.41666666,763447696.25,888.0,-20.722966070977748,72.39921730747339
412,thinandepgaii,thinandepgaii,1,1,55700.0,884077.0,53.10113673282605,96067526.88605623,96067526.88605623,191934760.29,191934760.29,643.0,2314.6236560229568,49.94782250963561
413,kixi.bling,kixi.bling,1,1,7612.0,1692.1782178217825,38.36666305599881,96060235.92861938,96060235.92861938,182496264.83,182496264.83,118.0,3262.108257501678,47.36317698441555
414,ngi.p.c.bp.daily,ngi.p.c.bp.daily,2,2,43400.0,19241.754945054945,45.38958638299006,96058146.27673917,96058146.27673917,77790300.56,155580601.12,817.5,2998.6498798948114,74.52132985673283
415,phuonglethuy,phuonglethuy,6,6,18800.0,5997.252941176471,42.12301126650484,95719213.59347373,78650948.11775547,47346694.203333326,284080165.21999997,373.1666666666667,3250.1724757715806,128.58537496728883
416,hung.degau,hung.degau,2,2,264100.0,10122.051136363636,47.18934671355525,95526011.70902196,95526011.70902196,106243989.815,212487979.63,537.0,406.3855221227971,69.61681979162333
417,lolimeo,lolimeo,4,4,86100.0,90271.8125,49.30101573814629,95292947.73926887,96687406.74171577,117708074.655,470832298.62,377.5,1449.4788250287618,22.012400887343773
418,letrivy_light_makeup,letrivy_light_makeup,10,10,41200.0,76058.21212121213,48.06701662783922,95238745.39083807,96009226.59241956,87051118.495,870511184.95,396.3,3136.2680472614875,31.97071726514121
419,dvnguyenbao,dvnguyenbao,1,1,321800.0,44672.0,50.26538617583674,94289267.44301933,94289267.44301933,281450676.78,281450676.78,267.0,310.20812436366396,66.4988307998556
420,lamdep.cungchang,lamdep.cungchang,1,1,1546.0,199.9968051118211,31.92851403054969,93201223.14648059,93201223.14648059,25229725.73,25229725.73,320.0,3162.0428101268208,269.4103699100362
421,hoi.vy57,hoi.vy57,1,1,9194.0,4653351.0,53.39834790311298,93181685.09371956,93181685.09371956,15913826.1,15913826.1,264.0,3161.3589782801846,485.53916894768355
422,ngocanhthu88,ngocanhthu88,3,3,3623.0,12235.45945945946,40.896577621336235,93036264.11109008,101845987.13471285,82564906.25,247694718.75,523.3333333333334,3156.2692438881527,40.887466170891884
423,chau.anh29,chau.anh29,10,10,6845.0,31511.75,43.63954135396507,92717106.74747346,20681200.707419522,119182482.478,1191824824.78,536.5,3145.0987361615707,63.17174178336399
424,huyentiu2000,huyentiu2000,3,3,4004.0,10013.0,40.67856514080852,92537305.68971682,18014924.007985078,74969931.0,224909793.0,631.3333333333334,3138.805699140088,48.99608272270892
425,hocxinh_,hocxinh_,1,1,842400.0,125643.0,53.68269846652315,92422349.86235045,92422349.86235045,55619161.07,55619161.07,746.0,53.59839720713511,66.16998186296169
426,kieutrendyne,kieutrendyne,1,1,3392.0,10303.752293577982,40.47462693747937,92298453.60938881,92298453.60938881,336008219.52,336008219.52,184.0,3130.4458763286084,72.53089411287601
427,thankthank_06,thankthank_06,1,1,2596.0,4138772.0,51.219230266157325,92203156.03938721,92203156.03938721,379061257.02,379061257.02,617.0,3127.110461378552,75.67592194352841
428,minhnhatmasterchef,minhnhatmasterchef,2,2,143600.0,3203.1,44.10954052554562,92040682.90999131,92040682.90999131,33784876.875,67569753.75,577.5,797.3325631893302,167.90592689536916
429,linhdanbanhang,linhdanbanhang,2,2,1564.0,38835.42157731502,41.21869036193526,91552320.1497982,91552320.1497982,141525526.845,283051053.69,431.0,3104.3312052429364,30.067313697169574
430,duyendangreview,duyendangreview,1,1,5609.0,47900.84210526316,44.11447188460147,91515675.27556463,91515675.27556463,80891948.26,80891948.26,536.0,3103.0486346447615,13.133231729588484
431,tuanhthichanbunca,tuanhthichanbunca,1,1,473800.0,2107392.0,58.03841856127261,91404422.2023233,91404422.2023233,87433700.92,87433700.92,103.0,170.08482710690714,4.5414082219354155
432,tieumaoo4,tieumaoo4,1,1,31700.0,2040290.0,53.783464608978925,91169912.48685372,91169912.48685372,46211720.96,46211720.96,158.0,3090.94693703988,97.28742101115144
433,fun.beeee,fun.beeee,3,3,508900.0,499.0,42.61451400229186,91099141.30969916,4282837.942437823,109889459.90000002,329668379.70000005,527.3333333333334,150.61661983411045,16.856576509914323
434,betybibo,betybibo,1,1,67600.0,1503210.0,54.38944159012067,91078999.27500151,91078999.27500151,38438658.32,38438658.32,158.0,1786.251464275179,136.9463536338162
435,xukashop87,xukashop87,1,1,167800.0,71566.33333333333,50.13256766110504,90933716.73559883,90933716.73559883,19913969.75,19913969.75,102.0,658.684168235032,356.6327953551242
436,baohannehihi,baohannehihi,1,1,757200.0,2100158.0,58.75921561753108,90683579.90271398,90683579.90271398,10325255.32,10325255.32,257.0,67.66641820364444,778.2696126366974
437,la.phthao,la.phthao,2,2,36100.0,160585.88888888888,48.597415355199374,90179447.40224838,90179447.40224838,155472224.47,310944448.94,600.5,3056.280659078693,85.09405016254146
438,cotham2000,cotham2000,1,1,892800.0,318085.0,55.50169543782813,90105025.25607593,90105025.25607593,129450670.21,129450670.21,650.0,41.29372239976063,30.394315371327163
439,ng.tvy17,ng.tvy17,2,2,7469.0,1425.190476190476,38.017858069135265,89947607.21723458,89947607.21723458,44538710.94,89077421.88,641.0,3048.1662526032105,124.06137997387906
440,ig_tacongbangne,ig_tacongbangne,1,1,6009.0,6919.788461538462,40.620456344893356,89472335.12936953,89472335.12936953,82643670.61,82643670.61,898.0,3031.5317295279333,8.262779797855748
441,maitrangreview,maitrangreview,3,3,12900.0,3703.4761904761904,40.64200771145459,89342103.54270646,21735152.824998423,75102950.98,225308852.94,606.6666666666666,3026.9736239947256,31.87555844673355
442,chamdakhoongkho,chamdakhoongkho,1,1,1132.0,382.7551020408163,32.64914833331366,89006734.67721248,89006734.67721248,21681705.64,21681705.64,305.0,3015.2357137024364,310.5153725221983
443,dqlam147,dqlam147,8,8,605000.0,89091.33333333334,52.515742389429064,88967460.82084024,68692820.72121301,90153109.8625,721224878.9,216.625,105.87511594905178,45.6088051050273
444,uyenkhanhsandeal1,uyenkhanhsandeal1,2,2,3827.0,2102.845243403939,37.66557734053398,88806925.28330192,88806925.28330192,87606681.2,175213362.4,333.0,3008.242384915567,11.999343203091737
445,tipstainha,tipstainha,4,4,29000.0,13645.673684210526,44.32417522472612,88785221.51650313,81722903.60680357,118819383.5475,475277534.19,671.75,3007.4827530776092,25.78366245586219
446,btthaolannn,btthaolannn,4,4,754800.0,550580.6,56.2621381895759,88642235.7171251,52163751.65744795,97212016.955,388848067.82,832.0,64.41326179646946,25.82024553949362
447,bachuc78,bachuc78,1,1,610000.0,546832.5,55.919368820948876,88138422.78070217,88138422.78070217,86275396.02,86275396.02,885.0,102.28490474259513,2.1593952003075114
448,mqskin.lolem,mqskin.lolem,1,1,126200.0,4552.913043478261,44.563539586617466,87582561.5940996,87582561.5940996,208090544.82,208090544.82,422.0,871.5973552435772,57.91132092529278
449,thank.hawnp,thank.hawnp,2,2,5779.0,107425.76666666665,44.169297479423186,87505847.36438292,87505847.36438292,90763419.215,181526838.43,643.0,2962.704657753402,70.40193404836492
450,nocanho,nocanho,2,2,273600.0,69096.77777777778,50.322500615418356,86951235.04617491,86951235.04617491,54618666.129999995,109237332.25999999,218.0,344.9259103239945,55.285832598292615
451,.tienxuu,.tienxuu,2,2,155500.0,976657.75,53.343861179895,86899256.79790355,86899256.79790355,59103489.300000004,118206978.60000001,477.0,682.3727300132796,59.53751679494448
452,ngan_aley19,ngan_aley19,5,5,99400.0,22101.150943396227,47.13349573391041,86879051.93925235,66274893.60611864,114339820.924,571699104.62,367.4,1123.648618862709,48.786027095175335
453,chufoxnef,chufoxnef,2,2,89100.0,84503.72222222222,48.304404830313466,86527709.40417981,86527709.40417981,70390015.6,140780031.2,496.0,1259.582414880491,21.239335078937135
454,chu.chang.anh,chu.chang.anh,1,1,556300.0,165223.0,53.54880068297905,85898180.93071932,85898180.93071932,74293970.59,74293970.59,696.0,116.17374312961897,15.619316410962217
455,phuocla62,phuocla62,3,3,33100.0,5126.153846153846,42.70842622939773,85840635.25963031,101726025.29127227,38766160.23333333,116298480.69999999,543.6666666666666,2904.42223408706,188.7874720853945
456,olala.mcn,olala.mcn,7,7,16500.0,14392.125,43.549867822819124,85662152.37165113,93674608.0149128,191319554.32,1339236880.24,520.2857142857143,2898.175333007789,38.24300191776272
457,nhaireviewmypham,nhaireviewmypham,3,3,16900.0,1668.85,39.577828468877236,85471665.64608544,17346028.999161113,69399125.49000001,208197376.47000003,679.3333333333334,2891.50829761299,76.3290313815043
458,daoquangtrung2k1,daoquangtrung2k1,1,1,56500.0,41692.739130434784,47.43859911034973,85323657.44772832,85323657.44772832,39992294.98,39992294.98,170.0,2014.214520828666,113.35024031603682
459,kh.ann468,kh.ann468,1,1,8175.0,16914.571428571428,42.76125536337243,85052268.9573444,85052268.9573444,665336964.69,665336964.69,485.0,2876.8294135070537,87.21666261291033
460,thisistherealname,thisistherealname,1,1,1189.0,114120.81818181818,43.32519996413361,84710046.24216092,84710046.24216092,30783138.41,30783138.41,29.0,2864.851618475632,175.18326791085926
461,chucareviewnhanh,chucareviewnhanh,1,1,46000.0,15728.0,45.3052686220595,84330900.52985622,84330900.52985622,65805327.28,65805327.28,762.0,2466.5926248217106,28.152087400204508
462,tduong1000,tduong1000,1,1,9744.0,19125.59259259259,43.26219136496089,84305209.49098529,84305209.49098529,129585207.52,129585207.52,683.0,2850.682332184485,34.94225837623192
463,60s.lamdep,60s.lamdep,2,2,52900.0,26391.958333333336,46.41249838977881,83952123.7104134,83952123.7104134,505920439.45,1011840878.9,299.0,2121.795334491092,108.68142815634013
464,shoprongcon08,shoprongcon08,1,1,4487.0,484.69417475728153,35.22269623547839,83585036.61780423,83585036.61780423,36367047.79,36367047.79,287.0,2825.4762816231478,129.8372886918469
465,parila_tmv,parila_tmv,15,15,243900.0,13279.026315789471,47.57756752229139,83281064.00506967,51164774.234482735,61341522.079333335,920122831.19,601.9333333333333,378.03808776997755,88.72977808102476
466,ngoctam.2022,ngoctam.2022,2,2,33800.0,151698.33333333334,48.23081600695669,83186256.63458435,83186256.63458435,58976973.394999996,117953946.78999999,457.0,2811.5189822104517,39.38402661292669
467,ly.shyn25,ly.shyn25,1,1,27200.0,1712655.0,53.22019868442247,83023657.4391954,83023657.4391954,82323294.85,82323294.85,144.0,2805.8280103718384,0.8507465480718676
468,baclynne,baclynne,12,12,213700.0,15937.04347826087,47.71212559073464,82953764.10742004,78485205.17795826,84232994.59583333,1010795935.15,563.75,443.45002222923745,30.699481901556894
469,_mayy.01,_mayy.01,1,1,569900.0,88939.66666666667,52.43352310593651,82850841.29559962,82850841.29559962,52585494.55,52585494.55,93.0,103.5290012525697,57.55455378825496
470,xu.deptry,xu.deptry,1,1,162900.0,1210609.0,55.35069802769252,82778666.77519643,82778666.77519643,33248121.83,33248121.83,303.0,611.418867312922,148.97245985337042
471,thanhvanriviu,thanhvanriviu,2,2,2880.0,3964.332386363636,38.34272267472271,82702708.83884457,82702708.83884457,64210600.035,128421200.07,286.0,2794.59480935956,25.833561568826386
472,beachmakeup,beachmakeup,2,2,92000.0,251112.6,49.07875906896288,82677643.42927472,82677643.42927472,85740259.67500001,171480519.35000002,145.0,1158.1380521846154,4.071735013896388
473,trankimdungbeauty,trankimdungbeauty,2,2,15200.0,4500.81884057971,40.252168936997045,82632723.38121746,82632723.38121746,73848022.38,147696044.76,428.0,2792.145318342611,93.01429576107222
474,hunganhskincare,hunganhskincare,1,1,10300.0,8633.353846153846,41.8679350383817,82589453.58022277,82589453.58022277,84454078.5,84454078.5,487.0,2790.630875307797,2.207856568794637
475,miiu.998,miiu.998,1,1,2212.0,180560.14285714287,45.141418480807985,82581062.40872318,82581062.40872318,111510716.64,111510716.64,101.0,2790.337184305311,25.94338472836921
476,tuyetthouse,tuyetthouse,1,1,2268.0,33377.02777777778,42.03804969341579,82473427.77536686,82473427.77536686,146140043.92,146140043.92,507.0,2786.5699721378396,43.565483105702036
477,ngoclandepgai1904,ngoclandepgai1904,1,1,3249.0,11336.08510638298,40.585541656774964,82348947.74761231,82348947.74761231,47158349.24,47158349.24,422.0,2782.213171166431,74.62220174103005
478,29gemini05,29gemini05,5,5,25500.0,74664.7,47.289175655434875,82228844.64524807,88564178.50348006,95211182.662,476055913.31,442.8,2778.009562583682,30.643957570636637
479,vimaay,vimaay,1,1,379600.0,949385.0,56.21044758278819,82190642.97781363,82190642.97781363,38710226.49,38710226.49,143.0,203.1267127738121,112.32281603685763
480,thuimetien_07,thuimetien_07,2,2,3569.0,70787.13333333333,44.10491759624295,81755203.9080867,81755203.9080867,78355853.275,156711706.55,543.0,2761.4321367830344,11.897520036942092
481,tmyunbox,tmyunbox,1,1,4980.0,49244.57142857143,43.981513457092234,81307709.13316835,81307709.13316835,106474859.93,106474859.93,513.0,2745.769819660892,23.63670711882349
482,shoplamdep85,shoplamdep85,1,1,2238.0,939.8544600938968,35.37481305334494,81258831.55742525,81258831.55742525,94631025.3,94631025.3,279.0,2744.0591045098836,14.130876950959923
483,vanmeoriviu,vanmeoriviu,3,3,2886.0,7087.3725490196075,39.5277472944358,81195778.9549243,89156440.94380987,108344432.18,325033296.54,293.3333333333333,2741.8522634223505,30.59539247382559
484,phuonggthaoo155,phuonggthaoo155,1,1,19300.0,2098181.0,53.06592211461564,80894871.89154144,80894871.89154144,51480919.27,51480919.27,474.0,2731.32051620395,57.135639842162114
485,hwuong.zang,hwuong.zang,1,1,9926.0,86653.25,46.10297310105591,80683453.44682917,80683453.44682917,110950527.95,110950527.95,509.0,2723.920870639021,27.279793131593504
486,doodoo1901,doodoo1901,8,8,34500.0,10268.6,44.06558044863625,80629328.49583293,49609072.66056961,144304546.98,1154436375.84,372.625,2722.0264973541525,41.42643513483267
487,miale.0402,miale.0402,5,5,1400000.0,210899.0,55.43459582311667,80614953.35207854,76329373.54094377,162750228.376,813751141.88,379.4,-19.385046647921456,42.068856339770036
488,bacsihuy.official,bacsihuy.official,3,3,1400000.0,90841.0,53.86692486476489,80590978.05111943,30692831.557780795,55549826.61000001,166649479.83,389.3333333333333,-19.409021948880575,24.757203359551152
489,emduyencantho,emduyencantho,1,1,37000.0,16801.02564102564,45.09040728652368,80497128.22455905,80497128.22455905,136601438.67,136601438.67,652.0,2717.3994878595668,41.07153701431872
490,ngnahh.__,ngnahh.__,1,1,7726.0,6950911.0,53.87545590068888,80432804.05937128,80432804.05937128,231037669.04,231037669.04,140.0,2715.1481420779946,65.18628135680949
491,bs.quang,bs.quang,2,2,529900.0,543105.8333333333,54.40035730320734,79659684.03972214,79659684.03972214,20220870.225,40441740.45,376.5,110.46151661749572,261.1196124633028
492,mminhdien,mminhdien,1,1,44300.0,206287.5,50.03732196222934,79409918.32805972,79409918.32805972,26641963.65,26641963.65,418.0,2409.5685250402616,198.06330858821556
493,phamquynhhoaa,phamquynhhoaa,1,1,2800000.0,100797.0,55.13559669267003,79368534.03742452,79368534.03742452,99645344.78,99645344.78,643.0,-60.31573298128774,20.34897946044869
494,gianglake,gianglake,1,1,2263.0,1904845.0,49.562053092647474,79241983.22327164,79241983.22327164,47429718.21,47429718.21,464.0,2673.4694128145075,67.07243098603186
495,ghiendoxinhh,ghiendoxinhh,1,1,1032.0,1378.7167630057804,34.887553125378254,79081710.1770713,79081710.1770713,72143044.28,72143044.28,463.0,2667.8598561974954,9.617927779899478
496,cinhgaiiii,cinhgaiiii,1,1,62200.0,133979.75,49.76041018246987,78848371.76282386,78848371.76282386,114547974.27,114547974.27,289.0,1674.7221940185434,31.16563408011819
497,thanhthao78954,thanhthao78954,1,1,7945.0,5963.5617647058825,40.77681936892808,78415118.94076543,78415118.94076543,336362659.4,336362659.4,156.0,2644.52916292679,76.6873293603275
498,rin.review22,rin.review22,7,7,3903.0,10099.099447513812,40.65488286966741,78179048.99317177,19959196.95961677,142669067.18142858,998683470.27,455.0,2636.2667147610114,57.74707127038433
499,seungthao,seungthao,5,5,1300000.0,251769.33333333337,55.64934193131478,78012000.76686321,78232633.283145,108943974.19600001,544719870.98,607.4,-15.987076097224229,47.776937739132954
500,_qmiinh.hiey_,_qmiinh.hiey_,1,1,6725.0,3528.9217391304346,39.54193418477537,77929728.90385003,77929728.90385003,38249657.57,38249657.57,48.0,2627.540511634751,103.73967730621447
501,aitran.review,aitran.review,1,1,53700.0,54961.125,47.874018548835636,77459752.21504737,77459752.21504737,128353955.44,128353955.44,155.0,1919.4348808392238,39.651449034419116
502,phododep97,phododep97,1,1,7510.0,73519.0,45.3644677372296,77422274.86570106,77422274.86570106,99411706.29,99411706.29,130.0,2609.7796202995373,22.119559400934353
503,nghuwgg,nghuwgg,1,1,25300.0,197185.8,49.0844917628823,77416459.45087503,77416459.45087503,176908050.4,176908050.4,488.0,2609.576080780626,56.2391540261556
504,duckieudieuthat,duckieudieuthat,1,1,753000.0,157201.66666666666,53.9257644108563,77389195.86438733,77389195.86438733,63829421.54,63829421.54,777.0,43.88429509979051,21.243768151478275
505,n_hoa206,n_hoa206,1,1,2793.0,19559.322033898305,41.36622934215351,77332083.96968922,77332083.96968922,57533945.48,57533945.48,130.0,2606.6229389391224,34.41123031718982
506,sayhitothew,sayhitothew,1,1,1100000.0,169612.75,54.65504620550454,77038879.48025136,77038879.48025136,55464754.67,55464754.67,87.0,-1.9505170251346446,38.89699853287272
507,hithuuday,hithuuday,1,1,142800.0,244956.5,52.17252404467464,76910958.71244635,76910958.71244635,94539086.53,94539086.53,281.0,654.029006984768,18.646391100848785
508,fl.cho.m.gi.hng.nh,fl.cho.m.gi.hng.nh,1,1,2024.0,30877.809523809523,41.716729637655305,76635641.8395457,76635641.8395457,109963632.35,109963632.35,86.0,2582.247464384099,30.30819353472757
509,doichosachnachchuathom,doichosachnachchuathom,2,2,323000.0,105094.825,47.06326658680808,76569695.83164926,76569695.83164926,161630293.835,323260587.67,26.0,231.88103456442403,52.63799239073029
510,nghienskincare.21,nghienskincare.21,7,7,7221.0,4816.048192771084,40.23093317481328,76500830.56055734,88909047.44850478,96774076.88285713,677418538.18,255.85714285714286,2577.5290696195066,32.21031034469225
511,phannuuyennhi,phannuuyennhi,1,1,185200.0,1433924.0,55.86479156928981,75441471.2685862,75441471.2685862,63063767.71,63063767.71,386.0,470.2918994385565,19.627282048077625
512,tranghangchuan2,tranghangchuan2,1,1,30400.0,1399.6666666666667,40.16127227437893,75314314.35312803,75314314.35312803,48639716.5,48639716.5,769.0,2536.0010023594805,54.84118694056951
513,ngochuyen23.9,ngochuyen23.9,2,2,46600.0,36794.24431818182,46.906973584778655,75102264.42057803,75102264.42057803,182243452.975,364486905.95,227.0,2156.2912057684384,58.28981335645116
514,dbaochaw,dbaochaw,1,1,31700.0,157779.33333333334,49.01929644737565,75038435.91516359,75038435.91516359,95930005.04,95930005.04,541.0,2526.3452570307254,21.777929768819714
515,maha.review,maha.review,1,1,96900.0,1345.7333333333331,41.88618858159421,75037021.10259438,75037021.10259438,50966901.42,50966901.42,92.0,984.1262078806204,47.22696301319385
516,tiktokshopbeauty.vn,tiktokshopbeauty.vn,4,4,76600.0,7902.923076923077,44.815401044634925,74983509.19016221,77525342.28852674,36681627.692499995,146726510.76999998,574.0,1270.4557815434348,129.20007851592584
517,nhoxiuriviu,nhoxiuriviu,1,1,2752.0,2067.8333333333335,37.161940850145264,74567193.68767506,74567193.68767506,23429534.18,23429534.18,84.0,2509.851779068627,218.26152886696045
518,mr.hanh20,mr.hanh20,2,2,18900.0,1407.684705882353,39.42839366069718,74275916.40456186,74275916.40456186,42951733.625,85903467.25,275.0,2499.657074159665,81.77616951102254
519,lh.tramy171,lh.tramy171,1,1,6033.0,3024282.0,51.9429243381218,74172587.14305952,74172587.14305952,98119108.87,98119108.87,435.0,2496.0405500070833,24.405563811905097
520,linhlew06,linhlew06,1,1,4992.0,22833.97619047619,42.554817332368614,74168070.09951381,74168070.09951381,81306660.02,81306660.02,535.0,2495.8824534829832,8.77983417192419
521,nngaan39,nngaan39,2,2,165100.0,318135.5,52.87771319408037,74004972.22432218,74004972.22432218,158714684.7,317429369.4,115.0,527.5406487828652,53.360130429795326
522,tiemtaphoacuaquynh,tiemtaphoacuaquynh,1,1,4297.0,288.4769230769231,34.19239205091982,73908163.14338043,73908163.14338043,31713361.15,31713361.15,378.0,2486.785710018315,133.05055176524684
523,sooahreview,sooahreview,1,1,18700.0,538231.0,50.48462444770946,73901969.84827432,73901969.84827432,182059437.58,182059437.58,45.0,2486.568944689601,59.40777867348923
524,iamzrun,iamzrun,7,7,105100.0,39823.333333333336,48.315898809684725,73828918.76225285,51948876.47736846,76382572.42285714,534678006.96,318.14285714285717,883.4489654343862,25.762357754261885
525,paj.nag26sl,paj.nag26sl,1,1,17700.0,3722.9666666666662,41.14239770620752,73296777.99012353,73296777.99012353,135023206.33,135023206.33,268.0,2465.3872296543236,45.71542182831564
526,_tradangditam,_tradangditam,1,1,3400000.0,190078.5,56.61738560249455,73186292.1147213,73186292.1147213,102674427.19,102674427.19,593.0,-69.86446795276183,28.720038555180473
527,quangbimakeupacademyhn,quangbimakeupacademyhn,1,1,132500.0,52637.818181818184,49.19447539963303,73167309.80645768,73167309.80645768,63542617.97,63542617.97,490.0,673.0885564455906,15.146829236720674
528,sansalede,sansalede,5,5,13400.0,2915.1428571428573,40.255622775436414,73163551.4974474,57845797.442248166,77246522.474,386232612.37,485.8,2460.7243024106588,52.55179985659688
529,myduyennguyen72,myduyennguyen72,1,1,273800.0,25708.964285714286,48.9865121360487,72888516.65418826,72888516.65418826,138693163.63,138693163.63,590.0,272.6951180272592,47.44620805634134
530,v.tng.lai7,v.tng.lai7,1,1,1845.0,67972.92307692308,43.041818249876435,72819399.4098467,72819399.4098467,50212190.38,50212190.38,122.0,2448.678979344634,45.023347634823274
531,h1th1_1,h1th1_1,1,1,113800.0,449178.0,52.948985729594234,72800801.94125128,72800801.94125128,27909660.51,27909660.51,388.0,795.6161925988733,160.84445532817148
532,meow168811,meow168811,1,1,1458.0,6633.6,38.34607001331871,72549613.7979842,72549613.7979842,88982112.76,88982112.76,265.0,2439.236482929447,18.46719352049672
533,_thanh.1996,_thanh.1996,1,1,2906.0,435.1666666666667,34.348909371443966,72415483.64767593,72415483.64767593,63842228.58,63842228.58,740.0,2434.5419276686575,13.428815469580421
534,justteeng_,justteeng_,1,1,35400.0,275005.5,50.22462028081136,72382487.40138043,72382487.40138043,115957771.7,115957771.7,265.0,2433.387059048315,37.57858025364209
535,mayvuotsuong_02,mayvuotsuong_02,4,4,42300.0,14448.515873015873,44.99903924710951,72241514.38621129,70600273.93559188,245858354.41250002,983433417.6500001,469.0,2290.9721073450546,74.07521265478815
536,phuongmin_,phuongmin_,2,2,5900000.0,45604.25,54.81544395534645,72107088.88800222,72107088.88800222,84327899.94,168655799.88,538.0,-74.76251888919923,14.47859002850323
537,nhuchuu0909,nhuchuu0909,1,1,2600000.0,834340.0,58.95447285892143,71986146.850305,71986146.850305,54493684.83,54493684.83,722.0,-61.23822861906655,32.09998016260962
538,quinnriviu79,quinnriviu79,2,2,1856.0,14971.77435064935,39.9546596642633,71827557.00038923,71827557.00038923,47139038.31,94278076.62,216.0,2413.964495013623,55.94089231707123
539,tuewnsting,tuewnsting,1,1,117300.0,584154.0,53.48500723145996,71216222.4157838,71216222.4157838,90828093.29,90828093.29,365.0,749.9804891909404,21.5922961319892
540,nguyenanhthu6920,nguyenanhthu6920,1,1,1791.0,7692.261904761905,38.94049015690811,71079426.92430024,71079426.92430024,98362075.99,98362075.99,142.0,2387.779942350508,27.736959383079157
541,thucomestics,thucomestics,4,4,58100.0,7102.207497820401,44.1878361486976,70987159.37444644,63177662.77662419,24251878.32,97007513.28,567.5,1610.5339608300346,188.29835479255502
542,camridiu_05,camridiu_05,1,1,2884.0,6818.03125,39.454570182178024,70644897.3444913,70644897.3444913,55906930.63,55906930.63,43.0,2372.5714070571953,26.3616094613193
543,nhishopchuyensi,nhishopchuyensi,2,2,88400.0,60716.1978021978,48.83172299639091,70423668.19429971,70423668.19429971,72935282.62,145870565.24,540.0,1015.3069623531627,8.944973621406623
544,nhunggne94,nhunggne94,1,1,7762.0,86446.2,45.71713324763613,70400505.88717492,70400505.88717492,104015401.59,104015401.59,471.0,2364.017706051122,32.317229168931846
545,myphamthiennhien.tn,myphamthiennhien.tn,1,1,10300.0,512.6,36.61534295297659,70355642.34757337,70355642.34757337,82630812.16,82630812.16,241.0,2362.4474821650674,14.855438899302992
546,tuxuong22,tuxuong22,1,1,7361.0,32190.928571428572,43.79628148828961,70105566.14857613,70105566.14857613,104549360.53,104549360.53,716.0,2353.694815200164,32.94500722607516
547,kimtuyen_93_,kimtuyen_93_,2,2,5448.0,4486.423959608323,39.66206776725927,69789892.15224698,69789892.15224698,305264999.74,610529999.48,391.5,2342.646225328644,56.664660363378616
548,nemphamriviu,nemphamriviu,4,4,122300.0,3919.294651653765,43.881322016659205,69776795.12523276,16654172.358687948,47941965.755,191767863.02,342.75,698.7531739601461,53.580543123367924
549,yurii_unbox,yurii_unbox,3,3,16000.0,1792.2972972972973,39.62570176541448,69751120.31775159,95839767.96358356,73641170.75666666,220923512.26999998,679.0,2341.2892111213055,258.61531321823213
550,b.huyn.ngoc61,b.huyn.ngoc61,1,1,31600.0,16414.6,44.802412666279665,69729757.33337414,69729757.33337414,45804379.36,45804379.36,700.0,2340.541506668095,52.23382197875095
551,onglo253,onglo253,1,1,12300.0,243011.75,48.35486389915074,69697222.7603989,69697222.7603989,112538815.17,112538815.17,503.0,2339.402796613961,38.06828101476369
552,bemayy2112,bemayy2112,1,1,2200000.0,475866.0,57.65025774931709,69484356.72936079,69484356.72936079,115873091.76,115873091.76,100.0,-55.78268208131586,40.03408757463814
553,nhac8x.huongly,nhac8x.huongly,3,3,351300.0,18952.714285714286,48.805639935811435,69368426.94962986,24649308.71597841,40831219.89333333,122493659.67999999,618.0,176.4469050084879,68.37540044048642
554,thevinh_151019999,thevinh_151019999,1,1,68500.0,188648.0,50.546960420696706,69354444.68302289,69354444.68302289,64795522.87,64795522.87,368.0,1317.4631030106866,7.035859286403949
555,banh2uy,banh2uy,1,1,1982.0,7428.125,39.03255189443555,69288434.51505676,69288434.51505676,70058702.71,70058702.71,253.0,2325.0952080269867,1.0994611163893109
556,piuriviu_06,piuriviu_06,9,9,3498.0,4226.8,38.864099576668934,69042389.42787312,32100850.208580438,77608108.08,698472972.72,378.3333333333333,2316.483629975559,16.749223413548027
557,paru111223,paru111223,2,2,3038.0,71999.95833333333,41.990777883879794,68887204.8965632,68887204.8965632,75825175.425,151650350.85,458.5,2311.0521713797116,31.28972322759694
558,haliochinhhangvn,haliochinhhangvn,1,1,4884.0,996.720588235294,36.69407825150589,68593645.57729632,68593645.57729632,97775499.33,97775499.33,553.0,2300.7775952053707,29.845773176992562
559,ngocnhi_269,ngocnhi_269,3,3,883900.0,53867.833333333336,52.180983227362134,68317149.78108768,75147918.95418957,69408445.61666666,208225336.85,570.3333333333334,8.206821691959206,17.75716158557649
560,meo_nailxinh,meo_nailxinh,2,2,1062.0,17837.684523809527,39.46718635973898,68024509.3817885,68024509.3817885,82073906.07,164147812.14,112.5,2280.8578283625975,18.25504787234479
561,tiemnhakieunam,tiemnhakieunam,3,3,16200.0,12237.57142857143,43.21959037284627,67828782.44702287,62186158.58242092,35908059.62,107724178.86,95.33333333333333,2274.0073856458007,98.11374980746248
562,bludy128,bludy128,8,8,12300.0,4166.3296130952385,40.78726551636119,67633804.4861985,68735077.09247203,41034287.885,328274303.08,408.0,2267.1831570169475,141.8816161274243
563,punhettien23,punhettien23,1,1,1068.0,2385.1869918699185,35.96032034484385,67527995.15678917,67527995.15678917,52376731.85,52376731.85,346.0,2263.479830487621,28.927469835613973
564,thanhhuyen.boutique,thanhhuyen.boutique,4,4,342400.0,136164.8,52.4244098476194,67386186.40005045,67602799.22599392,110665362.9075,442661451.63,573.25,175.5276313086175,49.2044052866071
565,bichnhamnhi.21,bichnhamnhi.21,2,2,1716.0,53201.31092436975,42.422040000444,67250324.53918521,67250324.53918521,105077413.15,210154826.3,353.5,2253.761358871482,35.20490883532247
566,wuynhineee,wuynhineee,1,1,14600.0,1414983.0,51.89982511035418,67213418.26831385,67213418.26831385,49138561.39,49138561.39,394.0,2252.469639390985,36.783447392483495
567,thienkimboutique2,thienkimboutique2,5,5,259000.0,7581.166666666667,46.62757156072888,67211983.13766503,14565584.303116517,71999102.102,359995510.51,603.6,263.3080169603515,27.007812470457555
568,mehuab523,mehuab523,1,1,164400.0,16907.379310344826,47.41533370005309,67062956.67576773,67062956.67576773,97460583.79,97460583.79,673.0,471.0957381148104,31.189662458548955
569,eng.unbox,eng.unbox,1,1,3487.0,79403.5,44.318061510517246,66567195.493962705,66567195.493962705,151480020.01,151480020.01,96.0,2229.8518422886946,56.05546164466557
570,linhsan1029,linhsan1029,2,2,105900.0,12090.270502645504,44.66723273897271,66437888.933611915,66437888.933611915,70638852.255,141277704.51,568.5,778.3101464311301,5.273667394105364
571,embes.bii,embes.bii,3,3,28000.0,177200.0,49.042855513149846,66348145.652113795,25882244.616878286,122997899.11,368993697.33,444.3333333333333,2222.1850978239822,49.47187133605954
572,byquynhnhukcs,byquynhnhukcs,1,1,10700.0,6203.114285714286,41.31180973103645,66304948.739173345,66304948.739173345,89429406.41,89429406.41,498.0,2220.673205871067,25.85777832943424
573,_minhhtam,_minhhtam,12,12,227200.0,9108.216541353384,46.765749289231195,66229088.32181736,48906808.55108841,89520206.36,1074242476.32,331.6666666666667,308.10177663091673,29.508075905253705
574,kimanhne_36,kimanhne_36,2,2,1600000.0,89778.75,54.045682413710544,65976450.932493895,65976450.932493895,63980195.095,127960390.19,510.5,-42.270605434067846,4.624013355573982
575,lathihongtham79,lathihongtham79,1,1,12600.0,7373.976744186047,41.88708717930654,65835364.093203336,65835364.093203336,28733680.31,28733680.31,131.0,2204.2377432621165,129.12263024758118
576,callmeilyyy0,callmeilyyy0,2,2,223400.0,11102.94696969697,46.96976935396509,65668848.71980053,65668848.71980053,34194311.214999996,68388622.42999999,36.0,311.5326240273981,80.06736717768803
577,emhang38,emhang38,1,1,21200.0,869.9615384615385,38.71793477296,65660411.687203236,65660411.687203236,79295484.72,79295484.72,350.0,2198.114409052113,17.19527042547696
578,cogaikhmer97,cogaikhmer97,1,1,318200.0,188601.0,52.92865602144731,65433462.679232076,65433462.679232076,157238165.14,157238165.14,131.0,187.8907848866276,58.38576301054381
579,chohangchuan,chohangchuan,2,2,126500.0,3671.8611111111113,44.16479244331197,65346742.85779008,65346742.85779008,62002913.275,124005826.55,498.0,623.2050592957005,105.55387182081436
580,phuonglamtoc125,phuonglamtoc125,1,1,203400.0,31705.22641509434,48.91568982824088,65341815.90953154,65341815.90953154,330784023.31,330784023.31,239.0,349.7470121600008,80.24638092986271
581,lehuynhthuyngan91,lehuynhthuyngan91,3,3,2300000.0,462661.0,57.66682573900893,65173585.71171213,29823745.418536566,49747479.81666666,149242439.45,578.3333333333334,-60.32912174069696,37.24773099040125
582,tskemcheese,tskemcheese,1,1,11900.0,20254.5,43.67893437923285,65007191.79665538,65007191.79665538,33882703.38,33882703.38,109.0,2175.251712882938,91.85951919948417
583,anemolihp1,anemolihp1,1,1,11900.0,29865.9,44.401708002437616,64988192.39941544,64988192.39941544,40687423.43,40687423.43,80.0,2174.5867339795404,59.72550464205062
584,nghiamotlitson,nghiamotlitson,8,8,307100.0,75348.6,51.16546227922734,64914320.7396558,42600818.539906025,45290225.3125,362321802.5,274.5,195.92982427716743,31.12043435600657
585,sunlight_t52,sunlight_t52,1,1,984.0,513.1309090909091,32.97639755452169,64914147.905053966,64914147.905053966,38564282.82,38564282.82,223.0,2171.9951766768886,68.32712333337764
586,vuhongduc.com,vuhongduc.com,1,1,14300.0,10282.379310344828,42.70212872901679,64716146.845843315,64716146.845843315,240639256.35,240639256.35,584.0,2165.065139604516,73.106571293706
587,meconlinhnam,meconlinhnam,2,2,188100.0,439514.0,53.262632132305754,64677458.55803272,64677458.55803272,45150270.425,90300540.85,531.0,381.38459320173206,42.061401513905565
588,vtva5888,vtva5888,4,4,30600.0,6112.766917293233,42.909709228450986,64608975.4016978,55445188.18758533,70982164.565,283928658.26,346.25,2161.314139059423,13.892158966061752
589,bangneg_,bangneg_,1,1,119200.0,95237.25,50.134000660334046,64420488.824314035,64420488.824314035,41392013.79,41392013.79,647.0,656.6164794801983,55.635068037877254
590,hienngangreview95,hienngangreview95,1,1,85600.0,182976.5,50.835795223460636,64369965.353156604,64369965.353156604,974689313.16,974689313.16,409.0,952.779807177795,93.39584783745445
591,reviewcamoi,reviewcamoi,2,2,45200.0,181836.5,49.244530902845376,63907083.079203784,63907083.079203784,87448716.875,174897433.75,680.5,1879.4229272319756,34.065604016021645
592,seemee.vn,seemee.vn,1,1,2422.0,2601.92,37.39133221020079,63797299.49438335,63797299.49438335,313693006.28,313693006.28,176.0,2132.905482303417,79.6625049914443
593,beer.iu.oi,beer.iu.oi,1,1,2254.0,4961.365853658536,38.48085607241059,63749147.38877886,63749147.38877886,51812440.73,51812440.73,651.0,2131.2201586072597,23.03830217337623
594,punnie.review,punnie.review,1,1,13400.0,32389.529411764703,44.73680525150724,63633055.67074832,63633055.67074832,68312788.84,68312788.84,39.0,2127.1569484761912,6.8504495991407985
595,dokimnhu,dokimnhu,1,1,123800.0,46649.470588235294,48.864349956755945,63603668.25375095,63603668.25375095,99546302.86,99546302.86,127.0,619.2660384107538,36.1064485305879
596,xhanhne,xhanhne,1,1,297200.0,748764.0,55.38904106496283,63588355.58503078,63588355.58503078,30698226.25,30698226.25,110.0,199.54137893352316,107.14016199887372
597,miehbon2407,miehbon2407,1,1,26700.0,739794.0,51.629027829940895,63581573.13449442,63581573.13449442,133888794.98,133888794.98,39.0,2125.3550597073045,52.51165480726593
598,kimchungphan20,kimchungphan20,4,4,2000000.0,304855.0,56.57027667730068,63515784.21615623,63730126.573255286,126127487.04500002,504509948.18000007,352.5,-55.53895104869064,45.42891155115956
599,bechanhshop,bechanhshop,1,1,428300.0,81303.66666666667,51.82340804256743,63196275.992437884,63196275.992437884,61895401.29,61895401.29,512.0,106.57199717350696,2.1017307834274566
600,zundisieuthi,zundisieuthi,2,2,7316.0,1612.6880897276128,38.19622993339377,63136921.93429421,63136921.93429421,40605147.29,81210294.58,199.5,2109.792267700297,49.91854876030177
601,anhthereview,anhthereview,1,1,36600.0,4958.727272727273,42.802531847317276,62992192.66716685,62992192.66716685,74489017.62,74489017.62,178.0,2104.7267433508396,15.434255035397731
602,1447_1477,1447_1477,1,1,20700.0,59474.42857142857,46.54236794973386,62803013.2832981,62803013.2832981,104360526.55,104360526.55,630.0,2098.105464915433,39.82110347708082
603,nhunhu_0409,nhunhu_0409,1,1,2540.0,1895.3636363636365,36.875632960379086,62656433.91366477,62656433.91366477,44498118.5,44498118.5,497.0,2092.9751869782667,40.80692853039342
604,nhatmodaily,nhatmodaily,1,1,1627.0,1129.5333333333333,35.222360967178695,62643377.85004322,62643377.85004322,33547765.17,33547765.17,229.0,2092.5182247515127,86.7289148251875
605,hong199720,hong199720,1,1,3443.0,1983.797619047619,37.43210442605918,62579155.376014575,62579155.376014575,175208450.28,175208450.28,173.0,2090.27043816051,64.28302671702932
606,cafuneflux_derma,cafuneflux_derma,1,1,158800.0,471.5251396648045,40.70296339427958,62488925.3099304,62488925.3099304,160613963.77,160613963.77,105.0,450.90992086840396,61.093715737309836
607,lifebynguyen,lifebynguyen,1,1,12000.0,74617.11111111111,46.118918364715796,62339386.70987374,62339386.70987374,65504864.19,65504864.19,393.0,2081.878534845581,4.832431177850602
608,thuyglass,thuyglass,7,7,6010.0,16331.2,42.21881059741639,62034548.04214954,26650432.293926686,76391656.93571429,534741598.55,415.57142857142856,2071.2091814752334,36.29617454949477
609,365pkaudio,365pkaudio,1,1,7800.0,6029.532467532467,40.768727443774544,62016158.41992531,62016158.41992531,211729378.87,211729378.87,114.0,2070.5655446973856,70.70970559168235
610,vanquynhmai09,vanquynhmai09,3,3,20800.0,24238.466666666667,44.8792089042237,62014004.909504436,60849817.28776532,85966830.18333334,257900490.55,243.0,2070.490171832655,68.67266008340444
611,luuluutham91,luuluutham91,2,2,127200.0,178264.33333333334,51.235443760346705,61826798.680582926,61826798.680582926,127433709.51,254867419.02,513.0,580.4836332768562,34.89418207613828
612,hphuong.beautystore,hphuong.beautystore,4,4,30100.0,1794.3793691389599,40.604585995075325,61748725.9285441,66186219.162645094,23725758.6275,94903034.51,266.75,2061.2054074990433,264.0330764471901
613,vinadaily_,vinadaily_,1,1,1289.0,1399.2079207920792,35.25959775116857,61663870.83450003,61663870.83450003,47562923.01,47562923.01,619.0,2058.2354792075007,29.64693280422513
614,pniboo.oi,pniboo.oi,1,1,1923.0,356490.5,46.190466741849114,61633427.15298438,61633427.15298438,70162548.91,70162548.91,444.0,2057.1699503544532,12.156231336401738
615,d.vaanh,d.vaanh,1,1,101600.0,87881.25,49.736592793360664,61550866.347936705,61550866.347936705,83972417.27,83972417.27,211.0,748.141859125112,26.701090252017334
616,hn.nhathaday,hn.nhathaday,6,6,298000.0,24798.166666666664,49.01888122914223,61302630.33948553,43800552.717035055,122483135.78833334,734898814.73,347.1666666666667,187.99893448080448,40.343164167768606
617,duongcosmetic995,duongcosmetic995,3,3,24100.0,1469.6,39.8917684020688,61101984.54903393,76850462.55747503,67739716.86,203219150.57999998,521.3333333333334,2038.5694592161874,20.882391035464686
618,baoduong0910,baoduong0910,1,1,9043.0,247300.0,47.91035072372687,61002360.50724864,61002360.50724864,72267118.96,72267118.96,440.0,2035.0826177537024,15.58766782855481
619,p.anhacclive3,p.anhacclive3,1,1,251900.0,158850.2,52.246732449758646,60973151.26600093,60973151.26600093,120810810.11,120810810.11,122.0,238.87420314569786,49.53005346915232
620,im.lukedo,im.lukedo,6,6,753000.0,56824.0,52.026442928405515,60861626.05164812,51572066.95626785,54908348.82333333,329450092.94,235.16666666666666,13.155745647154534,131.33827921316902
621,poppyneee,poppyneee,2,2,1339.0,39731.82427536232,41.1487140379563,60712819.75755438,60712819.75755438,54257337.425000004,108514674.85000001,293.5,2024.9486915144034,57.442287739789734
622,tran_review.19,tran_review.19,1,1,2084.0,1944018.0,49.47219023151793,60629074.349063985,60629074.349063985,83066129.02,83066129.02,105.0,2022.0176022172395,27.01107531510683
623,barlenee79,barlenee79,5,5,5360.0,15442.625,41.93718398817922,60569575.99658748,21223823.2101176,79749595.53400001,398747977.67,421.0,2019.9351598805617,17.843225262179395
624,lotus0210_nl,lotus0210_nl,1,1,2673.0,736014.0,48.05032858242773,60510406.12863482,60510406.12863482,36878593.05,36878593.05,105.0,2017.8642145022184,64.08002888449353
625,unboxwithvie,unboxwithvie,6,6,27200.0,469117.25,50.75780353358163,60349557.0475625,60136192.85502814,143762531.46,862575188.76,306.6666666666667,2012.2344966646876,47.67993498301716
626,vickyngo14,vickyngo14,3,3,52700.0,26045.5,46.45494538701191,60300747.221300386,12166600.90161715,70721437.11666667,212164311.35000002,86.66666666666667,1501.917383488055,18.005431168485494
627,xai.gi.review.nay,xai.gi.review.nay,3,3,4189.0,1173.096,36.75901776594995,60201851.762087174,44466063.476661995,86558031.38333333,259674094.14999998,343.6666666666667,2007.064811673051,5.589983217886566
628,beenalth,beenalth,8,8,204100.0,70353.5707070707,50.40231729919361,59943901.69100729,54793602.132036984,72031037.05624999,576248296.4499999,395.125,311.178159565949,26.769196287352663
629,ngocquynhdaily95,ngocquynhdaily95,1,1,6753.0,739.8933333333333,36.64262322209574,59922845.09839942,59922845.09839942,31308761.8,31308761.8,307.0,1997.29957844398,91.39321280472811
630,bimbumne,bimbumne,3,3,572700.0,317764.3333333333,54.81115125230354,59862169.65591017,60449061.95207768,60745139.093333334,182235417.28,329.0,46.33671646285007,25.425833984188905
631,jennyreviewday___,jennyreviewday___,3,3,2388.0,51935.555555555555,42.94089476012575,59815567.951062806,61655745.89456441,77807154.07333334,233421462.22000003,378.3333333333333,1993.5448782871981,36.513676209991544
632,hiniha0xincha0,hiniha0xincha0,1,1,1500000.0,216892.2727272727,55.593762269690764,59465650.25911311,59465650.25911311,39626739.48,39626739.48,375.0,-44.498726424827765,50.06445405160322
633,vubaolong.vn,vubaolong.vn,1,1,8309.0,28756.043478260868,43.77414540636595,59452004.24338842,59452004.24338842,38677905.76,38677905.76,100.0,1980.8201485185946,53.71050493864284
634,reencyngo,reencyngo,2,2,12500000.0,3739.75,43.96794653075105,59267634.3994064,59267634.3994064,110792905.41,221585810.82,554.0,-79.25632796020776,48.406199557479454
635,huongbietnoi,huongbietnoi,2,2,1747.0,35637.22899159664,41.72838551949858,59204351.7418932,59204351.7418932,241213994.485,482427988.97,260.5,1972.152310966262,73.91539437430876
636,lienxaigi,lienxaigi,1,1,226.0,12484.4,36.63705511230863,59184265.93735431,59184265.93735431,24651860.94,24651860.94,469.0,1971.4493078074006,140.08031718742248
637,mehuongdongcon,mehuongdongcon,1,1,489600.0,286232.0,54.3734733207891,59063408.32658349,59063408.32658349,33839684.72,33839684.72,311.0,68.89046498614559,74.53888478953739
638,maris_camtu,maris_camtu,3,3,224900.0,16396.571428571428,47.844262236541596,58989785.378130026,48159257.2450831,80501570.11666667,241504710.35000002,506.6666666666667,267.2107582453625,58.90609391650447
639,dientrandk_68,dientrandk_68,2,2,749600.0,20340.714285714286,47.990140690254165,58954573.40141155,58954573.40141155,72674959.26,145349918.52,395.5,10.107260888442042,28.22632977246706
640,thch.son.mii,thch.son.mii,1,1,1812.0,24041.043478260868,41.07939311349192,58954471.457063824,58954471.457063824,162710602.65,162710602.65,314.0,1963.406500997234,63.767283448713954
641,ngoctrinh89,ngoctrinh89,3,3,7300000.0,3719449.0,63.337728445340616,58889764.56686214,66780746.62038569,65868647.79333333,197605943.38,295.3333333333333,-79.38858240159826,32.46783410803556
642,toanthangglobal,toanthangglobal,2,2,120000.0,7543.906973461321,45.37534637644811,58886525.54940607,58886525.54940607,60318512.105000004,120637024.21000001,543.0,587.0094647430707,27.810319581896408
643,chime.emsoc,chime.emsoc,2,2,2801.0,2240.2608695652175,37.33830586371233,58846655.32750647,58846655.32750647,59544903.17,119089806.34,522.0,1959.6329364627263,9.067653529168336
644,voof.review,voof.review,1,1,2155.0,17880.727272727272,40.797166896652,58734079.5475547,58734079.5475547,84437623.69,84437623.69,36.0,1955.6927841644147,30.440866309563592
645,tuanthanh123.123,tuanthanh123.123,1,1,2065.0,577.7352941176471,34.345617517896606,58719996.99429567,58719996.99429567,18777706.51,18777706.51,166.0,1955.1998948003484,212.71123000577595
646,phuonganhcun97,phuonganhcun97,1,1,2100000.0,647257.0,58.1506392787697,58697398.33953991,58697398.33953991,72635992.7,72635992.7,423.0,-60.8684011069734,19.1896521852865
647,quinskincareholic,quinskincareholic,3,3,183600.0,68794.0,50.198606750990415,58691754.77671558,69044057.9340601,92401761.58333333,277205284.75,388.6666666666667,347.54061376580506,48.80276135067288
648,_pupunpurin,_pupunpurin,1,1,1900000.0,553898.0,57.70548968491409,58628991.0737232,58628991.0737232,141135653.45,141135653.45,313.0,-56.79969078778291,58.459120965848896
649,myanhcuaanhoi,myanhcuaanhoi,1,1,126800.0,217368.0,51.76580858121424,58601587.4612938,58601587.4612938,97167584.25,97167584.25,423.0,547.0206817493006,39.69018792263141
650,48maiyeu,48maiyeu,1,1,1354.0,286.5533980582524,32.38952903228216,58598414.71033096,58598414.71033096,39312991.05,39312991.05,201.0,1950.9445148615835,49.056108795697874
651,hphuc_1210,hphuc_1210,1,1,403000.0,490154.0,55.0727601354457,58508203.44801318,58508203.44801318,268392440.31,268392440.31,98.0,103.25430478217976,78.20050245065221
652,sunshinelovely6,sunshinelovely6,1,1,192400.0,853848.0,54.95904001291968,58492770.59650767,58492770.59650767,24580045.41,24580045.41,299.0,325.62307086855884,137.96852129781183
653,ngdiuthen,ngdiuthen,6,6,798200.0,60981.25,52.16714195851024,58399507.51852018,17472240.375710547,85902319.26,515413915.56,352.3333333333333,2.429604768138605,63.89430359571332
654,minn.riviu,minn.riviu,2,2,23100.0,49430.08974358975,46.35332484517898,58340558.31119536,58340558.31119536,71967652.505,143935305.01,397.5,1941.9195408918374,22.592485269288673
655,trisphanbeauty,trisphanbeauty,1,1,62100.0,30425.5,46.998812837377905,58269440.96046316,58269440.96046316,88975758.21,88975758.21,116.0,1213.6427913792015,34.51088011755291
656,hg.aanh,hg.aanh,3,3,64600.0,36713.333333333336,47.409673641178934,58260854.74480461,23388343.10103597,81656775.44000001,244970326.32000002,311.6666666666667,1162.6191430762608,34.03021744041936
657,ch.em.go.cm.aff,ch.em.go.cm.aff,1,1,1010.0,247.93548387096777,31.666864119555022,58246303.506482296,58246303.506482296,105311232.78,105311232.78,200.0,1938.6206227268804,44.69127179608513
658,tomskincare,tomskincare,5,5,610400.0,122165.0,53.130793766037534,58202022.37495176,31920332.5514231,117793809.08799998,588969045.4399999,317.2,33.490877006770084,47.30525789234213
659,lliinnhhllyy,lliinnhhllyy,1,1,713500.0,57589.71428571428,51.9731576395554,57929689.54046581,57929689.54046581,71158857.45,71158857.45,365.0,13.667225447305013,18.591034740586878
660,decoco.accessories,decoco.accessories,2,2,318100.0,21353.475609756097,48.873636885959385,57656627.64410757,57656627.64410757,125732639.18499999,251465278.36999997,391.0,153.75441276878524,41.80390335961438
661,trucbanhmd,trucbanhmd,1,1,139700.0,648309.0,53.95001918205058,57557690.39132525,57557690.39132525,27385287.66,27385287.66,100.0,476.8129316238751,110.17741754597749
662,lo.thanh.chi.vuong,lo.thanh.chi.vuong,1,1,1037.0,47109.75,41.46645710197629,57379334.085641466,57379334.085641466,124642614.92,124642614.92,96.0,1908.2766929974512,53.964914710374515
663,thaothichkechuyen2025,thaothichkechuyen2025,2,2,5783.0,422.00156985871274,34.98553571615237,57272259.345955886,57272259.345955886,33300718.509999998,66601437.019999996,191.0,1904.529077108456,75.77730100115392
664,fbtran_nhien_shop,fbtran_nhien_shop,2,2,101400.0,9273.523529411765,45.485195662910996,57063580.3216575,57063580.3216575,86138584.61000001,172277169.22000003,290.5,687.8600833364941,47.74008775622257
665,thuykieu_2802,thuykieu_2802,2,2,2500000.0,51356.642857142855,53.629707017772546,57038206.01864089,57038206.01864089,94795982.87,189591965.74,556.5,-68.0586046295611,170.57146785878098
666,thao121220,thao121220,1,1,9240.0,18986.92307692308,43.16628048870875,56989147.67986439,56989147.67986439,122086805.67,122086805.67,114.0,1894.620168795254,53.320797143381924
667,bina.songsinhkhacgioi,bina.songsinhkhacgioi,1,1,15800.0,9869.75,42.780612024913374,56924554.76876343,56924554.76876343,78762935.99,78762935.99,195.0,1892.35941690672,27.726723168381177
668,pinkbear.24,pinkbear.24,2,2,4215.0,15035.196969696972,41.49555166898023,56898005.816938914,56898005.816938914,64845877.15,129691754.3,282.0,1891.4302035928617,17.103150493385918
669,nguyengiabaongoc_7,nguyengiabaongoc_7,1,1,11600.0,118650.0,46.92959897810216,56673162.14011909,56673162.14011909,37704361.42,37704361.42,160.0,1883.560674904168,50.309301114584656
670,tiemnhami28,tiemnhami28,1,1,7940.0,1366.4032258064517,38.034349054511445,56644871.09917712,56644871.09917712,33919565.53,33919565.53,95.0,1882.5704884711993,66.99763164442018
671,vheu170cm,vheu170cm,2,2,30900.0,27105.84375,45.64947098752542,56623471.16973665,56623471.16973665,58610783.28,117221566.56,161.0,1881.8214909407827,33.06981576019858
672,cudau8,cudau8,1,1,1600000.0,50633.0,52.98613404272259,56352572.84618769,56352572.84618769,96522561.49,96522561.49,358.0,-50.69149875958578,41.61720122603049
673,riviupasttime,riviupasttime,2,2,1235.0,16243.213888888888,39.39990767193865,56331502.392409,56331502.392409,67675030.66,135350061.32,238.5,1871.602583734315,39.380099620970185
674,donnguyen_dv,donnguyen_dv,1,1,799300.0,35309.25,51.23877822644315,56310355.228263535,56310355.228263535,32184073.62,32184073.62,288.0,-1.3705776059440173,74.96341791012698
675,thanhloanshop02,thanhloanshop02,1,1,10200.0,25863.478260869564,43.8948350828046,56310148.59433015,56310148.59433015,63881237.36,63881237.36,575.0,1870.8552008015552,11.851819217281756
676,lachimimakeup,lachimimakeup,4,4,21800.0,1877.75,40.19209222358083,56277384.865460195,45741247.42721082,54695048.0325,218780192.13,327.5,1869.7084702911066,40.43730126120877
677,liiunbox03,liiunbox03,1,1,1609.0,120286.33333333331,43.89198700517219,56242899.59851977,56242899.59851977,125367995.43,125367995.43,35.0,1868.501485948192,55.13775313578868
678,nhatnhieumui,nhatnhieumui,1,1,114300.0,373194.0,52.61085572713844,56021093.4668974,56021093.4668974,40560239.99,40560239.99,94.0,586.1726233915691,38.11824949928605
679,meoxinhriviu2,meoxinhriviu2,1,1,1404.0,1900.8062015503876,35.96193735020849,55936719.52649967,55936719.52649967,44476730.5,44476730.5,204.0,1857.7851834274884,25.76625776595623
680,thanhtranofficial,thanhtranofficial,4,4,1700000.0,56433.75,53.186491557780876,55916488.60521038,39176229.50022344,62693402.89,250773611.56,365.0,-53.95112703100322,13.811660553640724
681,baoolinhhh86,baoolinhhh86,2,2,4538.0,11978.516666666666,39.62005385128954,55772322.31911023,55772322.31911023,41649338.565,83298677.13,40.5,1852.0312811688582,17.58854650976983
682,ngochanduongg,ngochanduongg,2,2,147000.0,177126.875,51.37518534801005,55626873.00731206,55626873.00731206,33297158.425,66594316.85,203.5,429.77974292678147,89.00454189435597
683,vnnh2003,vnnh2003,1,1,2200000.0,402450.0,57.33837527443484,55437891.50481239,55437891.50481239,73976403.2,73976403.2,62.0,-64.72134176966485,25.06003386656627
684,bigheart.network,bigheart.network,1,1,43600.0,2119.5333333333333,41.49248995552695,55277887.00373068,55277887.00373068,60644122.22,60644122.22,478.0,1674.978023055572,8.84873095664921
685,anhthi2k0,anhthi2k0,1,1,994.0,9697.206896551725,38.45899797501418,55160507.0430625,55160507.0430625,178708974.22,178708974.22,564.0,1830.6177465071876,69.13389085029549
686,maitrithuc2019,maitrithuc2019,1,1,134700.0,5464.111111111111,45.00412936465101,55091897.78686933,55091897.78686933,37318958.27,37318958.27,282.0,472.5958196111141,47.62442560235304
687,beexinhxinh_,beexinhxinh_,1,1,1443.0,11354.382978723404,39.33027126219093,54785723.90670074,54785723.90670074,109505214.46,109505214.46,34.0,1817.500336734526,49.96975789978217
688,hoobii5,hoobii5,1,1,2976.0,370.9251336898396,34.0892574784788,54702665.37512287,54702665.37512287,25811619.17,25811619.17,188.0,1814.5932881293004,111.93039078579767
689,thuhoaishop9091,thuhoaishop9091,1,1,119100.0,10608.833333333334,46.04797245444515,54587730.475847475,54587730.475847475,90507979.7,90507979.7,109.0,541.6693758705833,39.68738374584725
690,colorkey.luminous_vn,colorkey.luminous_vn,1,1,4655.0,973.58,36.57593066761004,54575092.95086703,54575092.95086703,89917716.88,89917716.88,548.0,1810.1282532803457,39.305517483611816
691,hngtuyetnhi.accphu,hngtuyetnhi.accphu,1,1,159400.0,98046.5,50.638862386866755,54464254.06199432,54464254.06199432,54541495.86,54541495.86,393.0,378.35605826092876,0.14162024122687447
692,hakimdailyyy,hakimdailyyy,2,2,396800.0,172711.75,52.954883289337644,54461942.06790366,54461942.06790366,73507927.77,147015855.54,83.0,92.15402947345041,101.02626344930638
693,emtamdunggi,emtamdunggi,1,1,38300.0,481939.5,51.39096006317846,54391080.29929395,54391080.29929395,99826961.9,99826961.9,364.0,1803.687810475288,45.51463926771677
694,belinhstore.98,belinhstore.98,1,1,24100.0,13422.682926829268,44.007670335450285,54390893.36394216,54390893.36394216,68941947.71,68941947.71,392.0,1803.6812677379753,21.106242033175413
695,banhmipate.review,banhmipate.review,1,1,3229.0,494868.0,47.60449079963555,54200667.19913369,54200667.19913369,94639381.64,94639381.64,67.0,1797.023351969679,42.72926739387592
696,mc_quangtamm,mc_quangtamm,1,1,108100.0,3265.4268292682927,43.70494229149042,54071292.00947096,54071292.00947096,62379154.72,62379154.72,60.0,600.2757522040642,13.318331657138295
697,_nhpa92_,_nhpa92_,1,1,117800.0,364366.0,52.61308005432036,53970758.54058022,53970758.54058022,59314308.97,59314308.97,437.0,541.4181829950111,9.008872432657759
698,tandat.0805,tandat.0805,1,1,962800.0,452204.0,56.27359125756123,53920106.554844804,53920106.554844804,76923001.24,76923001.24,318.0,-21.59519196428882,29.903792512445126
699,cutelady106,cutelady106,1,1,27600.0,2517.1666666666665,41.10318855663678,53759614.62138669,53759614.62138669,95581447.08,95581447.08,285.0,1781.5865117485341,43.75517816089263
700,imanhdan,imanhdan,1,1,3384.0,24464.352941176472,42.080310955463766,53736511.37221478,53736511.37221478,39470780.03,39470780.03,388.0,1780.7778980275175,36.14251183121292
701,myphamchinhhang6666888,myphamchinhhang6666888,3,3,38200.0,9004.88,43.979188312675,53680338.51833362,52160629.68696307,50288121.03333333,150864363.1,360.0,1778.8118481416768,22.813074053869528
702,jinnna04,jinnna04,2,2,3041.0,5375.121184291087,38.91321122120313,53671689.48586298,53671689.48586298,43847735.395,87695470.79,321.0,1778.5091320052043,34.79288623591858
703,shopphuonganh11,shopphuonganh11,1,1,1075.0,781.5,33.895214689668215,53631178.21021139,53631178.21021139,60005410.48,60005410.48,33.0,1777.0912373573985,10.622762545576055
704,sgreview0,sgreview0,1,1,1066.0,156.32923832923834,30.89643706826432,53579005.952338345,53579005.952338345,24319882.03,24319882.03,184.0,1775.265208331842,120.30948129701244
705,kimphuong_1133,kimphuong_1133,2,2,2283.0,1032.1241379310345,29.765521764375123,53557596.01565351,53557596.01565351,14272643.435,28545286.87,151.5,1774.515860547873,220.681189023851
706,lilanhlunglam_,lilanhlunglam_,6,6,274300.0,120769.20833333333,51.69160277710306,53536494.36157403,55981438.858073816,59071964.806666665,354431788.84,307.8333333333333,173.2449584622809,23.18849085504825
707,reviewwithotis,reviewwithotis,1,1,1850.0,41140.0,42.11143872597498,53508454.908831574,53508454.908831574,28739377.84,28739377.84,274.0,1772.7959218091048,86.18515406536572
708,studywith.anna_,studywith.anna_,2,2,34700.0,656633.0,51.085867735703914,53432261.37606846,53432261.37606846,84522179.89,169044359.78,322.0,1770.129148162396,24.829962315758607
709,duyenmymall,duyenmymall,3,3,2793.0,1484.517857142857,36.568380269804294,53347100.26386416,50550024.63379461,92574412.64333333,277723237.93,284.3333333333333,1767.1485092352457,62.96954198849627
710,nganhiiireview,nganhiiireview,1,1,22300.0,118733.33333333331,47.94458043341195,53271503.45071804,53271503.45071804,29421744.47,29421744.47,280.0,1764.5026207751312,81.06167533688065
711,hienhaynoihay,hienhaynoihay,1,1,149500.0,39940.77777777778,48.86794131152961,53189286.55508247,53189286.55508247,124609143.88,124609143.88,614.0,398.0936533586318,57.31510152553142
712,chuyensikhuonggai,chuyensikhuonggai,1,1,26700.0,4727.068965517241,42.224338220973365,53092535.1192072,53092535.1192072,55954555.01,55954555.01,421.0,1758.2387291722523,5.114900637278421
713,quyenngoc1815,quyenngoc1815,1,1,14800.0,2326.4210526315787,39.990027230122756,52942028.72168389,52942028.72168389,40365017.77,40365017.77,150.0,1752.9710052589362,31.15819500773599
714,hongnhungg1911,hongnhungg1911,1,1,49300.0,94392.25,48.74804091453442,52760231.83882596,52760231.83882596,71516897.23,71516897.23,59.0,1398.26216175165,26.226900379713296
715,cuuchamchii,cuuchamchii,1,1,5337.0,10484.681818181818,41.209861404503876,52539790.42261147,52539790.42261147,44849886.6,44849886.6,269.0,1738.892664791401,17.145871273198416
716,annhien22266,annhien22266,2,2,2466.0,8687.538461538461,39.54216175890304,52493434.034955435,52493434.034955435,44748884.16,89497768.32,308.5,1737.27019122344,38.06611321893699
717,thegioisonmoi.123,thegioisonmoi.123,1,1,1577.0,1693.375,35.92708951274176,52385244.90840578,52385244.90840578,21671633.72,21671633.72,604.0,1733.4835717942021,141.72263884314938
718,kieu_oanh_buon_si,kieu_oanh_buon_si,1,1,84600.0,12374.632653061224,45.804010691999665,52350939.02999641,52350939.02999641,43780533.73,43780533.73,330.0,766.3275962410753,19.57583558220457
719,bamebo1.1.1,bamebo1.1.1,2,2,42300.0,13540.875,44.89248869829176,52343532.41869745,52343532.41869745,46759764.870000005,93519529.74000001,364.0,1632.4100564107898,11.921851655512949
720,emmatran228,emmatran228,1,1,2877.0,611149.0,47.81833846801715,52261246.87717142,52261246.87717142,21374023.49,21374023.49,91.0,1729.1436407009996,144.5082316935894
721,linh_cute529,linh_cute529,2,2,156800.0,10340.35,46.426814703416866,52146770.68841718,52146770.68841718,44073019.09,88146038.18,168.0,365.5961668608676,16.143513756813775
722,thuha_moon98,thuha_moon98,2,2,4029.0,16288.988888888889,41.166046399933734,52131928.62887751,52131928.62887751,36619130.370000005,73238260.74000001,218.0,1724.6175020107125,43.80304737922756
723,tuyetmia204,tuyetmia204,1,1,613100.0,74844.2,52.22569772443543,52059675.19383693,52059675.19383693,56637964.77,56637964.77,32.0,18.877092271035217,8.083428835684618
724,mebim.shopping,mebim.shopping,1,1,1608.0,7663.818181818182,38.7665174670609,52012279.99068463,52012279.99068463,55099796.54,55099796.54,178.0,1720.429799673962,5.603499002167768
725,nhunaylee,nhunaylee,1,1,91900.0,167857.0,50.78541888277378,51990417.59813351,51990417.59813351,42267204.21,42267204.21,522.0,692.0194193404453,23.004155514580013
726,thaotrang.riviu,thaotrang.riviu,1,1,1315.0,542.53125,33.52925692355075,51738830.855697274,51738830.855697274,11130623.11,11130623.11,410.0,1710.8590799494043,364.8331934733641
727,motdoiannhien10,motdoiannhien10,1,1,2473.0,294.3939393939394,33.37338649741399,51737394.54804029,51737394.54804029,39694446.57,39694446.57,32.0,1710.80880918141,30.33912554191404
728,thaoanh.dayy,thaoanh.dayy,2,2,159700.0,55370.82142857143,49.55292496238344,51582834.267287225,51582834.267287225,56220999.94500001,112441999.89000002,40.5,352.1976704708961,6.842628873856144
729,aiimyy_0707,aiimyy_0707,4,4,14700.0,3748.849393530997,40.85954387913432,51498520.67514843,27553744.830625363,74380408.955,297521635.82,348.5,1702.4482236301951,27.220062493174062
730,eb06thg9,eb06thg9,2,2,528200.0,646342.5,54.23944724050696,51286767.03738299,51286767.03738299,51361230.5,102722461.0,227.5,35.93614890635399,67.02972229884324
731,thanhthuy1896,thanhthuy1896,4,4,1597.0,1656.2870926243568,35.887785546667956,51252028.69857169,38074748.691794686,49576883.3875,198307533.55,255.5,1693.821004450009,18.467330505723915
732,phdi03,phdi03,1,1,119900.0,98101.0,50.198224417518865,51246715.50423575,51246715.50423575,14162339.98,14162339.98,188.0,498.37699504528825,261.85203558597067
733,hthubyy_16,hthubyy_16,1,1,2921.0,441812.0,47.237975011894314,51242584.60113126,51242584.60113126,29797789.04,29797789.04,262.0,1693.490461039594,71.96774073520746
734,hue.uii,hue.uii,1,1,495000.0,48161.333333333336,51.073291770484644,51135956.28475107,51135956.28475107,69732505.82,69732505.82,187.0,44.62694706798283,26.66840853712049
735,bemapcutee6,bemapcutee6,1,1,3621.0,25665.42307692308,42.27447670087553,51034251.71741037,51034251.71741037,45341779.32,45341779.32,368.0,1686.1988101093625,12.554585379712819
736,nhachunday,nhachunday,4,4,23200.0,3137.3,41.24359523501669,50969586.635913074,47158298.92067656,51502914.46,206011657.84,338.25,1683.9355322569575,16.03738047139082
737,thngannnn310304,thngannnn310304,1,1,14600.0,800.719298245614,37.985271519152256,50889183.078011245,50889183.078011245,34776582.78,34776582.78,341.0,1681.1214077303935,46.33175260473721
738,thichanbanh22,thichanbanh22,1,1,2828.0,23223.75,41.70514577693242,50841771.53320393,50841771.53320393,75885485.51,75885485.51,321.0,1679.4620036621375,33.001981615438005
739,ngoclam_a,ngoclam_a,3,3,15800.0,7737.133333333333,42.32755226825802,50772931.270218216,30645699.27763952,69716246.61666666,209148739.85,393.3333333333333,1677.0525944576373,24.516015860398845
740,changyeuamnhac,changyeuamnhac,3,3,400200.0,102921.0,52.156980801355736,50448069.12916853,49888880.41792355,95904598.43,287713795.29,225.66666666666666,76.48000195111429,61.81911667457358
741,_han_n,_han_n,1,1,34400.0,132001.66666666666,48.8140604047044,50377067.68937155,50377067.68937155,26106690.28,26106690.28,84.0,1663.197369128004,92.96612151546752
742,tiemnhadao04,tiemnhadao04,1,1,3574.0,5191.480519480519,39.27997326481955,50352432.39916132,50352432.39916132,23058533.05,23058533.05,84.0,1662.335133970646,118.36789135708403
743,ntnx.23104,ntnx.23104,1,1,1845.0,231831.0,45.325379862078904,50343795.420225434,50343795.420225434,83057301.71,83057301.71,310.0,1662.03283970789,39.38667114902903
744,banhmyday_1,banhmyday_1,4,4,7772.0,96608.5,44.50019709752311,50257219.60603358,28500725.29345326,147116614.245,588466456.98,462.75,1659.0026862111754,56.550468607806565
745,sunn.mii0,sunn.mii0,3,3,2059.0,7863.666666666667,39.19767936394881,50102639.65266398,21464127.656890117,34381005.74333333,103143017.22999999,246.0,1653.5923878432395,43.36903773498534
746,coxuyenmientay,coxuyenmientay,1,1,9623.0,1662.3902439024391,38.697197186526324,50040942.32285712,50040942.32285712,308020940.77,308020940.77,29.0,1651.432981299999,83.75404535881124
747,myphamnhuhuynh,myphamnhuhuynh,2,2,3744.0,1072.4264539007092,36.411847340423634,50029184.61825734,50029184.61825734,53883403.3,107766806.6,136.0,1651.0214616390067,39.31923926547772
748,nganreviewdoxinh,nganreviewdoxinh,1,1,10800.0,297.65625,35.679773280423134,49891909.43656653,49891909.43656653,80322513.28,80322513.28,255.0,1646.2168302798286,37.88552250270607
749,skincare11117,skincare11117,1,1,4699.0,240.49726775956285,33.99378267863153,49864263.279762425,49864263.279762425,19366239.45,19366239.45,171.0,1645.2492147916846,157.48036116408974
750,minhphuongcare,minhphuongcare,8,8,6243.0,14213.254285714285,42.0149662888429,49695782.689565815,34969300.44816701,50774594.21125,406196753.69,348.625,1639.3523941348033,44.61843562968324
751,gialoi15,gialoi15,1,1,189800.0,5240.1,45.45811442074196,49639100.44338107,49639100.44338107,48723909.52,48723909.52,573.0,266.1472108573946,1.8783199714411336
752,kimphongthuy89,kimphongthuy89,1,1,48700.0,714.6,39.64217461957037,49606518.16035307,49606518.16035307,85227600.34,85227600.34,448.0,1326.060070318158,41.79524243031965
753,samsam_m53,samsam_m53,3,3,522200.0,80696.4,52.11691337370763,49508684.437689096,54621648.48442859,47292620.29666666,141877860.89,346.3333333333333,32.731057473697305,46.8613606570908
754,munchamda100,munchamda100,1,1,3065.0,1456.3225806451612,36.67680573219254,49417757.43145,49417757.43145,76017024.51,76017024.51,17.0,1629.6215101007497,34.99119736665157
755,nhadaungok.9x,nhadaungok.9x,1,1,10400.0,28554.2,44.109156973242264,49369414.7202074,49369414.7202074,46618262.71,46618262.71,495.0,1627.9295152072589,5.901446879995498
756,cocong8668,cocong8668,1,1,81000.0,35793.666666666664,47.7133534634561,49356516.820237145,49356516.820237145,43975311.24,43975311.24,356.0,753.0755993621235,12.236878895225171
757,dieu_kim_3,dieu_kim_3,2,2,39400.0,33298.68269230769,46.45129596032906,49287680.637310244,49287680.637310244,73878403.165,147756806.33,69.5,1625.0688223058585,50.572018078595946
758,chouchinchan,chouchinchan,8,8,585500.0,122423.25,53.050476984197886,49177935.31195596,48662788.59332909,52218573.58875,417748588.71,323.125,17.590280848400237,27.6775761215931
759,jinsiushop,jinsiushop,1,1,1241.0,710.4078947368421,33.94046656623455,49160013.92613738,49160013.92613738,50277018.16,50277018.16,169.0,1620.6004874148082,2.2216994458738526
760,hana.olay,hana.olay,1,1,1070.0,614.6666666666666,33.44168166713916,48947590.85425855,48947590.85425855,32684776.08,32684776.08,138.0,1613.165679899049,49.75654333520083
761,lanhxinhyeu06,lanhxinhyeu06,1,1,1800000.0,356760.0,56.80282921426557,48821228.19514664,48821228.19514664,40579494.17,40579494.17,490.0,-62.02793362599706,20.310095514299604
762,doantnhi_68,doantnhi_68,1,1,18300.0,23544.666666666668,44.62655220876861,48815154.609562024,48815154.609562024,61575526.15,61575526.15,499.0,1608.5304113346708,20.723122217995005
763,kyduyn997,kyduyn997,2,2,1300000.0,99023.0,53.865695595872396,48711077.32695231,48711077.32695231,49363710.83,98727421.66,318.5,-47.541916724820595,2.8875064477646295
764,my3hoa,my3hoa,1,1,1085.0,1164.1290322580646,34.65051885370028,48677242.76841876,48677242.76841876,381877547.82,381877547.82,90.0,1603.7034968946564,87.25318022850534
765,adriedrose104,adriedrose104,1,1,83600.0,109190.0,49.838222439312766,48454969.55894335,48454969.55894335,21581131.26,21581131.26,559.0,711.446858642592,124.52469694558242
766,innis_stu,innis_stu,1,1,22200.0,21392.30769230769,44.747759533229306,48315077.89249755,48315077.89249755,88203145.06,88203145.06,383.0,1591.027726237414,45.2229533769671
767,hienpiii1,hienpiii1,1,1,50900.0,96275.2,48.83434158373694,48068756.62244456,48068756.62244456,52587494.66,52587494.66,322.0,1222.1269012067266,8.592799612856542
768,cuvuidii,cuvuidii,3,3,122400.0,2334.15625,43.27296682302143,47969805.866048865,54456852.82260708,67618376.55333333,202855129.66,230.66666666666666,448.674250101866,59.9694034536999
769,anh1998_2,anh1998_2,5,5,10500.0,5386.056603773585,41.019711139467,47921732.611654356,53100202.964669354,33506584.292000003,167532921.46,269.0,1577.260641407902,54.48585279861585
770,vananh.onni,vananh.onni,13,13,121900.0,55996.0,49.18025564573278,47704402.83788311,19676196.256080016,52618150.571538456,684035957.43,213.07692307692307,447.87665277306263,37.09589169267792
771,chuliemeomeo22807,chuliemeomeo22807,5,5,185700.0,89402.5,50.703950945675366,47654890.69386773,34166594.2409861,60273967.048,301369835.24,264.0,259.2721969381519,28.804495592401363
772,chanlamdep289,chanlamdep289,5,5,4313.0,24977.809523809523,42.49511727035184,47577065.751455635,55275244.184848435,133517857.06600001,667589285.33,202.8,1565.197301300947,96.32768371713163
773,luongthuchien6868,luongthuchien6868,1,1,144600.0,112569.33333333331,50.744809413978885,47476609.7003463,47476609.7003463,47165137.87,47165137.87,383.0,359.66288783184524,0.6603857094721161
774,tolahann08,tolahann08,4,4,1000000.0,432468.5,56.2492124902451,47443217.69277305,46088267.5976385,62226205.1625,248904820.65,255.25,-33.57949523011772,20.722008726593376
775,ngan_aleybeauty,ngan_aleybeauty,7,7,435300.0,38231.07692307692,50.44417761425424,47331875.10275512,39614970.31705742,47083975.69142858,329587829.84000003,263.2857142857143,52.22748712119726,41.344586088266844
776,tiemnhamankieu,tiemnhamankieu,3,3,6599.0,15487.153846153846,42.2650361856931,47315155.46376894,33665228.29252009,24853736.393333334,74561209.18,59.666666666666664,1556.0304412319128,77.94297374534789
777,hanhan.riviu,hanhan.riviu,1,1,2421.0,156460.33333333334,45.01474706458776,47313102.75313384,47313102.75313384,14435476.49,14435476.49,79.0,1555.9585963596844,227.75573972850438
778,anxinh_05,anxinh_05,2,2,1341.0,2852.3166852020354,35.657162804484514,47206125.13984704,47206125.13984704,95245158.98,190490317.96,341.0,1552.2143798946463,53.06374821700386
779,do_linhne,do_linhne,1,1,43300.0,522772.0,51.73264393034249,47139611.19925221,47139611.19925221,25581205.88,25581205.88,82.0,1424.1444729550367,84.27439042702474
780,hanact,hanact,1,1,2800000.0,337894.0,57.387010322765185,47069009.731482886,47069009.731482886,51505876.96,51505876.96,94.0,-76.46549513425856,8.614293145543046
781,mechangvadola,mechangvadola,1,1,41700.0,20336.272727272728,45.63130118105016,46966178.181092806,46966178.181092806,63401815.33,63401815.33,94.0,1476.8021451685834,25.922975648822316
782,oldspicevietnam,oldspicevietnam,1,1,12900.0,5264.333333333333,41.296432261087354,46964927.74567513,46964927.74567513,68356712.72,68356712.72,133.0,1543.7724710986295,31.294344217442156
783,urfav._carrot,urfav._carrot,2,2,7553.0,3078.3690476190477,38.73226240674212,46897871.85613839,46897871.85613839,22476313.12,44952626.24,44.5,1541.4255149648436,112.73009418080788
784,vokimthan,vokimthan,1,1,1837.0,470.9222972972973,33.78448832253051,46783883.65002843,46783883.65002843,103366753.46,103366753.46,160.0,1537.435927750995,54.73991193103257
785,sunsilkvietnam,sunsilkvietnam,1,1,49700.0,1181.787234042553,40.60899891358542,46759559.36753831,46759559.36753831,120340019.74,120340019.74,274.0,1217.1706864095297,61.1437994870165
786,winnies2812,winnies2812,1,1,3529.0,379.46666666666664,34.39579023937397,46752552.509215705,46752552.509215705,173856579.14,173856579.14,239.0,1536.3393378225496,73.10855146208318
787,samsamdenroi1376,samsamdenroi1376,3,3,370000.0,24690.277777777777,49.37829205586833,46728900.13042697,54347901.43619501,56276196.57666666,168828589.73,312.3333333333333,76.81205454756149,44.7538074390899
788,_minhtamm,_minhtamm,7,7,30300.0,7712.3125,43.33147387001027,46725174.58069982,42387752.16392423,28175017.465714283,197225122.26,176.85714285714286,1535.3811103244936,86.99167779957244
789,rom130198,rom130198,1,1,386300.0,9804.67741935484,47.72630556103486,46666961.86527611,46666961.86527611,9002023.98,9002023.98,266.0,69.1269650825435,418.4052160820405
790,cheereviewnek,cheereviewnek,1,1,49000.0,598952.0,52.17765296812118,46634819.21443636,46634819.21443636,21416079.0,21416079.0,239.0,1232.423406126753,117.75610378742233
791,lilishop_73,lilishop_73,1,1,9151.0,35058.22222222222,44.292661972555976,46555964.55339165,46555964.55339165,63350934.37,63350934.37,160.0,1529.4587593687077,26.511005691751325
792,changanhbigsize911,changanhbigsize911,1,1,81100.0,226980.0,51.15314361285878,46519409.9523569,46519409.9523569,56047049.52,56047049.52,335.0,703.0477673649773,16.999359733010092
793,hnil_khh,hnil_khh,1,1,1000000.0,123499.5,53.916676731682955,46496693.30833212,46496693.30833212,39264131.52,39264131.52,170.0,-34.90462936833503,18.4202770017925
794,tuanduowng,tuanduowng,3,3,1500000.0,39507.0,52.42421498866964,46311621.075265594,16897045.993551627,47356789.27666666,142070367.82999998,218.33333333333334,-56.775820329752115,19.78946459887318
795,_suu3103,_suu3103,4,4,2201.0,3592.1708333333336,37.843037895816614,46133096.21100375,43025099.279153466,48558390.894999996,194233563.57999998,232.75,1514.6583673851312,52.92843389470153
796,thu.cuc.91,thu.cuc.91,1,1,90200.0,128748.33333333331,50.26275691754013,46077301.44967563,46077301.44967563,84293876.2,84293876.2,462.0,615.1687586424155,45.337308560410435
797,duongpthao_,duongpthao_,1,1,146200.0,509060.0,53.57050259590862,46032704.85766352,46032704.85766352,39218142.27,39218142.27,236.0,340.8056552717437,17.37604637350793
798,_thynreview,_thynreview,2,2,3750.0,31512.84126984127,41.93021682585005,45937948.40083316,45937948.40083316,64426355.11,128852710.22,298.5,1507.8281940291606,20.145473342000134
799,yenrubie147668,yenrubie147668,2,2,64000.0,1968.9615384615386,35.53599958210508,45756084.72297097,45756084.72297097,37238929.95,74477859.9,362.5,900.91435331499,59.0658129013425
800,quynhhoa1609,quynhhoa1609,1,1,20000.0,1330.7631578947369,39.41796686487169,45674029.36393387,45674029.36393387,67453810.52,67453810.52,362.0,1498.5910277376852,32.28843706258587
801,trangkien.01,trangkien.01,2,2,65500.0,431166.0,51.94755060591034,45646109.786908135,45646109.786908135,48827260.035,97654520.07,247.5,875.6420412468913,46.31096817743645
802,cunniucuame,cunniucuame,1,1,1160.0,3781.1454545454544,36.94565968991585,45636645.031680316,45636645.031680316,36072557.49,36072557.49,167.0,1497.2825761088109,26.513472310167252
803,tyniosaka,tyniosaka,2,2,1100000.0,26424.375,51.19181661370975,45587645.35176661,45587645.35176661,30201212.165,60402424.33,309.5,-41.979360461387955,212.52541609035768
804,cr.mheneh_,cr.mheneh_,1,1,170500.0,3336.157894736842,44.45159158917515,45560262.434298754,45560262.434298754,29038916.22,29038916.22,411.0,274.1018616306056,56.893811356912806
805,ngocanhvu.1611,ngocanhvu.1611,5,5,60100.0,182791.0,50.28534613418899,45523642.887545474,43472554.806508526,49815293.471999995,249076467.35999998,210.2,960.4509158496448,38.5603964014347
806,longthuy222,longthuy222,1,1,113500.0,4678.871428571429,44.44981072130892,45508890.629018016,45508890.629018016,37092520.3,37092520.3,91.0,461.3431443226891,22.69020886407123
807,malumreview,malumreview,1,1,1255.0,122320.0,43.53806241573504,45188564.236957,45188564.236957,26807198.96,26807198.96,155.0,1481.599748293495,68.56876507084722
808,lamphuongday,lamphuongday,4,4,4456.0,1282.064465408805,36.984037018481985,44964979.93399733,43412125.66012918,36641034.6175,146564138.47,206.5,1473.774297689907,66.63880844697458
809,heybeautyskin369,heybeautyskin369,1,1,3553.0,286.60893854748605,33.885524660497566,44887861.07320348,44887861.07320348,6038780.93,6038780.93,326.0,1471.0751375621219,643.3265354966849
810,rocksweet01,rocksweet01,1,1,10100.0,41755.4,44.771066562750235,44852922.15865766,44852922.15865766,21608528.28,21608528.28,300.0,1469.8522755530182,107.57046281662667
811,vinhkhang014,vinhkhang014,2,2,9449.0,9156.488687782805,41.80944520003595,44674314.700024284,44674314.700024284,30836942.725,61673885.45,221.0,1463.60101450085,57.598431648051424
812,camiehoang,camiehoang,3,3,54000.0,40702.166666666664,47.32365086820689,44672763.17759591,48030416.82467396,64265426.156666666,192796278.47,365.3333333333333,1058.1827490487829,34.99080940892673
813,vitphuong150722,vitphuong150722,1,1,5748.0,330.12,34.89371939034709,44641868.268618576,44641868.268618576,45807745.12,45807745.12,153.0,1462.46538940165,2.5451522407995384
814,hamid.0705,hamid.0705,1,1,1600000.0,136961.33333333334,54.83824364082377,44517238.79873363,44517238.79873363,23516611.91,23516611.91,75.0,-61.04741605110807,89.30124360220233
815,ngoc.matcha.review,ngoc.matcha.review,2,2,131700.0,27270.5,47.37086593987604,44424454.2795436,44424454.2795436,89928193.39,179856386.78,274.5,372.24173114169344,55.53635544519683
816,gheuu._,gheuu._,1,1,602200.0,389202.0,55.266498130561594,44408084.015933424,44408084.015933424,22446686.24,22446686.24,74.0,3.240314882608413,97.83803961583519
817,hoa.le8641,hoa.le8641,1,1,2222.0,507.39310344827584,34.218020246818675,44298813.436632924,44298813.436632924,32419597.9,32419597.9,453.0,1450.4584702821523,36.64208166083678
818,ming.yue2304,ming.yue2304,2,2,9587.0,135893.4166666667,46.1043759250791,44273566.5989296,44273566.5989296,47663219.53,95326439.06,279.5,1449.574830962536,12.714584733543155
819,linh.xinh.xn54,linh.xinh.xn54,1,1,1506.0,4046.114285714286,37.47626583800041,44244868.34673095,44244868.34673095,27399211.93,27399211.93,50.0,1448.570392135583,61.48226620447528
820,_socnhoriviu_,_socnhoriviu_,1,1,3053.0,119977.66666666669,44.88021599101157,44194036.289685644,44194036.289685644,61833036.7,61833036.7,279.0,1446.7912701389973,28.52682215155439
821,sangnetna.90,sangnetna.90,2,2,337200.0,13438.433333333334,48.02645720421455,44191790.65934433,44191790.65934433,35767357.745,71534715.49,355.0,83.4771854183928,76.1975910183789
822,_ksyinl_,_ksyinl_,1,1,23800.0,190045.0,48.921043872858746,44162579.00772146,44162579.00772146,25245921.39,25245921.39,296.0,1445.690265270251,74.92955921669952
823,ig.khalac248,ig.khalac248,2,2,1100000.0,220569.25,54.98580039755784,44001848.298654705,44001848.298654705,78544291.8,157088583.6,246.0,-43.99764761989402,36.05120129056572
824,ponie9201,ponie9201,1,1,2115.0,556698.0,47.167595700146705,43851569.4132641,43851569.4132641,41007478.51,41007478.51,150.0,1434.8049294642435,6.935542019660026
825,dealxinne,dealxinne,1,1,447.0,6021.477272727273,36.334552999232635,43725835.49230668,43725835.49230668,36374313.19,36374313.19,269.0,1430.4042422307336,20.210752197316424
826,trinhmeow.vlogger,trinhmeow.vlogger,4,4,543000.0,17308.933333333334,49.11457901315289,43673196.743995376,33884124.91606933,41958094.885000005,167832379.54000002,220.0,12.601243907170389,53.53572032306546
827,hoangnganmakeupcantho,hoangnganmakeupcantho,5,5,397900.0,28962.25,49.78806564591401,43536321.48760184,26268574.25366372,42230204.577999994,211151022.89,143.0,53.181327174271345,32.54702202006665
828,chile.2000,chile.2000,3,3,17200.0,40058.8,45.5195386930438,43532502.11800659,21518844.71445547,25643291.676666666,76929875.03,322.6666666666667,1423.6375741302302,52.92903199831856
829,linhchuoi.2000,linhchuoi.2000,1,1,89300.0,413867.0,52.42056119399378,43456868.14516981,43456868.14516981,61429170.51,61429170.51,501.0,581.294685366604,29.25695107978789
830,_maingocduong_,_maingocduong_,1,1,21900.0,224376.0,49.10108767696196,43247472.05395551,43247472.05395551,81292615.67,81292615.67,253.0,1413.6615218884428,46.800245388197744
831,sonhongpham,sonhongpham,1,1,1400000.0,135530.0,54.6115760981888,43132962.76342159,43132962.76342159,44091467.78,44091467.78,348.0,-56.86703723657842,2.1739013574258776
832,sa_68686868,sa_68686868,1,1,11300.0,979.5588235294116,37.962685273577684,42792176.30887735,42792176.30887735,13755616.15,13755616.15,72.0,1397.7261708107071,211.08876434355395
833,dshiepchamda,dshiepchamda,4,4,14500.0,5290.649193548387,41.48669600933599,42753264.618150525,43786174.877354346,34616085.974999994,138464343.89999998,209.5,1396.3642616352681,46.01195741496849
834,iamhaphung,iamhaphung,1,1,238500.0,88705.75,51.07751715153322,42588899.87075123,42588899.87075123,22603012.9,22603012.9,71.0,149.9977350903636,88.42134037250952
835,pttuyen88,pttuyen88,1,1,5249.0,511.3384615384616,35.5653367093523,42502931.78766477,42502931.78766477,24459816.98,24459816.98,337.0,1387.602612568267,73.7663524727844
836,huong111983,huong111983,1,1,1100000.0,252620.0,55.39651074602443,42321290.75534626,42321290.75534626,50749757.36,50749757.36,61.0,-46.13653903865021,16.60789537349965
837,daubikho_04,daubikho_04,1,1,8140.0,209287.0,47.43656268175356,42300864.75696393,42300864.75696393,39239592.49,39239592.49,52.0,1380.5302664937376,7.80148842713919
838,hangchau.a,hangchau.a,1,1,7416.0,3377.353846153846,39.611932349055785,42208177.334075205,42208177.334075205,35908252.9,35908252.9,431.0,1377.286206692632,17.54450279611127
839,zixinhdep,zixinhdep,2,2,2500000.0,257629.0,56.47761488371617,42113244.661540255,42113244.661540255,52788533.405,105577066.81,262.5,-76.41658298953746,213.4741035021667
840,sophia.beauty99,sophia.beauty99,1,1,1700000.0,52316.0,53.14102560214838,42109772.42264244,42109772.42264244,30853349.91,30853349.91,268.0,-65.32136388723563,36.48363158450446
841,huongngoclan94_,huongngoclan94_,1,1,9749.0,1164.9473684210527,38.05602132371644,42076805.84910802,42076805.84910802,36972243.8,36972243.8,61.0,1372.6882047187805,13.806470812864275
842,hoanhathuynhreaction,hoanhathuynhreaction,2,2,631700.0,22510.075,48.804685138572864,42066441.136240564,42066441.136240564,36355499.075,72710998.15,335.0,-6.770591118035792,16.913954790847136
843,ko.mt067,ko.mt067,1,1,1075.0,3189.375,36.51103204743071,41910652.68127661,41910652.68127661,13882155.58,13882155.58,73.0,1366.8728438446815,201.90306137799828
844,hoapham.1992,hoapham.1992,2,2,176600.0,211464.83333333334,51.78818981932079,41731234.19513528,41731234.19513528,62619360.67,125238721.34,233.0,230.82518614490024,32.84291913538776
845,pig_shop14,pig_shop14,1,1,1229.0,8830.066666666668,38.61352687690625,41682879.658917665,41682879.658917665,68586912.84,68586912.84,26.0,1358.9007880621182,39.22619063471225
846,lphdung368,lphdung368,1,1,14200.0,0.0,25.496377029748096,41656510.28336784,41656510.28336784,226423517.38,226423517.38,24.0,1357.9778599178744,81.60239238159306
847,_honqasmr,_honqasmr,2,2,188100.0,59663.54166666667,49.96404328791917,41620018.1333384,41620018.1333384,31804012.72,63608025.44,304.5,209.77153315616033,35.124379621020616
848,chancomthembun06,chancomthembun06,1,1,14800.0,1396.857142857143,39.04111794277252,41530579.946586356,41530579.946586356,56468107.97,56468107.97,375.0,1353.5702981305224,26.45303439482965
849,mynumlem,mynumlem,2,2,23500.0,5674.277777777777,42.25043076970556,41438454.13217221,41438454.13217221,71399435.815,142798871.63,352.5,1350.3458946260275,96.61451753523974
850,onnicosmetic.vn,onnicosmetic.vn,5,5,49500.0,40518.6,47.18028126805028,41416586.20319658,13346327.391416825,33664025.208,168320126.04,137.0,1071.3781956459638,49.24329559911491
851,yeuquatroi04,yeuquatroi04,1,1,2626.0,3131.7672413793102,37.86157302430875,41409351.69469951,41409351.69469951,106333342.23,106333342.23,76.0,1349.3273093144828,61.05703928206198
852,makeupwithsamsam,makeupwithsamsam,5,5,142500.0,19480.11111111111,47.45721779574987,41397022.83689157,27833788.85101647,42180395.453999996,210901977.26999998,159.8,306.7075927834961,30.435049971341556
853,louisnone,louisnone,2,2,52600.0,192443.25,49.723502313407366,41353561.63983908,41353561.63983908,37034036.9,74068073.8,218.5,1000.6651387029414,24.60140611326817
854,glambaby_,glambaby_,1,1,170600.0,81651.0,50.40360129437571,41337110.074762195,41337110.074762195,25305627.92,25305627.92,47.0,239.22599123485972,63.3514497464491
855,bapnho.3,bapnho.3,1,1,2431.0,167043.0,45.14295440906997,41328218.842234746,41328218.842234746,22174966.31,22174966.31,142.0,1346.487659478216,86.37331062639502
856,cafchuabii,cafchuabii,2,2,1621.0,2824.1150584795323,36.74129875963299,41209982.033281304,41209982.033281304,35191193.099999994,70382386.19999999,39.5,1342.3493711648457,13.147000600107416
857,camellia178,camellia178,1,1,10300.0,12509.047619047618,42.55805983508735,41146334.35101692,41146334.35101692,41470328.21,41470328.21,242.0,1340.1217022855922,0.7812666862495626
858,phanthu_85,phanthu_85,1,1,6367.0,261.35483870967744,34.61905919266344,41027177.3243641,41027177.3243641,23239854.63,23239854.63,24.0,1335.9512063527434,76.53801186605833
859,tizine.official,tizine.official,1,1,397600.0,331811.0,54.32565915980611,41005692.22933087,41005692.22933087,15160520.22,15160520.22,116.0,44.38624024412276,170.47681500556627
860,bubutranxoxo,bubutranxoxo,1,1,144700.0,74455.66666666667,49.976508707917525,40851011.06359794,40851011.06359794,37664199.29,37664199.29,46.0,295.2412957086186,8.461116481093102
861,mint.shareee,mint.shareee,1,1,5059.0,55826.5,44.23941050522686,40833153.003493115,40833153.003493115,24213472.88,24213472.88,140.0,1329.160355122259,68.63815118904627
862,tiemnhahani92,tiemnhahani92,1,1,9354.0,1829.247311827957,38.83115050987189,40745859.41652859,40745859.41652859,51149537.74,51149537.74,59.0,1326.1050795785006,20.339730881547183
863,doublesunday,doublesunday,1,1,1200000.0,459517.0,56.645040101317726,40704109.636414975,40704109.636414975,71551174.76,71551174.76,14.0,-52.511872090849195,43.11189191100435
864,ngochuyenn.01,ngochuyenn.01,2,2,63000.0,203878.75,48.749409877754715,40703522.36298971,40703522.36298971,18997342.11,37994684.22,43.0,804.522719177549,89.37297065715204
865,honglien_1006,honglien_1006,1,1,703.0,166641.0,43.21564511570293,40405830.83805066,40405830.83805066,103950007.75,103950007.75,320.0,1314.204079331773,61.12955476133607
866,trahuongg003,trahuongg003,1,1,18500.0,25157.5,44.76672679794279,40265086.01002253,40265086.01002253,32722858.74,32722858.74,254.0,1309.2780103507885,23.048803070506214
867,chillwith.liunhun,chillwith.liunhun,5,5,50600.0,12226.875,44.984453197424244,40241889.49234729,17150850.46583212,38743898.182,193719490.91,50.6,1013.4119622388578,29.905339023911324
868,beanbean2911,beanbean2911,1,1,12100.0,200464.0,47.97119333143685,40197643.94722342,40197643.94722342,86426114.09,86426114.09,25.0,1306.9175381528196,53.48900691593802
869,qatocdo,qatocdo,1,1,263800.0,273174.0,53.32740061487543,40174803.73512355,40174803.73512355,55805426.7,55805426.7,58.0,113.20972414394606,28.009145148022764
870,phuonghi000,phuonghi000,1,1,24900.0,0.0,26.36744081315215,40083475.71006648,40083475.71006648,1397448.83,1397448.83,23.0,1302.921649852327,2768.3322673121766
871,huonghoasangchanh1,huonghoasangchanh1,2,2,20200.0,2084.9595103578154,40.26411912428725,40081731.638068974,40081731.638068974,150457852.725,300915705.45,84.5,1302.860607332414,97.77157123627838
872,tramhuong94,tramhuong94,1,1,80200.0,105445.33333333331,49.70887200524488,40065461.38575204,40065461.38575204,22926317.06,22926317.06,211.0,599.3970815467936,74.75751242948238
873,duongngamskincare,duongngamskincare,1,1,1839.0,3669.893939393939,37.60432373992137,39987559.49000137,39987559.49000137,27561318.71,27561318.71,246.0,1299.564582150048,45.08579908947822
874,lhqathor,lhqathor,1,1,14900.0,403876.0,49.59778914193372,39955653.462690264,39955653.462690264,40278881.31,40278881.31,49.0,1298.4478711941592,0.8024747381191317
875,ptkt.ah1804,ptkt.ah1804,1,1,421800.0,214271.0,53.603331089529426,39893262.67845264,39893262.67845264,31629044.13,31629044.13,212.0,32.4100705306631,26.12857509852493
876,carslan.vietnam,carslan.vietnam,1,1,51000.0,7365.5,44.053424043161435,39856849.9230653,39856849.9230653,39656481.32,39656481.32,146.0,994.1096057312042,0.5052606696203399
877,dinhdinh_123,dinhdinh_123,1,1,1234.0,410.14,32.9111473695537,39741377.43669946,39741377.43669946,73823454.96,73823454.96,406.0,1290.948210284481,46.16700416116713
878,nhwquynh202,nhwquynh202,1,1,331100.0,206161.0,53.155990813280255,39740490.35347236,39740490.35347236,25268127.36,25268127.36,49.0,68.03590001468226,57.27517036494928
879,moww06_,moww06_,2,2,15400.0,119207.25,43.05638863993863,39687377.97071187,39687377.97071187,45445038.964999996,90890077.92999999,285.5,1289.0582289749154,34.28664266129209
880,chuthanhha91,chuthanhha91,1,1,3532.0,1311.4117647058824,36.70176570238772,39682925.86698362,39682925.86698362,36606235.05,36606235.05,405.0,1288.9024053444266,8.404827245361922
881,ltp22102001,ltp22102001,1,1,16300.0,5458.292682926829,41.72658755020307,39567032.62789177,39567032.62789177,19878515.1,19878515.1,49.0,1284.846141976212,99.04420641505446
882,cerave_review,cerave_review,2,2,5628.0,596.8517906336087,35.79464168014215,39522599.847717576,39522599.847717576,27802898.99,55605797.98,259.0,1283.290994670115,101.65458421769857
883,cattia.ttv_,cattia.ttv_,1,1,1200000.0,100288.5,53.81198128218324,39515026.91198205,39515026.91198205,23656001.67,23656001.67,145.0,-53.89913526935428,67.04017637136921
884,th.hangdaisy,th.hangdaisy,2,2,69400.0,9881.559523809525,44.89344676775666,39455686.518989325,39455686.518989325,12467871.754999999,24935743.509999998,210.5,695.9360392879689,162.0949212139407
885,phuongnhi.dangju,phuongnhi.dangju,1,1,7670.0,53534.0,44.80672842328184,39384162.91620138,39384162.91620138,24794717.55,24794717.55,312.0,1278.4457020670484,58.84094197395437
886,lyanne809,lyanne809,1,1,7890.0,72433.33333333333,45.41332860891962,39381336.14030797,39381336.14030797,62642219.66,62642219.66,57.0,1278.346764910779,37.13291713790467
887,_nhims.511,_nhims.511,1,1,31500.0,329682.0,50.38109572331324,39358440.187131405,39358440.187131405,36256764.88,36256764.88,48.0,1277.545406549599,8.554749209967026
888,loankim6927,loankim6927,1,1,14900.0,443.5,36.919029121942884,39334795.683012195,39334795.683012195,42031536.33,42031536.33,23.0,1276.7178489054268,6.415993519282819
889,nhungnabi02,nhungnabi02,1,1,342800.0,30291.296296296296,49.64038326589532,39319172.654259935,39319172.654259935,55207284.11,55207284.11,263.0,60.58005168017476,28.779012972424344
890,thinhsinhvien,thinhsinhvien,1,1,7314.0,242918.0,47.54798112365859,39222561.53790275,39222561.53790275,15291459.3,15291459.3,68.0,1272.7896538265963,156.49979356713683
891,_khoailangisthebest_,_khoailangisthebest_,1,1,35300.0,307338.0,50.42712433714263,39203170.11626865,39203170.11626865,15617007.06,15617007.06,68.0,1272.1109540694026,151.02870201474218
892,nhichinhiememark,nhichinhiememark,2,2,191300.0,15253.21052631579,47.45875545018773,39150135.43395744,39150135.43395744,16472787.719999999,32945575.439999998,160.5,186.51432100125672,169.02653738560338
893,sangnetna.900,sangnetna.900,3,3,61600.0,22377.848484848484,46.414498750051294,39111549.11728138,38602575.94257702,123002393.11333333,369007179.34,126.33333333333333,788.8988435745767,81.47299728752829
894,honneiunz,honneiunz,2,2,4907.0,156054.5,45.74692866196969,39065003.2402828,39065003.2402828,145336025.6,290672051.2,216.5,1267.2751134098978,70.35236216988773
895,kevaa_21,kevaa_21,5,5,20400.0,89794.0,47.28650230230371,39025624.47085194,27978443.597940907,69711396.774,348556983.87,105.8,1265.8968564798176,59.05912920645592
896,bsichungdalieu,bsichungdalieu,1,1,6815.0,158224.0,46.640451111244104,39013340.960866265,39013340.960866265,25216211.56,25216211.56,68.0,1265.466933630319,54.71531426533711
897,nguyetbusine,nguyetbusine,1,1,220000.0,81926.33333333333,50.80430655293443,38960008.39588961,38960008.39588961,74381091.59,74381091.59,228.0,147.92732615566115,47.62108546262919
898,metepreview1811,metepreview1811,1,1,7991.0,70455.66666666667,45.38153068856982,38950002.8562943,38950002.8562943,54846417.65,54846417.65,56.0,1263.2500999703004,28.983506079007697
899,thopiupiu,thopiupiu,2,2,64500.0,41239.28571428571,47.58768589217435,38943201.36744263,38943201.36744263,30867180.92,61734361.84,160.5,745.2787893708478,63.59018691326986
900,huong.review9494,huong.review9494,1,1,29900.0,201450.0,49.383412948083254,38798407.7805468,38798407.7805468,36177192.62,36177192.62,199.0,1257.944272319138,7.245490793273174
901,kieunoinhieuu,kieunoinhieuu,1,1,26700.0,177070.0,48.967753767300685,38725240.68999843,38725240.68999843,25852341.29,25852341.29,187.0,1255.383424149945,49.793940346044515
902,tikkaisweird,tikkaisweird,1,1,1300000.0,123592.5,54.32501798018961,38703417.491823435,38703417.491823435,26107832.19,26107832.19,44.0,-58.31939654726707,48.244470127427434
903,nhusokiu34,nhusokiu34,1,1,1701.0,1200.5471698113208,35.40469703293186,38560319.199218035,38560319.199218035,111256241.08,111256241.08,394.0,1249.6111719726312,65.34098327886988
904,emkhanhday,emkhanhday,4,4,330200.0,123424.16666666667,52.01231312261923,38495804.59757369,34705476.360630766,39201635.3375,156806541.35,320.5,63.21661549546687,53.15811753140217
905,hibesdung,hibesdung,1,1,7222.0,61798.57142857143,44.98059563539468,38493721.35812863,38493721.35812863,55687536.64,55687536.64,243.0,1247.280247534502,30.875517789596685
906,_khanhliine_,_khanhliine_,1,1,54600.0,355801.0,51.37613305233345,38490228.33122658,38490228.33122658,26194847.6,26194847.6,205.0,886.9289315699123,46.93816478331631
907,heo_ri_viu,heo_ri_viu,1,1,3551.0,4754.264705882353,39.10624718269051,38475767.02762565,38475767.02762565,119225670.74,119225670.74,132.0,1246.6518459668978,67.728621874117
908,hangluna2,hangluna2,1,1,41500.0,3096.1923076923076,42.1210249281881,38456814.41197325,38456814.41197325,29315167.08,29315167.08,305.0,1197.3383175123506,31.18401920420934
909,bemahbabiboo,bemahbabiboo,1,1,252300.0,49166.75,50.06643561323381,38338600.98455713,38338600.98455713,23907751.95,23907751.95,442.0,112.73896701696384,60.36054357907595
910,hngluxury2,hngluxury2,1,1,95100.0,54100.77777777778,48.73109117005175,38307519.22512878,38307519.22512878,22005673.79,22005673.79,71.0,463.93824306183274,74.08019218451197
911,duyenmyhappy,duyenmyhappy,2,2,1425.0,922.396875,34.63836762661745,38286751.63776648,38286751.63776648,48490100.355,96980200.71,293.0,1240.0363073218266,123.43070342172255
912,phong.nguyn55555,phong.nguyn55555,1,1,9831.0,775.9649122807018,37.31353635025529,38258531.43897141,38258531.43897141,85788545.56,85788545.56,22.0,1239.0486003639992,55.40368333647338
913,ph.hoanganhh,ph.hoanganhh,1,1,171200.0,189752.0,51.978568832128914,38255992.08834625,38255992.08834625,16363079.95,16363079.95,140.0,212.841056797224,133.79456804735744
914,myanhh0712,myanhh0712,2,2,9765.0,2325.337059620596,39.343014121331265,38213642.55656794,38213642.55656794,37473543.735,74947087.47,276.5,1237.4774894798777,3.3706479392830486
915,dxhtrgg,dxhtrgg,2,2,213100.0,59832.75,49.99759000733417,38171970.765817955,38171970.765817955,37407602.815,74815205.63,385.0,150.77784642020242,26.419528951537217
916,nangluoiriviu,nangluoiriviu,1,1,1317.0,1535.392857142857,35.46565988979706,38166668.76962774,38166668.76962774,20974771.41,20974771.41,131.0,1235.833406936971,81.9646470684838
917,nta_binx,nta_binx,7,7,5051.0,3130.4533333333334,38.875089615467274,38085988.649346605,32470767.082961123,40875924.55714286,286131471.90000004,251.42857142857142,1233.0096027271309,41.087982578375765
918,tranle.phunu30cong,tranle.phunu30cong,1,1,255700.0,1131.235294117647,43.06829665427313,37995613.74802644,37995613.74802644,42831542.18,42831542.18,43.0,108.03230053671105,11.290577424577714
919,anhth.review,anhth.review,3,3,2715.0,965.6976744186046,35.72480427614538,37935761.95878408,32047346.379608903,24863598.286666665,74590794.86,227.33333333333334,1227.751668557443,83.75452951159002
920,kechangheo199x,kechangheo199x,1,1,1440.0,8297.5,38.74332184535953,37839517.845231,37839517.845231,40388253.96,40388253.96,223.0,1224.383124583085,6.310587522038559
921,hoangdiem40,hoangdiem40,2,2,981.0,755.6787234042554,33.68865559854705,37829428.63123971,37829428.63123971,76309156.425,152618312.85,26.5,1224.0300020933896,68.53065503596952
922,quynhanhday226,quynhanhday226,1,1,3232.0,47078.4,43.22739077843217,37778070.19185647,37778070.19185647,13927960.13,13927960.13,63.0,1222.2324567149765,171.23907477653347
923,chi_revieww,chi_revieww,1,1,8783.0,4297.046153846154,40.322443685677975,37728457.500463106,37728457.500463106,76389321.09,76389321.09,385.0,1220.4960125162086,50.61029871438133
924,shoptrinhhatien_accphu1,shoptrinhhatien_accphu1,1,1,5188.0,5366.291666666667,39.91948757826141,37722719.12588551,37722719.12588551,370348224.16,370348224.16,200.0,1220.2951694059927,89.81425678185828
925,manhdayne123,manhdayne123,1,1,2585.0,4867.222222222223,38.65764147125844,37656703.135767356,37656703.135767356,27513039.72,27513039.72,22.0,1217.9846097518573,36.86856675597951
926,duongreviewmp,duongreviewmp,5,5,3582.0,6427.4,39.68084605476631,37609965.36738457,21914981.216919083,149088607.796,745443038.98,113.2,1216.3487878584597,39.836314964448235
927,ngocbichsonthi,ngocbichsonthi,1,1,699.0,187.19148936170217,30.576016597381678,37585007.76148174,37585007.76148174,76406497.13,76406497.13,22.0,1215.4752716518608,50.80914690077516
928,anntocmay,anntocmay,2,2,304800.0,66744.33333333333,41.23554139370411,37493889.91777122,37493889.91777122,41908828.21,83817656.42,119.0,72.21602980603579,54.299112422374165
929,meominhon4,meominhon4,1,1,2167.0,1024.8983050847455,35.485896700662245,37449375.31629332,37449375.31629332,30731465.37,30731465.37,297.0,1210.7281360702661,21.860037799731256
930,tytycosmetic,tytycosmetic,1,1,7274.0,587.2222222222222,36.32839047420299,37359628.577279285,37359628.577279285,26839931.45,26839931.45,198.0,1207.5870002047748,39.194202663581265
931,fanh2911,fanh2911,3,3,422400.0,93974.0,52.07145119173584,37315621.66848392,37015583.11984824,52566339.71,157699019.13,275.3333333333333,23.678670302740247,39.198351574093515
932,cherry_28th12,cherry_28th12,1,1,11000.0,56647.166666666664,45.471149292309335,37133461.09525948,37133461.09525948,51845101.84,51845101.84,62.0,1199.6711383340817,28.37614398008582
933,pu50can,pu50can,2,2,153600.0,445708.5,51.976143697857324,37133228.614845805,37133228.614845805,48336768.765,96673537.53,376.5,238.45390664572994,76.44961635350086
934,haha.review56,haha.review56,3,3,1665.0,15020.0,40.07278652855736,37117657.66634854,25292561.01414608,61808064.336666666,185424193.01,66.66666666666667,1199.1180183221989,50.326375763781606
935,lethituyetnghi,lethituyetnghi,1,1,108900.0,300295.0,52.13127828288251,37040847.38753032,37040847.38753032,118290698.71,118290698.71,136.0,376.1908755054403,68.6865934587645
936,yuna.vukieuanh,yuna.vukieuanh,1,1,280300.0,89497.5,51.34453625372461,36943511.21051054,36943511.21051054,28699306.18,28699306.18,298.0,84.519856206617,28.726147520094987
937,phuhuynh088,phuhuynh088,1,1,24800.0,314281.2,49.921141186845475,36930760.95440703,36930760.95440703,14499770.58,14499770.58,68.0,1192.576633404246,154.6989329979249
938,maochinmn,maochinmn,1,1,15300.0,31347.285714285714,44.881582064314465,36855633.01044354,36855633.01044354,56721130.42,56721130.42,13.0,1189.9471553655237,35.02309855685077
939,imyourhaan,imyourhaan,2,2,121000.0,86382.5,49.97085236718297,36827037.233376935,36827037.233376935,26586275.314999998,53172550.629999995,57.5,326.09795146055956,78.6721800589506
940,_sun.meiii_,_sun.meiii_,1,1,313100.0,382374.0,54.21906583461977,36789373.11623511,36789373.11623511,51540344.67,51540344.67,188.0,64.50055050376604,28.620242352300306
941,review.rb,review.rb,1,1,16400.0,377276.0,49.61974758449878,36459526.97048451,36459526.97048451,41494502.63,41494502.63,263.0,1176.0834439669577,12.134078830662423
942,yaomakeup_,yaomakeup_,4,4,69100.0,2591.8421641791047,42.5809712560651,36457920.57604783,32895271.90626882,53012398.255,212049593.02,165.5,638.6554096449632,200.57952884752746
943,boxinhiu2_6,boxinhiu2_6,1,1,3560.0,11410.2,40.73941488817963,36435049.20265234,36435049.20265234,69748571.96,69748571.96,101.0,1175.226722092832,47.76230082022693
944,baongockhongcobonha,baongockhongcobonha,1,1,198600.0,307428.0,53.10693508130229,36418540.764692016,36418540.764692016,44111348.09,44111348.09,273.0,156.7268734671139,17.439519893185807
945,dungsala.daily,dungsala.daily,1,1,298800.0,127556.66666666669,52.10320186044163,36354142.01386323,36354142.01386323,48613472.48,48613472.48,133.0,70.33399872626677,25.217969095255157
946,huynguyen836717,huynguyen836717,2,2,2527.0,4021.0508620689657,38.26027126860191,36347806.002214596,36347806.002214596,31707664.85,63415329.7,242.5,1172.1732100775107,40.57789055252068
947,ron_tran_,ron_tran_,1,1,90300.0,11347.5,45.74387614238731,36298368.677991465,36298368.677991465,45885159.37,45885159.37,293.0,462.7654058603328,20.89300946893177
948,giangthuthai,giangthuthai,1,1,2503.0,12275.423076923076,40.32923984276725,36298094.14796478,36298094.14796478,27215921.43,27215921.43,45.0,1170.4332951787674,33.37080738318689
949,tranhoa222,tranhoa222,1,1,22100.0,12128.423076923076,43.68459538359916,36237284.47154683,36237284.47154683,132339607.93,132339607.93,293.0,1168.304956504139,72.61795993024684
950,lcngoc0202,lcngoc0202,1,1,4033.0,2265.981072555205,37.92478566483975,36139490.01792208,36139490.01792208,39244331.93,39244331.93,61.0,1164.882150627273,7.91156775866644
951,lamdepcungtui86,lamdepcungtui86,1,1,5041.0,1368.7202797202797,37.332956159692436,36092943.82955909,36092943.82955909,20859540.5,20859540.5,72.0,1163.2530340345681,73.02847025589604
952,maibuilamme,maibuilamme,1,1,4337.0,58485.0,44.08720878640441,36067973.14554984,36067973.14554984,78262183.32,78262183.32,124.0,1162.3790600942443,53.91391906602658
953,thayphucmathip,thayphucmathip,3,3,854200.0,2666.84375,46.534354100716186,36044338.24202406,33471001.584175855,88292470.79333334,264877412.38,206.66666666666666,-40.92475586650236,59.53868621635352
954,su.siu.cp,su.siu.cp,2,2,5376.0,2004.16,38.142091051434804,35755916.2772862,35755916.2772862,63957229.86,127914459.72,249.0,1151.4570697050171,42.200718759615086
955,cherrynguyen0406,cherrynguyen0406,4,4,1200000.0,12188.44,49.88938825451055,35742682.86968151,35334185.35400533,31164835.487499997,124659341.94999999,164.25,-58.3002033187049,38.96887358856914
956,_pquyennn_,_pquyennn_,1,1,84700.0,392518.0,52.23995697387285,35723908.32420515,35723908.32420515,35549134.44,35549134.44,191.0,490.47782354058097,0.49164033656048445
957,rjkim0708,rjkim0708,1,1,53400.0,258239.0,50.74515786607658,35701112.55040924,35701112.55040924,12184313.91,12184313.91,62.0,835.9842241680324,193.008804714957
958,dinhvukaka,dinhvukaka,1,1,2573.0,49363.875,42.96206001109884,35684812.81849376,35684812.81849376,24546098.92,24546098.92,60.0,1148.9684486472815,45.37875421588075
959,daylabeem,daylabeem,1,1,110000.0,225247.0,51.61162986084894,35672156.186583735,35672156.186583735,41593431.47,41593431.47,358.0,354.00926055652025,14.236082655712329
960,angelastoreee,angelastoreee,1,1,15200.0,8122.741071428572,42.35802163503278,35634325.51104209,35634325.51104209,12678121.7,12678121.7,66.0,1147.201392886473,181.0694387879404
961,midintr,midintr,1,1,39100.0,335537.0,50.749087555120575,35613229.67902236,35613229.67902236,30974271.29,30974271.29,287.0,1146.4630387657826,14.976812030829082
962,thanhtapqua,thanhtapqua,2,2,117700.0,22787.266666666666,46.82913272328217,35600837.65368919,35600837.65368919,42340198.35,84680396.7,214.0,323.45941134379666,137.88271091640576
963,_luonvuituoi_o.o,_luonvuituoi_o.o,1,1,64800.0,72802.0,48.6886694262279,35551332.86680965,35551332.86680965,61761810.18,61761810.18,363.0,668.0843520607024,42.43800050031232
964,dokhanhvan,dokhanhvan,2,2,1500000.0,396329.5,55.638567209812294,35491736.18388045,35491736.18388045,52874627.63,105749255.26,243.0,-66.87437956171159,34.794129209415914
965,huonghoabattu,huonghoabattu,1,1,26800.0,2638.4137931034484,41.14509496699478,35473077.0810578,35473077.0810578,118543009.59,118543009.59,40.0,1141.5576978370232,70.07577485695097
966,conangbanmi_01,conangbanmi_01,4,4,14300.0,13171.145833333334,43.16293161860259,35261083.418653436,34109779.256619066,58615567.735,234462270.94,240.5,1134.13791965287,52.04821498256713
967,jessica_review,jessica_review,2,2,16600.0,220649.9,46.787290127568355,35193561.45866408,35193561.45866408,87651001.78999999,175302003.57999998,207.0,1131.774651053243,59.80718010432497
968,nhulam___,nhulam___,1,1,12200.0,67730.25,45.964317647595735,35029096.44230609,35029096.44230609,37477146.89,37477146.89,221.0,1126.018375480713,6.532115304506079
969,siumini.1,siumini.1,1,1,2337.0,59502.0,43.160563399634206,34982862.296315186,34982862.296315186,20227855.79,20227855.79,215.0,1124.4001803710314,72.94399692927209
970,babybeauty.official,babybeauty.official,1,1,2515.0,2092.090909090909,37.044010597639016,34923056.022936866,34923056.022936866,137362617.01,137362617.01,282.0,1122.3069608027902,74.57601144830076
971,ant.6.7,ant.6.7,1,1,397.0,19780.363636363636,38.36448986605913,34842238.75865438,34842238.75865438,202320505.81,202320505.81,276.0,1119.478356552903,82.77869135451111
972,pinkeu__daisy_,pinkeu__daisy_,1,1,148100.0,123372.5,50.95246732213785,34794862.359145485,34794862.359145485,19020289.7,19020289.7,58.0,228.91834775694582,82.93550155098576
973,tiktokshopglobalgoods.vn,tiktokshopglobalgoods.vn,1,1,23300.0,8608.4,43.12860226185368,34734446.37201698,34734446.37201698,52220559.12,52220559.12,232.0,1115.7056230205942,33.4851120758797
974,mymymelamdep,mymymelamdep,2,2,7670.0,5687.748538011696,40.623101112157116,34692933.491879925,34692933.491879925,22396859.3,44793718.6,235.0,1114.2526722157975,55.59772715421306
975,chi.reviewne,chi.reviewne,1,1,4706.0,829.8028169014085,36.295744188930826,34679095.01009323,34679095.01009323,22906794.29,22906794.29,178.0,1113.7683253532628,51.392178979982575
976,coquynhmakeup,coquynhmakeup,6,6,9450.0,3241.0511904761906,39.911158714211105,34642561.40415179,17919157.942356654,44751704.29833334,268510225.79,224.16666666666666,1112.4896491453126,59.57964908466046
977,lamnguyenkhanh.com,lamnguyenkhanh.com,1,1,187400.0,7849.15,46.190328768994696,34599979.39999463,34599979.39999463,13834760.51,13834760.51,232.0,158.48437118459162,150.09453090991474
978,bauxinh90,bauxinh90,1,1,10700.0,4793.105263157895,40.831928774785105,34447267.83625663,34447267.83625663,33028584.98,33028584.98,118.0,1105.654374268982,4.295318304177106
979,yenle.e,yenle.e,1,1,37800.0,91044.0,48.26884718070466,34422085.31239043,34422085.31239043,34340042.35,34340042.35,118.0,1104.772985933665,0.23891339898254454
980,linh.store.99,linh.store.99,1,1,2163.0,10933.967741935485,39.88751742782813,34389128.119574934,34389128.119574934,39962009.29,39962009.29,58.0,1103.6194841851227,13.945447862701963
981,vireview35,vireview35,1,1,1929.0,586.7837837837837,34.268875196387214,34374858.68494931,34374858.68494931,31924816.89,31924816.89,20.0,1103.1200539732258,7.674411425416035
982,may_may.2000,may_may.2000,1,1,312700.0,79332.5,51.289799299479846,34324676.22045692,34324676.22045692,40078491.75,40078491.75,118.0,53.67619670175788,14.356367413808876
983,trinhparfum0,trinhparfum0,1,1,1388.0,6601.333333333333,38.26073500250525,34320074.484631635,34320074.484631635,71814909.62,71814909.62,310.0,1101.202606962107,52.21037711217322
984,luc_suy_luc_khong_,luc_suy_luc_khong_,2,2,12100.0,1731.1125,38.817628367974876,34295826.21138263,34295826.21138263,24779932.495,49559864.99,85.0,1100.3539173983918,33.87913879912401
985,nhung1m52_,nhung1m52_,1,1,1656.0,1647.3551912568305,35.95160746924779,34292710.68675265,34292710.68675265,94200140.78,94200140.78,272.0,1100.2448740363427,63.59590293305223
986,l.xinh.mayly8,l.xinh.mayly8,1,1,8533.0,1162.529411764706,37.845543203696,34165577.813612975,34165577.813612975,35832313.31,35832313.31,349.0,1095.795223476454,4.651487281793437
987,tnhadinh,tnhadinh,4,4,2500000.0,41265.0,53.28012423020485,34040327.50929327,30881642.046212018,51550334.54,206201338.16,191.75,-80.93741659479576,58.10485782244885
988,dauchinavlog,dauchinavlog,1,1,723100.0,13415.32,49.282234470355554,34020820.40526781,34020820.40526781,6365813.35,6365813.35,94.0,-34.13200308757442,434.43006470285235
989,khangtran2897,khangtran2897,2,2,6001.0,4792.6,39.930471066419756,33980076.64080261,33980076.64080261,88507769.405,177015538.81,278.5,1089.3026824280912,67.14090115343066
990,chanhtuoireview,chanhtuoireview,1,1,1814.0,331875.5,45.96683941541765,33975069.96806635,33975069.96806635,17230116.42,17230116.42,294.0,1089.1274488823221,97.18421593849187
991,drletrang_dalieu,drletrang_dalieu,1,1,291300.0,51583.333333333336,50.3786784278317,33873488.68076555,33873488.68076555,39142477.88,39142477.88,124.0,62.797405262862206,13.461051738696048
992,vanessaleminhanh,vanessaleminhanh,1,1,26800.0,56538.8,46.84872401447066,33843594.245742984,33843594.245742984,47350144.89,47350144.89,213.0,1084.5257986010045,28.524834877769294
993,xem.phim.cng.tho,xem.phim.cng.tho,2,2,3622.0,29269.720238095237,42.374743566950364,33804626.70429115,33804626.70429115,35088421.985,70176843.97,223.0,1083.1619346501902,39.38159876667583
994,phothoitrang.dake,phothoitrang.dake,1,1,23600.0,1045.0,39.225125154935164,33756085.99709413,33756085.99709413,66713853.35,66713853.35,38.0,1081.4630098982946,49.401684504715945
995,nguythuylinh.official,nguythuylinh.official,2,2,319000.0,4888.4,38.8735833999699,33756057.7510466,33756057.7510466,70615250.095,141230500.19,276.0,48.145707998323644,43.896386594415105
996,kimmie_102,kimmie_102,4,4,65200.0,27751.166666666668,46.4561027260994,33727056.348149486,29567979.921117425,27982227.195,111928908.78,285.0,624.2005964326576,18.265628685109846
997,vothithaonhi,vothithaonhi,1,1,74600.0,4675.648148148148,43.79761747895465,33687929.293016195,33687929.293016195,124242945.38,124242945.38,212.0,532.2131502710814,72.88543893580368
998,tamskincare,tamskincare,3,3,20300.0,3409.6774193548385,41.191402928440205,33673897.634891205,31313098.60479038,24852190.086666662,74556570.25999999,219.66666666666666,1078.586417221192,238.78642405342507
999,huynhtoan_authentic,huynhtoan_authentic,2,2,563400.0,23692.795454545456,41.22456252334433,33672038.182893775,33672038.182893775,14935702.125,29871404.25,64.0,-16.327913638531623,210.15086269672088
1000,_samsam.hamchoi_,_samsam.hamchoi_,1,1,498400.0,229781.0,53.992231080858964,33668372.50145919,33668372.50145919,33812603.67,33812603.67,172.0,-5.425919939721389,0.42656037360642873
1001,storiesofscent,storiesofscent,1,1,7852.0,16520.833333333332,42.65490033124602,33647332.02846788,33647332.02846788,30176758.28,30176758.28,304.0,1077.6566209963758,11.500817007133735
1002,kim.luyen_laplalaplanh,kim.luyen_laplalaplanh,1,1,263700.0,235448.0,53.050194964464104,33625211.01042781,33625211.01042781,28460087.08,28460087.08,179.0,78.51837472354545,18.148658210035993
1003,kphaimicaymalamikay_0.0,kphaimicaymalamikay_0.0,2,2,29200.0,117747.66666666667,48.23757080533383,33620502.53842055,33620502.53842055,55938534.205,111877068.41,156.0,1076.717588844719,32.68349244500464
1004,lanxailannoi,lanxailannoi,1,1,1215.0,18826.833333333332,40.004859303198444,33614195.11223454,33614195.11223454,26522395.23,26522395.23,48.0,1076.496828928209,26.73891185443488
1005,pyvie09,pyvie09,2,2,23800.0,28180.3,45.26719879601628,33613264.97809587,33613264.97809587,33042176.15,66084352.3,197.5,1076.4642742333554,34.24032134907656
1006,huyenmi121,huyenmi121,1,1,22100.0,2227.75,40.53125773850429,33580919.885691665,33580919.885691665,27758655.19,27758655.19,154.0,1075.3321959992081,20.974592089710175
1007,huyen1met70,huyen1met70,1,1,2172.0,638.5714285714286,34.609975773701535,33559117.05987254,33559117.05987254,17678341.42,17678341.42,266.0,1074.5690970955386,89.83181884871944
1008,quycoyeuda_2000,quycoyeuda_2000,3,3,5588.0,29631.833333333332,43.21474476358271,33548404.38675123,24161246.184702843,36579268.09,109737804.27000001,177.66666666666666,1074.194153536293,21.577125213836105
1009,nocriviu26,nocriviu26,1,1,945.0,52005.5,41.506524649846476,33521994.155129854,33521994.155129854,33456422.47,33456422.47,342.0,1073.269795429545,0.1959913233061671
1010,thuchienne6868,thuchienne6868,1,1,11000.0,48402.5,45.178396038271,33519281.21952825,33519281.21952825,59103231.61,59103231.61,38.0,1073.1748426834888,43.28688921663475
1011,be.iuu.a,be.iuu.a,1,1,6101.0,13315.8,41.86220953045534,33479593.955730453,33479593.955730453,243624047.37,243624047.37,93.0,1071.7857884505656,86.25768091567583
1012,_hena___,_hena___,3,3,5166.0,2830.8823529411766,38.722840457394895,33416403.34883439,33290461.380243376,29630441.209999997,88891323.63,199.66666666666666,1069.5741172092037,5.702569036154766
1013,lilyriviu888,lilyriviu888,3,3,35000.0,10225.3125,44.08003547552388,33302681.32655467,35691272.2266738,232558842.44333336,697676527.33,104.33333333333333,1065.5938464294136,20.979169335556676
1014,dinnreview26,dinnreview26,2,2,5289.0,19852.4,42.26063983011536,33214104.549342092,33214104.549342092,63996375.295,127992750.59,277.5,1062.4936592269733,37.85829515515414
1015,_thaophuongngo,_thaophuongngo,2,2,11700.0,12093.263636363636,42.074876002398,33207056.277990825,33207056.277990825,46280722.315,92561444.63,214.0,1062.2469697296788,29.492895436276385
1016,axcgggh12,axcgggh12,2,2,2293.0,7280.166666666667,39.221075704577224,33188261.003882952,33188261.003882952,85292653.745,170585307.49,255.0,1061.5891351359032,61.08108790342786
1017,shop.linh97,shop.linh97,1,1,98700.0,3599.3928571428573,43.745028684685785,33179900.698751263,33179900.698751263,58160081.65,58160081.65,263.0,370.6368893439895,42.9507322592432
1018,binhdidaydo,binhdidaydo,1,1,1634.0,81993.0,43.202581626548415,33130965.363883328,33130965.363883328,51179917.03,51179917.03,174.0,1059.5837877359165,35.26569153196744
1019,daubi240224,daubi240224,1,1,1395.0,24881.555555555555,40.737950041394825,33082882.367545143,33082882.367545143,37658393.89,37658393.89,176.0,1057.9008828640801,12.150044252603832
1020,huonghoasangchanh2,huonghoasangchanh2,1,1,21600.0,875.3859649122807,38.75848204063736,33002701.537993185,33002701.537993185,126835666.83,126835666.83,37.0,1055.0945538297615,73.9799518835445
1021,linhvuong.aime,linhvuong.aime,1,1,243500.0,312324.0,53.45248371362222,32945980.738886137,32945980.738886137,42821142.79,42821142.79,169.0,89.42247652747677,23.06141641184785
1022,n.thao802,n.thao802,1,1,2749.0,293639.0,46.3834912747491,32928893.006164335,32928893.006164335,71910120.82,71910120.82,237.0,1052.5112552157516,54.208263550843604
1023,tun190104,tun190104,1,1,363900.0,203681.0,53.279975080676486,32805008.91603577,32805008.91603577,143709332.79,143709332.79,55.0,26.207783683567122,77.17266632642907
1024,trn_trn24,trn_trn24,1,1,9721.0,62610.333333333336,45.465734877794745,32705680.24498622,32705680.24498622,42864495.92,42864495.92,328.0,1044.6988085745174,23.699837025900525
1025,honghanh.riview,honghanh.riview,1,1,1989.0,50893.142857142855,42.61971804637425,32687449.685434505,32687449.685434505,27943498.13,27943498.13,219.0,1044.0607389902075,16.976942304662366
1026,meme.iuu,meme.iuu,1,1,1640.0,224548.0,45.08338763687897,32660609.061590217,32660609.061590217,70943416.26,70943416.26,377.0,1043.1213171556574,53.96245235513809
1027,annievuvu259,annievuvu259,1,1,8408.0,379103.0,48.592574976406794,32636037.266544934,32636037.266544934,33944794.36,33944794.36,218.0,1042.2613043290728,3.8555458005581063
1028,annhien.kiencang,annhien.kiencang,1,1,1370.0,14941.2,39.76071973228591,32610122.137039453,32610122.137039453,24330443.23,24330443.23,173.0,1041.3542747963809,34.03011950407223
1029,hoalantim20tn,hoalantim20tn,2,2,15200.0,340.92418546365917,36.39770770929868,32594834.029036,32594834.029036,61358629.205,122717258.41,112.0,1040.81919101626,69.46074478806939
1030,reviewcunglinhnhee,reviewcunglinhnhee,1,1,199000.0,253529.0,52.751275285917465,32540373.250255965,32540373.250255965,67467389.41,67467389.41,171.0,128.9272489967756,51.768738149170424
1031,smile86210,smile86210,1,1,1500.0,91.2636612021858,30.432443377477487,32528969.83774526,32528969.83774526,18043785.86,18043785.86,112.0,1038.5139443210842,80.27796433705439
1032,muoithandzu,muoithandzu,1,1,4554.0,16943.8,41.85713832302562,32495172.641365513,32495172.641365513,87932073.25,87932073.25,173.0,1037.331042447793,63.04514218722176
1033,duong29050,duong29050,3,3,88900.0,13981.307692307691,46.10809956119582,32491062.47317243,35532197.18170575,96993647.24,290980941.71999997,252.33333333333334,411.6702751680698,64.49706630847514
1034,hoangthachhh,hoangthachhh,2,2,1300000.0,149345.0,54.03135886774521,32479804.23401048,32479804.23401048,56454561.435,112909122.87,157.0,-65.02174928645024,41.17113163127566
1035,hoaian301122,hoaian301122,1,1,1092.0,9112.0,38.48885865933024,32467169.60426336,32467169.60426336,26169130.23,26169130.23,92.0,1036.3509361492174,24.066674432470663
1036,thichhuongg,thichhuongg,1,1,2000000.0,192778.0,55.820601674266015,32449475.899068754,32449475.899068754,18191286.47,18191286.47,171.0,-77.28536687065187,78.37922541972237
1037,hhnguien_,hhnguien_,3,3,293700.0,115242.5,51.88754195616694,32408186.349761087,28094140.055334985,51981195.673333324,155943587.01999998,202.66666666666666,54.48233193621218,39.040126698541364
1038,kimnhung1414,kimnhung1414,1,1,9351.0,43705.2,44.736509871913746,32397720.09966422,32397720.09966422,36524165.35,36524165.35,166.0,1033.9202034882476,11.297849549177398
1039,__huyentrangpham,__huyentrangpham,4,4,6308.0,31076.75,41.45567116045021,32364524.399338007,24289253.603471104,27220203.7625,108880815.05,146.75,1032.7583539768302,43.02841454633581
1040,binhxieuxuoi,binhxieuxuoi,2,2,24900.0,30700.428571428572,45.331161597903474,32291541.91024205,32291541.91024205,26981191.355,53962382.71,270.0,1030.2039668584716,18.24856069462021
1041,shop.mian24,shop.mian24,1,1,1790.0,1484.5733333333333,35.878696866990836,32244118.99343253,32244118.99343253,50978695.89,50978695.89,111.0,1028.5441647701384,36.74981591720641
1042,phan_thuy_dieu,phan_thuy_dieu,1,1,9438.0,1749.3333333333333,38.761919715110174,32211207.88702983,32211207.88702983,27271621.08,27271621.08,372.0,1027.3922760460441,18.112552944835183
1043,vestnamdangcap,vestnamdangcap,1,1,10500.0,1170.1477272727273,38.17939747604651,32174930.818156708,32174930.818156708,168952069.28,168952069.28,329.0,1026.1225786354848,80.95617830827865
1044,bionreview,bionreview,1,1,3818.0,1736.6806282722514,37.34492939368114,32091827.971402347,32091827.971402347,37428064.04,37428064.04,11.0,1023.213978999082,14.257312541986481
1045,kiieumy,kiieumy,1,1,210500.0,172138.0,52.117771031541835,31969185.065091547,31969185.065091547,66855030.38,66855030.38,110.0,112.62165839015753,52.18133193062571
1046,tranng_yuki,tranng_yuki,1,1,47700.0,1284.2,40.69985342285662,31950770.55609398,31950770.55609398,24327511.68,24327511.68,253.0,837.758464958733,31.335958138132032
1047,_tbe29,_tbe29,1,1,58400.0,215355.0,50.54598304386092,31889850.339717872,31889850.339717872,58650854.78,58650854.78,20.0,664.4827136233736,45.62764607721908
1048,imquynhnhu,imquynhnhu,1,1,40100.0,257742.0,50.29730734147191,31847267.979831994,31847267.979831994,39055973.29,39055973.29,117.0,1011.874692562713,18.457369521024695
1049,phododep12,phododep12,1,1,1015.0,10950.133333333331,38.71754002098797,31798869.88550573,31798869.88550573,16402999.05,16402999.05,53.0,1012.9604459927003,93.86009709916875
1050,itshale98,itshale98,1,1,114800.0,117296.5,50.463424199198556,31718459.636543848,31718459.636543848,15104151.01,15104151.01,256.0,286.8104833724859,109.99829527355772
1051,julie.phmm,julie.phmm,2,2,173800.0,53467.625,49.641165907856,31652543.3582113,31652543.3582113,44794327.120000005,89588654.24000001,289.0,154.9687036910001,29.449958419974692
1052,phanh.004,phanh.004,1,1,2921.0,52974.666666666664,43.29013763747262,31622892.14511427,31622892.14511427,35959529.47,35959529.47,19.0,1006.8012250789994,12.059772162768875
1053,anhlorenhehehe,anhlorenhehehe,1,1,161400.0,97332.5,50.64459866732612,31616130.578215666,31616130.578215666,49917666.57,49917666.57,185.0,174.2415291790702,36.66344452643819
1054,tiemriviu,tiemriviu,1,1,15900.0,1805.504347826087,39.62963524039741,31597039.96285083,31597039.96285083,13827118.95,13827118.95,53.0,1005.8963986997791,128.5149934495272
1055,chenyingg711,chenyingg711,1,1,2321.0,101089.33333333331,44.13635849365586,31595461.28648588,31595461.28648588,39737142.7,39737142.7,228.0,1005.8411450270057,20.4888445930314
1056,mt30214,mt30214,1,1,1091.0,62405.666666666664,42.06845154967663,31595384.43492804,31595384.43492804,13037280.28,13037280.28,250.0,1005.8384552224813,142.3464384929833
1057,hinne_4,hinne_4,1,1,1521.0,26490.88888888889,40.988631343866004,31551399.036549576,31551399.036549576,29106327.66,29106327.66,194.0,1004.2989662792352,8.40048049039786
1058,dongshop37,dongshop37,3,3,198700.0,63631.5,50.176005122239665,31547009.112199992,16787145.388147857,14388514.066666668,43165542.2,204.0,122.27384376990432,119.32372124601739
1059,sooi.unbox,sooi.unbox,2,2,11800.0,36414.5,44.72055040869435,31520610.84812568,31520610.84812568,26472421.32,52944842.64,217.0,1003.2213796843987,49.305211111587965
1060,embeinne,embeinne,1,1,2147.0,120788.0,44.34690624338362,31513230.703848507,31513230.703848507,27154282.1,27154282.1,35.0,1002.9630746346976,16.052527508537985
1061,thuychan203,thuychan203,1,1,66300.0,253952.0,51.049609615865435,31354948.24716852,31354948.24716852,16638812.2,16638812.2,167.0,562.0954381000894,88.44463096451392
1062,duyenbeo27,duyenbeo27,1,1,1924.0,1378.023529411765,35.85208345842524,31333582.316674873,31333582.316674873,25848961.21,25848961.21,361.0,996.6753810836206,21.217955577081668
1063,mucnhoithitne,mucnhoithitne,1,1,1618.0,0.0,22.128262483961468,31298244.995570067,31298244.995570067,5524976.77,5524976.77,283.0,995.4385748449523,466.48645412440476
1064,anh.cng.nhn527,anh.cng.nhn527,1,1,809.0,3882.162162162162,36.436336690819424,31278644.9857358,31278644.9857358,30454159.52,30454159.52,107.0,994.752574500753,2.7073000165850596
1065,vanhai.83,vanhai.83,1,1,6912.0,16327.4,42.43523401915505,31270990.665005732,31270990.665005732,29637532.68,29637532.68,52.0,994.4846732752006,5.511450641463224
1066,yeloo_24,yeloo_24,1,1,253000.0,45427.0,49.92348991698773,31234028.12413457,31234028.12413457,51375526.32,51375526.32,11.0,72.83651926398575,39.20446103152531
1067,ninhne1406,ninhne1406,1,1,151600.0,215305.0,52.025128642789944,31222839.32822022,31222839.32822022,28928306.37,28928306.37,107.0,188.33756635559567,7.931791543108638
1068,thaontskincare,thaontskincare,1,1,28100.0,1756.32,40.46146218556903,31207394.74247025,31207394.74247025,16653557.39,16653557.39,247.0,992.2588159864587,87.39176268254508
1069,sophia_lam2509,sophia_lam2509,1,1,6469.0,580.6666666666666,36.125642553568724,31151788.11311996,31151788.11311996,15176469.08,15176469.08,247.0,990.3125839591986,105.26374052428775
1070,thuyngareview,thuyngareview,1,1,114000.0,10756.636363636364,46.0058410645588,31064035.053465147,31064035.053465147,24080862.37,24080862.37,183.0,281.4881497793965,28.998848031974134
1071,tieumy4114,tieumy4114,1,1,7004.0,1926.55,38.47886264557272,31060351.7445233,31060351.7445233,126751283.76,126751283.76,18.0,987.1123110583154,75.49503971625629
1072,alicedapoet,alicedapoet,1,1,29300.0,176218.0,49.1029011471853,30915840.270466123,30915840.270466123,13849142.6,13849142.6,38.0,982.0544094663143,123.23288281013241
1073,foxiereview,foxiereview,3,3,384600.0,92415.0,51.89490573149539,30871080.102417026,26324302.67088432,35148269.81666667,105444809.45,122.0,12.375226581861256,21.04998780351391
1074,ledieu_1987,ledieu_1987,2,2,3915.0,801.9536111111111,35.934049236133006,30851327.355551325,30851327.355551325,81668893.595,163337787.19,223.5,979.7964574442962,76.12807205238258
1075,simelananh..9999,simelananh..9999,1,1,17300.0,6333.28125,42.095623676490504,30802614.74503355,30802614.74503355,18294204.66,18294204.66,38.0,978.0915160761742,68.37362059463015
1076,rireview75,rireview75,1,1,5095.0,17869.75,42.13024059491955,30737302.808586977,30737302.808586977,37558035.66,37558035.66,314.0,975.8055983005441,18.160515403837334
1077,vbbreview95,vbbreview95,4,4,1100000.0,152701.0,54.4595476458262,30661858.828097854,30367077.68228514,25334736.71,101338946.84,168.75,-60.97581603696638,45.963925251780246
1078,dsuridaugoithaoduoc,dsuridaugoithaoduoc,1,1,25900.0,4988.823529411765,42.27744774124958,30629906.485298563,30629906.485298563,53321804.3,53321804.3,112.0,972.0467269854497,42.55650781626202
1079,medaumini,medaumini,2,2,3312.0,841.2287977632806,35.77328972728871,30627061.212689728,30627061.212689728,18404444.18,36808888.36,68.0,971.9471424441406,65.95220363658528
1080,vanhaisuyyy.83,vanhaisuyyy.83,1,1,2289.0,13711.529411764706,40.396582799548916,30620122.633021325,30620122.633021325,14483692.36,14483692.36,51.0,971.7042921557464,111.41102608327789
1081,shop_me.mo6868,shop_me.mo6868,1,1,903.0,2392.0196078431372,35.705609150741,30606176.2660996,30606176.2660996,28623729.84,28623729.84,105.0,971.216169313486,6.9258843525320195
1082,hiinxuan08,hiinxuan08,1,1,2997.0,310.62068965517244,33.770892129645866,30556501.86682867,30556501.86682867,28215351.76,28215351.76,242.0,969.4775653390034,8.297433704681437
1083,.am.m.m.cay.ba.bo,.am.m.m.cay.ba.bo,3,3,5453.0,4120.076923076923,39.50498076937413,30480708.959398985,18229012.184410434,17320205.47,51960616.41,41.333333333333336,966.8248135789645,34.417301912257905
1084,colorkey.rose_vn,colorkey.rose_vn,1,1,19700.0,160919.0,48.31816750337728,30465721.6811364,30465721.6811364,42908031.92,42908031.92,306.0,966.300258839774,28.99762511145163
1085,drquangho,drquangho,2,2,137600.0,232270.5,51.969361961552735,30449706.933514252,30449706.933514252,34757140.18,69514280.36,108.0,209.8080647305229,18.241258911506485
1086,xoabaohiem,xoabaohiem,1,1,9647.0,4816.0526315789475,40.680148496800705,30438246.19031156,30438246.19031156,18732301.25,18732301.25,241.0,965.3386166609046,62.490693396848705
1087,ngoanxinhiu065,ngoanxinhiu065,1,1,103600.0,233407.0,51.58489081343678,30424860.047683697,30424860.047683697,74408558.98,74408558.98,21.0,311.146757401131,59.11107476780798
1088,the98352,the98352,1,1,21900.0,1154.25,39.29407762410817,30380637.45911191,30380637.45911191,54946150.23,54946150.23,18.0,963.3223110689169,44.70834201861077
1089,xongocanh,xongocanh,1,1,160200.0,96696.5,50.620821840062916,30356833.24274513,30356833.24274513,11382568.2,11382568.2,245.0,165.29067752711097,166.69581687852423
1090,vanillalatui,vanillalatui,1,1,79100.0,60710.0,48.65989085093826,30245871.310077846,30245871.310077846,23704108.08,23704108.08,155.0,435.3251559305813,27.59759282230647
1091,hotrokholen,hotrokholen,1,1,23400.0,27210.8,45.27717766985982,30212263.93457641,30212263.93457641,14608927.05,14608927.05,239.0,957.4292377101743,106.8068642630152
1092,sora.chic,sora.chic,1,1,23800.0,1212.2954545454545,39.51436323421989,30202920.633106,30202920.633106,28404141.39,28404141.39,34.0,957.10222215871,6.332806256693542
1093,mailinhriviu349349,mailinhriviu349349,1,1,7494.0,1609.28125,38.249001211482685,30163279.956171155,30163279.956171155,44987842.43,44987842.43,52.0,955.7147984659903,32.95237484859494
1094,vht817,vht817,1,1,1276.0,14065.583333333334,39.538156649481806,30115409.211164553,30115409.211164553,57022485.43,57022485.43,302.0,954.0393223907593,47.186782575210955
1095,tuhy333333,tuhy333333,1,1,3883.0,44038.333333333336,43.387695408103305,30038579.83395493,30038579.83395493,29486958.03,29486958.03,201.0,951.3502941884225,1.8707314718381927
1096,miedaily_review,miedaily_review,1,1,8849.0,4187.6875,40.28608370991738,29960359.597462397,29960359.597462397,70252011.72,70252011.72,18.0,948.6125859111839,57.35302254848739
1097,lannuochoa04,lannuochoa04,2,2,881.0,1113.6,34.24527877608022,29953755.05620783,29953755.05620783,44353294.465,88706588.93,211.0,948.3814269672739,43.86326114948056
1098,duhinnn,duhinnn,2,2,32200.0,55364.33333333333,47.09381652851096,29878757.760210413,29878757.760210413,81867027.715,163734055.43,178.5,945.7565216073643,42.27464466765011
1099,duymanhlamdep,duymanhlamdep,1,1,107800.0,972.71875,41.44789157930017,29744861.919360273,29744861.919360273,22586129.39,22586129.39,236.0,286.2969080436399,31.695260421778148
1100,anhthuhnguyen,anhthuhnguyen,2,2,10100.0,187494.25,42.577855960752444,29733382.98974966,29733382.98974966,40066322.57,80132645.14,212.5,940.6684046412379,100.83411377121683
1101,aitran_69,aitran_69,1,1,62500.0,38616.71428571428,47.45249088164443,29688531.328075234,29688531.328075234,41802235.14,41802235.14,59.0,565.0231017488852,28.978603109031663
1102,hanalamdep,hanalamdep,1,1,14900.0,1531.7692307692307,39.223050572086656,29682872.456892315,29682872.456892315,20549569.22,20549569.22,84.0,938.9005359912311,44.44522967422242
1103,naky.nhatky,naky.nhatky,1,1,412300.0,103118.0,52.20674076423726,29679115.01627957,29679115.01627957,10183039.8,10183039.8,36.0,0.7779796817642326,191.45633915993895
1104,nhi.riviu365,nhi.riviu365,3,3,12400.0,4781.36,41.0560501416499,29594646.049811784,16828679.35832952,31322337.073333334,93967011.22,76.66666666666667,935.8126117434125,19.91908667229358
1105,ellynhatle,ellynhatle,1,1,358500.0,140691.0,52.568143747664266,29575498.210150056,29575498.210150056,6500524.27,6500524.27,157.0,15.497064140055988,354.9709682131539
1106,nguyenthiluongttlk,nguyenthiluongttlk,1,1,30400.0,1000.5576923076924,39.53702018174944,29527712.452028524,29527712.452028524,40570286.57,40570286.57,43.0,933.4699358209983,27.218378403412586
1107,review.tfit,review.tfit,1,1,4157.0,5425.846153846154,39.596457547451145,29524136.148239713,29524136.148239713,71625441.84,71625441.84,20.0,933.3447651883897,58.77981986597444
1108,leohouse_22,leohouse_22,1,1,314800.0,177894.0,52.803211381669904,29523232.934351332,29523232.934351332,33634205.54,33634205.54,101.0,31.297732236632342,12.222594646273505
1109,ngoclinh.195,ngoclinh.195,1,1,3699.0,517.0246913580247,35.04317464699563,29516789.22497425,29516789.22497425,33408201.23,33408201.23,302.0,933.0876228740987,11.648074011034542
1110,phammylinh9,phammylinh9,1,1,1124.0,783.4938271604939,33.96902351938903,29515020.06175131,29515020.06175131,36571125.83,36571125.83,302.0,933.0257021612956,19.294198929091838
1111,hoang.hue170,hoang.hue170,1,1,7053.0,1306.6543209876545,37.76747720992707,29507802.12770989,29507802.12770989,31925891.86,31925891.86,51.0,932.7730744698462,7.574071048332204
1112,lethumaishop,lethumaishop,2,2,896200.0,55902.566666666666,51.00947431719199,29502212.223876618,29502212.223876618,28473852.115,56947704.23,195.0,-53.91308065897426,33.64848753060669
1113,tuilamoho,tuilamoho,2,2,14700.0,3799.195652173913,40.892073713695204,29473689.515456006,29473689.515456006,26952880.830000002,53905761.660000004,181.0,931.5791330409602,16.91028122068503
1114,hehe1207,hehe1207,1,1,2629.0,45010.625,42.823614249025034,29460839.908508442,29460839.908508442,21623558.93,21623558.93,49.0,931.1293967977955,36.24417702876463
1115,thuvienlamme,thuvienlamme,1,1,54000.0,8766.7,44.466182956496695,29439522.756580617,29439522.756580617,40557853.69,40557853.69,101.0,663.2468862817196,27.413509152632336
1116,trangriviuuu_01,trangriviuuu_01,1,1,10400.0,125370.5,46.86278673766456,29420300.74781556,29420300.74781556,29826991.6,29826991.6,83.0,929.7105261735444,1.3634994022811235
1117,skincarecungduyen,skincarecungduyen,2,2,18300.0,1154.6470588235295,39.01618464442295,29382145.414089307,29382145.414089307,8495113.559999999,16990227.119999997,210.5,928.3750894931256,299.8518123517055
1118,cap20101997,cap20101997,1,1,2296.0,572.2105263157895,34.4921593177866,29368066.858548857,29368066.858548857,23432080.83,23432080.83,33.0,927.8823400492101,25.332731103202065
1119,phuongquan778899,phuongquan778899,1,1,39900.0,8473.0,43.93341621642215,29337591.607040312,29337591.607040312,14800297.1,14800297.1,265.0,926.8157062464109,98.22299112522757
1120,bapxinh16889,bapxinh16889,1,1,1478.0,468.9375,33.43958187038071,29313543.935002986,29313543.935002986,9442107.26,9442107.26,17.0,925.9740377251044,210.45552785854485
1121,cayromcosmetic,cayromcosmetic,3,3,160800.0,6117.5,45.489033245220426,29289439.24539564,20520247.412083197,2280647034.693333,6841941104.08,158.33333333333334,155.0075556191163,282.89996412058576
1122,truczzii,truczzii,3,3,68400.0,240643.0,50.99778247508324,29275247.405973718,38012658.83434699,52970710.23,158912130.69,70.33333333333333,499.20097029770767,49.05898686608114
1123,man.trung.737,man.trung.737,1,1,180700.0,166101.0,51.8145606615012,29257078.236445267,29257078.236445267,18990146.31,18990146.31,33.0,126.67354472066059,54.064522509965165
1124,de_lua1010,de_lua1010,1,1,5403.0,2261.988888888889,38.375003088603805,29231110.033374514,29231110.033374514,3392660.51,3392660.51,54.0,923.088851168108,761.5984401390788
1125,yendan7,yendan7,1,1,1000000.0,147888.0,54.25210740013496,29220427.689845283,29220427.689845283,52827281.53,52827281.53,107.0,-59.09140123421661,44.686860948445094
1126,bicthokhocnhe,bicthokhocnhe,1,1,134600.0,25039.8,47.836045457060436,29207268.78235002,29207268.78235002,15377158.8,15377158.8,107.0,203.79031422949495,89.93930648846533
1127,unboxwithmyy,unboxwithmyy,2,2,5094.0,147799.5,46.05939219798646,29170952.71738418,29170952.71738418,51921652.415,103843304.83,135.0,920.9833451084462,43.92190579075934
1128,cheebeauty03,cheebeauty03,1,1,292400.0,163738.0,52.53438574263439,29102993.551788922,29102993.551788922,22433777.77,22433777.77,49.0,39.344018373818365,29.72845612613431
1129,cachanne,cachanne,2,2,3369.0,864.9688405797101,35.85123481327185,29090895.96109025,29090895.96109025,22687377.89,45374755.78,30.5,918.1813586381587,23.320465574655792
1130,dtna.17,dtna.17,1,1,680.0,69146.0,41.526934771866344,29077997.42112886,29077997.42112886,128311554.33,128311554.33,297.0,917.7299097395102,77.33797429782186
1131,panhbeo5,panhbeo5,1,1,2051.0,211753.0,45.32086396538631,29044177.95302699,29044177.95302699,79080045.79,79080045.79,20.0,916.5462283559448,63.272431543407436
1132,thixuyen08,thixuyen08,1,1,338900.0,153977.0,52.648892333060694,29021431.08658749,29021431.08658749,37131253.85,37131253.85,42.0,19.887882918921452,21.84096124567717
1133,vietjr05,vietjr05,1,1,5155.0,4175.103448275862,39.4425179401939,29006943.813489836,29006943.813489836,47326122.35,47326122.35,262.0,915.2430334721442,38.70838688416264
1134,tuebann5th5,tuebann5th5,4,4,9981.0,96166.5,36.27256366423908,28978324.83538987,25878152.681405373,35556897.39,142227589.56,228.5,914.2413692386455,19.83981129019891
1135,thaomee04,thaomee04,4,4,8551.0,18671.941666666666,43.01460745371633,28974215.948594727,32077230.596583158,33028903.9375,132115615.75,212.5,914.0975582008155,68.24221347879488
1136,chikimhoang0310,chikimhoang0310,2,2,2300000.0,187189.5,54.876492314678174,28843409.96996507,28843409.96996507,54493569.82,108987139.64,61.5,-82.44314175741256,56.10944439224303
1137,sansalechinhhanggiare,sansalechinhhanggiare,1,1,3017.0,2268.4102564102564,37.47671954099655,28691205.316079866,28691205.316079866,40291438.14,40291438.14,18.0,904.1921860627954,28.79081353118495
1138,cucaideyy,cucaideyy,1,1,48900.0,44121.666666666664,47.3199230215013,28676451.00064865,28676451.00064865,33290997.21,33290997.21,32.0,721.0026871351351,13.86124356757095
1139,_lathao,_lathao,1,1,5339.0,2103.156862745098,38.22107718323814,28650516.591904845,28650516.591904845,17450911.62,17450911.62,153.0,902.7680807166696,64.17776455339612
1140,michibabyofficial,michibabyofficial,3,3,303900.0,0.0,30.247852720709332,28639474.324631218,5481710.309141721,36567056.72333334,109701170.17,152.0,31.935715875234298,66.370901747154
1141,haphuong569,haphuong569,1,1,1624.0,5380.472222222223,38.1235760991607,28629292.108960178,28629292.108960178,49673993.47,49673993.47,169.0,902.0252238136063,42.3656321768241
1142,meobong.24,meobong.24,2,2,3013.0,17361.317948717948,40.893832733244864,28515680.719614193,28515680.719614193,33866365.025,67732730.05,150.0,898.0488251864966,28.971752341471706
1143,kimthoai_21,kimthoai_21,4,4,932.0,5707.373754152824,37.345471332050636,28511942.77245144,28868461.775899,24061557.447499998,96246229.78999999,75.75,897.9179970358003,49.85517018391665
1144,gialong294,gialong294,3,3,8600000.0,0.0,35.43273259066617,28508850.067481622,27747842.949515097,52003268.25,156009804.75,214.0,-90.02190247638144,62.31322675433558
1145,gigi.x.corner,gigi.x.corner,1,1,23500.0,65948.0,46.9314385846864,28464692.218121376,28464692.218121376,36480800.65,36480800.65,10.0,896.2642276342482,21.973499180530247
1146,serum_cafuneflux,serum_cafuneflux,1,1,44700.0,244.6296296296296,37.51900272450979,28433295.634944413,28433295.634944413,23162622.07,23162622.07,48.0,790.5282749199591,22.755081652741453
1147,soanhtran98,soanhtran98,1,1,4500000.0,97748.0,55.81433566530075,28352622.15465615,28352622.15465615,23717364.28,23717364.28,41.0,-90.07658224587036,19.543730997819576
1148,lenkangoo,lenkangoo,2,2,536100.0,439495.0,52.68247930636883,28328216.223588105,28328216.223588105,72812138.185,145624276.37,147.0,-26.022192290573877,36.54689109425799
1149,gia.hanne__,gia.hanne__,1,1,203600.0,10472.692307692309,46.85559387137996,28252740.065421626,28252740.065421626,13271396.71,13271396.71,35.0,94.27227942824298,112.88445129617126
1150,misun196,misun196,1,1,6353.0,8570.555555555555,41.10494784806411,28098494.32474906,28098494.32474906,26501376.45,26501376.45,96.0,883.4473013662171,6.026546876771983
1151,thaongoxinhh,thaongoxinhh,1,1,17500.0,2150.0,40.103207045714015,27924048.9945174,27924048.9945174,20290609.97,20290609.97,77.0,877.341714808109,37.62054978043325
1152,ngomebao,ngomebao,1,1,2161.0,451.97333333333336,33.96003385247401,27921089.30514562,27921089.30514562,372767725.46,372767725.46,226.0,877.2381256800966,92.50978896558422
1153,mesaylamdep,mesaylamdep,3,3,59800.0,7573.054054054054,44.35203262434851,27896704.36147982,11399470.838406038,32969444.603333335,98908333.81,14.333333333333334,553.100102108223,22.06368337287046
1154,beoo.riview,beoo.riview,1,1,1615.0,3129.2549019607845,37.10644150843236,27823642.42557827,27823642.42557827,14488978.59,14488978.59,51.0,873.8274848952393,92.03315301177672
1155,lin.203,lin.203,1,1,18300.0,124715.0,47.72945725465575,27772801.657893065,27772801.657893065,21994402.91,21994402.91,320.0,872.0480580262572,26.27213283096606
1156,jolly011009,jolly011009,3,3,758000.0,124049.5,53.49519497767494,27699656.619716194,23649059.618631434,46136458.97,138409376.91,77.0,-48.8396843435321,36.73353273622684
1157,huongnoibanphan,huongnoibanphan,2,2,1064.0,5269.104166666667,34.33180374467685,27640783.733751114,27640783.733751114,96146473.8,192292947.6,42.5,867.4274306812889,57.89407366547357
1158,ltct0104,ltct0104,1,1,14900.0,1958.5416666666667,39.680240835738516,27576532.61843306,27576532.61843306,488147133.92,488147133.92,157.0,865.178641645157,94.35077444847757
1159,chumacthuyquynh,chumacthuyquynh,1,1,479000.0,179068.0,53.46652679425211,27557511.583241362,27557511.583241362,17835008.27,17835008.27,184.0,-19.456124808897897,54.513590159615674
1160,nhung.dng543,nhung.dng543,2,2,1675.0,712.5985859728506,34.41075413422766,27548098.907438204,27548098.907438204,10307237.85,20614475.7,101.5,864.183461760337,268.3304105352512
1161,hoabenholife,hoabenholife,1,1,76700.0,113730.0,49.78043662217489,27537100.606938668,27537100.606938668,38515956.28,38515956.28,174.0,402.63286635872396,28.504694504397577
1162,giahoangabjwgwx,giahoangabjwgwx,1,1,739.0,177822.0,43.41387088893665,27526970.169619378,27526970.169619378,103260794.92,103260794.92,318.0,863.4439559366781,73.34228330224887
1163,tuyetcookies,tuyetcookies,3,3,4506.0,879.561403508772,36.33666341057752,27427278.79772167,30276903.19036134,24885431.86,74656295.58,181.33333333333334,859.9547579202584,25.98651278531503
1164,phuongriviu02,phuongriviu02,1,1,2155.0,12690.388888888889,40.15902269385512,27409499.2481536,27409499.2481536,38966578.97,38966578.97,9.0,859.3324736853759,29.658953973722156
1165,kikimimishop,kikimimishop,1,1,615.0,2256.849315068493,35.00243314983533,27405225.247155637,27405225.247155637,36411641.19,36411641.19,94.0,859.1828836504473,24.734990372578594
1166,dighetinkun,dighetinkun,1,1,208800.0,106972.0,51.21974350404768,27295056.241579015,27295056.241579015,26192951.27,26192951.27,46.0,83.01282920598955,4.207639529499324
1167,him_zhen9,him_zhen9,1,1,34100.0,226981.0,49.80936934085317,27244080.648684256,27244080.648684256,23942178.66,23942178.66,182.0,853.5428227039487,13.79115090390966
1168,nguyenmaianh317,nguyenmaianh317,2,2,66100.0,109414.16666666667,49.19346065607546,27227541.851874024,27227541.851874024,24848715.335,49697430.67,98.0,476.68016025149217,20.8286938971613
1169,khanxinhnek,khanxinhnek,1,1,2008.0,2406.7,36.95560501806427,27226160.817905884,27226160.817905884,5445745.92,5445745.92,236.0,852.9156286267058,399.9528295639964
1170,hanhoinayangi,hanhoinayangi,1,1,49800.0,75554.0,48.3493589876646,27221599.315611087,27221599.315611087,4654772.69,4654772.69,220.0,665.2658442139664,484.8104972793222
1171,quanhdayo,quanhdayo,1,1,244500.0,58546.0,50.342688618102294,27187567.54153644,27187567.54153644,27140688.86,27140688.86,31.0,55.67523336667082,0.17272472993686502
1172,bacsi.vanvinh,bacsi.vanvinh,1,1,45400.0,70295.0,48.07160270167496,27133999.49004571,27133999.49004571,20622820.47,20622820.47,47.0,736.731261807577,31.57268924256757
1173,lanithichsansale,lanithichsansale,1,1,3374.0,3264.6,38.32748564510122,27083443.02429924,27083443.02429924,153039443.47,153039443.47,39.0,847.9205058504734,82.30296555566844
1174,review.thapcam,review.thapcam,1,1,1214.0,6093.1875,37.904078113331444,27068724.860284563,27068724.860284563,22091539.07,22091539.07,159.0,847.4053701099598,22.529828159612073
1175,totuyettram,totuyettram,2,2,641200.0,18302.196022727272,49.6673503114166,26969462.496870514,26969462.496870514,32220845.055,64441690.11,176.0,-41.1147107055229,63.84289223340832
1176,thanhthao206i,thanhthao206i,1,1,203400.0,137380.0,51.644756025671946,26965121.911371727,26965121.911371727,14884248.55,14884248.55,99.0,85.60064245781913,81.16549062446103
1177,b26041999,b26041999,4,4,1426.0,3361.569337442219,37.0284909648151,26931696.04212626,28191107.30835434,22854834.79,91419339.16,63.25,842.6093614744191,22.48418668427688
1178,buikhanhha_,buikhanhha_,1,1,176700.0,1895448.0,56.31128613908173,26914060.802514862,26914060.802514862,32121382.59,32121382.59,193.0,113.24100239683534,16.211387454742614
1179,nicotine_5th4_,nicotine_5th4_,1,1,22600.0,145600.0,48.3449695921974,26906702.09424649,26906702.09424649,12844003.53,12844003.53,217.0,841.7345732986272,109.48843584011763
1180,phuonganhle305,phuonganhle305,3,3,724900.0,127362.0,53.47499009786401,26757510.029413585,31648444.369547237,31399441.363333333,94198324.09,88.33333333333333,-48.32319762563248,6.924935720281128
1181,quykieu3,quykieu3,2,2,2152.0,191.2875,28.107217294358804,26719427.85155996,26719427.85155996,65473433.81,130946867.62,15.5,835.1799748045985,59.32178578639876
1182,nganhuahihi,nganhuahihi,3,3,1900000.0,14130.0,50.87724250719398,26694007.64584974,24963683.66348285,20147199.64,60441598.92,140.0,-80.33073120832125,394.733326439458
1183,mickey1102_96,mickey1102_96,1,1,1351.0,66797.0,42.52628376524632,26657528.330329224,26657528.330329224,52641405.95,52641405.95,211.0,833.0134915615228,49.3601512929781
1184,chamnhuconong623,chamnhuconong623,1,1,5907.0,5572.40625,40.19089979411643,26644858.275310572,26644858.275310572,56536609.83,56536609.83,98.0,832.57003963587,52.871496265112064
1185,trankimanh883,trankimanh883,2,2,179900.0,17266.86666666667,47.59412888030887,26630443.874810435,26630443.874810435,346791869.71000004,693583739.4200001,168.5,107.24080836428351,89.59951171774115
1186,ch.anhreview98,ch.anhreview98,1,1,4556.0,25146.166666666668,42.59261611418617,26581308.429024577,26581308.429024577,22064967.29,22064967.29,45.0,830.3457950158602,20.468379035718833
1187,nhattao001,nhattao001,4,4,6425.0,1702.282487725041,38.113758193516155,26560668.059046075,24910724.296157356,30693322.78,122773291.12,123.25,829.6233820666125,19.921407318344865
1188,ngk2251,ngk2251,1,1,22500.0,108389.0,47.78876957637003,26535651.745789357,26535651.745789357,22328975.4,22328975.4,306.0,828.7478111026275,18.839540419706665
1189,alex_nguyen_gymer,alex_nguyen_gymer,1,1,15400.0,693.3684210526316,37.80044105062136,26534364.80926603,26534364.80926603,5768010.81,5768010.81,240.0,828.702768324311,360.0262669976868
1190,mi_nee99,mi_nee99,2,2,82100.0,119416.5,49.97071394139047,26533291.71264445,26533291.71264445,12016564.100000001,24033128.200000003,96.5,352.45564430818786,119.24911303830554
1191,zang.lang.thang,zang.lang.thang,1,1,15400.0,46523.0,45.62652851165086,26523620.092969254,26523620.092969254,29001502.72,29001502.72,9.0,828.3267032539237,8.543980120457514
1192,hp.vn46,hp.vn46,1,1,13600.0,3165.219298245614,40.4317380196743,26500348.563301023,26500348.563301023,6289495.85,6289495.85,49.0,827.5121997155358,321.3429692190834
1193,macanhthu_chuchu,macanhthu_chuchu,2,2,128700.0,40258.23333333334,48.5911488419842,26445893.393491983,26445893.393491983,22972707.259999998,45945414.519999996,209.0,187.6787160131218,49.701736847875814
1194,olay.koc,olay.koc,1,1,4771.0,2813.2727272727275,38.58788025563864,26316623.846200522,26316623.846200522,28773344.73,28773344.73,74.0,821.0818346170182,8.538183192995367
1195,tien_giadung67,tien_giadung67,1,1,8103.0,725.4945054945055,36.88873162264103,26268790.665329527,26268790.665329527,28936197.27,28936197.27,208.0,819.4076732865334,9.218234793539864
1196,kacosmetics95,kacosmetics95,2,2,105000.0,2817.429900744417,43.36869444412161,26245107.31288203,26245107.31288203,33110450.385,66220900.77,95.5,249.9347641717603,41.941518929895565
1197,embelinhxinhh,embelinhxinhh,1,1,1100000.0,107870.0,53.81266184804334,26171837.557582717,26171837.557582717,25371626.56,25371626.56,38.0,-66.69038856307654,3.1539601755147335
1198,qualuuhello,qualuuhello,1,1,217100.0,163260.0,52.067097719236656,26163890.79067727,26163890.79067727,25172722.57,25172722.57,211.0,68.72154356033245,3.93746929010576
1199,vanjinka,vanjinka,1,1,623400.0,103081.0,52.84733389775765,26152299.977263257,26152299.977263257,28052737.38,28052737.38,38.0,-41.26849539915214,6.774516785986259
1200,tieungan_mnn42,tieungan_mnn42,1,1,14800.0,530.4026845637584,37.24095061431935,26102732.53471846,26102732.53471846,83575142.9,83575142.9,207.0,813.5956387151462,68.76734920339757
1201,huynhdung.kem,huynhdung.kem,1,1,19500.0,1008.8536585365854,38.863691542211555,26013373.555180993,26013373.555180993,38070326.25,38070326.25,206.0,810.4680744313347,31.670211113094958
1202,traibonho0505,traibonho0505,1,1,3583.0,69045.5,44.10001647225361,25983841.823888905,25983841.823888905,23810631.59,23810631.59,32.0,809.4344638361116,9.12705832969845
1203,huonghoabattu2,huonghoabattu2,1,1,52000.0,998.6923076923076,40.366135467443534,25971411.265172165,25971411.265172165,46908582.75,46908582.75,29.0,599.2303032930968,44.63398861656684
1204,baongoc1314,baongoc1314,2,2,407100.0,155528.5,51.74033534256959,25942693.007456377,25942693.007456377,34691076.005,69382152.01,73.5,-10.784155710049312,231.1747486494325
1205,vanpham0719,vanpham0719,4,4,353400.0,63693.0,48.13160614019211,25930976.233124424,18879863.73444847,57888170.965,231552683.86,227.5,2.7259952642167384,54.025501707109655
1206,kimxuxu_98,kimxuxu_98,1,1,2200000.0,1227.0655737704917,46.55769768197579,25923972.206696365,25923972.206696365,32368158.6,32368158.6,265.0,-83.50292677755687,19.909029960399526
1207,hangvu_chuyencacao,hangvu_chuyencacao,1,1,24700.0,5165.0,42.268451534463566,25914631.283930313,25914631.283930313,80986159.41,80986159.41,15.0,807.0120949375608,68.0011603553947
1208,dsson.skincare,dsson.skincare,1,1,2313.0,1212.031746031746,35.89884492027725,25775438.328470867,25775438.328470867,224381412.0,224381412.0,187.0,802.1403414964803,88.51266773895208
1209,chongngozongao,chongngozongao,1,1,362100.0,0.0,30.519629844182454,25753397.274814453,25753397.274814453,39324932.98,39324932.98,263.0,-0.4287318841750057,34.51127484969345
1210,ccindylu,ccindylu,2,2,365200.0,206176.0,42.565571658695276,25721225.20373096,25721225.20373096,55918141.675,111836283.35,38.0,-1.3972746844925084,70.84712356884543
1211,minhgiang07_,minhgiang07_,1,1,5697.0,20821.666666666668,42.587973830017184,25711844.244834792,25711844.244834792,12503019.44,12503019.44,207.0,799.9145485692177,105.6450793204141
1212,hng.review862,hng.review862,1,1,8081.0,890.4565217391304,37.265377380084566,25688806.774742827,25688806.774742827,11435213.46,11435213.46,73.0,799.1082371159989,124.64649973174025
1213,maikaheree,maikaheree,2,2,332100.0,93014.41666666667,50.70374161549523,25636408.667513043,25636408.667513043,116648993.7,233297987.4,134.5,8.0727857106843,51.3009935118555
1214,shop.thaongan398,shop.thaongan398,1,1,1263.0,1185.4571428571428,34.91970058860767,25619305.514653273,25619305.514653273,40240833.62,40240833.62,88.0,796.6756930128645,36.335052706462115
1215,nguyenthuyquynh2209,nguyenthuyquynh2209,1,1,1653.0,144378.0,44.273596245953236,25516902.869722188,25516902.869722188,43936572.58,43936572.58,88.0,793.0916004402765,41.92331952324946
1216,yeenlam257,yeenlam257,1,1,1771.0,336.4590163934426,33.10355567438613,25509754.7999566,25509754.7999566,7532063.97,7532063.97,135.0,792.841417998481,238.6821315055374
1217,honghoa_le,honghoa_le,1,1,4028.0,12952.761904761905,41.16692490505752,25483179.465081725,25483179.465081725,10574296.03,10574296.03,72.0,791.9112812778603,140.99173498438296
1218,mai.trinh.h,mai.trinh.h,6,6,224900.0,11912.564935064936,47.24942816153193,25465289.3785008,12099278.420749221,29952007.363333333,179712044.18,215.0,58.521143307697265,41.9591006588654
1219,omgngan59,omgngan59,2,2,743700.0,192558.0,43.60507353147905,25421040.24067999,25421040.24067999,23759682.48,47519364.96,92.5,-52.14541302009952,274.49801061197076
1220,huongnguyen16_10,huongnguyen16_10,1,1,16900.0,0.0,25.766353722098472,25385950.03245428,25385950.03245428,5474124.14,5474124.14,15.0,788.5082511358996,363.7445074903668
1221,dsphanhuy,dsphanhuy,1,1,16500.0,0.0,25.729203231408533,25385950.03245428,25385950.03245428,330567137.57,330567137.57,15.0,788.5082511358996,92.32048587192713
1222,lttna,lttna,1,1,30200.0,8142.9,43.427453042168814,25339785.342032798,25339785.342032798,17511184.78,17511184.78,135.0,786.892486971148,44.706287212353864
1223,nguyen.nhan.28,nguyen.nhan.28,1,1,331200.0,46083.0,50.367922995101175,25329776.632339947,25329776.632339947,54014467.7,54014467.7,161.0,7.070311851678506,53.105570209405315
1224,cuaaa669,cuaaa669,1,1,5476.0,2844.2337662337663,38.82196751291922,25308219.079837315,25308219.079837315,14054420.11,14054420.11,201.0,785.787667794306,80.07302244957096
1225,nhungchanreview,nhungchanreview,1,1,13600.0,8907.384615384615,42.35712929751747,25297332.42478561,25297332.42478561,10989462.54,10989462.54,72.0,785.4066348674962,130.1962660385538
1226,phumynguyennn,phumynguyennn,1,1,275400.0,53125.0,50.34643090048737,25288142.060946178,25288142.060946178,80630002.05,80630002.05,72.0,28.55264664242792,68.63680836165106
1227,luong.dieu.nhi,luong.dieu.nhi,1,1,2895.0,860.1375661375662,35.609115082690096,25219070.66595108,25219070.66595108,52137359.28,52137359.28,200.0,782.6674733082878,51.62955889170787
1228,tamthichriviu,tamthichriviu,2,2,1435.0,12632.935483870968,39.14127553269731,25218516.230040662,25218516.230040662,13828482.64,27656965.28,208.5,782.648068051423,96.16155665282693
1229,honglereview,honglereview,1,1,2465.0,637.5185185185185,34.80309962068839,25208405.164444413,25208405.164444413,88289171.13,88289171.13,129.0,782.2941807555543,71.44790822950789
1230,reviewtienichne,reviewtienichne,2,2,6039.0,563.0139296187683,35.948973872445066,25157767.73236254,25157767.73236254,17866700.085,35733400.17,42.5,780.5218706326887,41.194222412216746
1231,luynguoidep1,luynguoidep1,1,1,8392.0,53072.0,44.930114981852235,25141824.90916757,25141824.90916757,11195537.79,11195537.79,199.0,779.9638718208648,124.57005086101871
1232,giadinhhanna,giadinhhanna,3,3,421100.0,264919.0,53.995680570709624,25050160.52048537,31469876.512752578,85008449.97333333,255025349.92,191.0,-16.71758554101278,71.75615265454252
1233,truc.dao,truc.dao,2,2,636000.0,69962.375,51.94207085339218,25032366.994686216,25032366.994686216,17069721.97,34139443.94,86.0,-44.89730535760897,46.114157426752726
1234,trmduyen_,trmduyen_,1,1,686600.0,130566.0,53.4370397666735,25002787.81732898,25002787.81732898,31943015.27,31943015.27,36.0,-49.01849265327619,21.726901465025726
1235,tiktokshoplifestyle.vn,tiktokshoplifestyle.vn,1,1,64900.0,2408.5,42.34725113176396,24984755.41214854,24984755.41214854,244801190.42,244801190.42,167.0,438.96236636375886,89.79385869436226
1236,kieureview94,kieureview94,1,1,196.0,6747.333333333333,35.272031006236034,24979006.10255736,24979006.10255736,35339551.35,35339551.35,198.0,774.2652135895075,29.31713859305302
1237,thuytaphoa9,thuytaphoa9,1,1,1024.0,5512.142857142857,37.45381993162903,24946996.01219433,24946996.01219433,20161249.94,20161249.94,86.0,773.1448604268016,23.73734806342235
1238,cimngan.711,cimngan.711,1,1,2928.0,1175.1379310344828,36.20691393455386,24941829.839474536,24941829.839474536,12143733.19,12143733.19,198.0,772.9640443816088,105.38848679591698
1239,hangthumakeup,hangthumakeup,1,1,177800.0,13068.0,47.05747011512083,24780809.92068001,24780809.92068001,11377423.08,11377423.08,17.0,95.12448756440949,117.8068772377937
1240,theordi_duongtrang,theordi_duongtrang,2,2,28900.0,3098.53125,34.72476094863656,24747889.78991468,24747889.78991468,22264446.93,44528893.86,195.0,766.1761426470139,54.4636529627796
1241,mintu.2151,mintu.2151,1,1,2026.0,8324.70588235294,39.27866301193561,24732151.4699869,24732151.4699869,64198474.33,64198474.33,85.0,765.6253014495416,61.475484070141604
1242,fb.hodinh,fb.hodinh,1,1,27000.0,21927.0,45.097304581193534,24713217.216780562,24713217.216780562,18879515.44,18879515.44,85.0,764.9626025873196,30.89963720372137
1243,tonhia_mumlady,tonhia_mumlady,2,2,425800.0,29884.653846153844,49.5146676930506,24698874.46928231,24698874.46928231,20258765.885,40517531.77,199.0,-18.79186412166455,318.6818946730506
1244,votrilamtoptop212,votrilamtoptop212,1,1,26800.0,19310.5,44.849274343448805,24698197.669959765,24698197.669959765,18140224.43,18140224.43,8.0,764.4369184485919,36.151555154490254
1245,ceveda_live,ceveda_live,1,1,80600.0,1015.0769230769232,41.07613910474107,24653616.289742578,24653616.289742578,10292413.03,10292413.03,70.0,328.2265856779108,139.53193695086853
1246,lyxuanly1984mukbang,lyxuanly1984mukbang,1,1,524800.0,108611.0,52.677552216880976,24642982.276378766,24642982.276378766,19385635.82,19385635.82,185.0,-34.260336915148116,27.11980409203192
1247,leeglinh_,leeglinh_,1,1,92500.0,23161.0,47.10908678529195,24590238.25105812,24590238.25105812,14537497.58,14537497.58,165.0,272.1765789349337,69.15042025450244
1248,nini100700,nini100700,2,2,1163.0,1462.1535087719296,35.01566159394608,24519323.080960006,24519323.080960006,34869344.105000004,69738688.21000001,165.5,758.1763078336003,34.70427306751967
1249,anhne.204,anhne.204,1,1,120700.0,31402.333333333332,48.0883870312924,24496742.81837097,24496742.81837097,45285818.09,45285818.09,246.0,184.1378620192159,45.906370136260534
1250,mebemon.review,mebemon.review,1,1,3332.0,52650.0,43.48282097250441,24448722.753541566,24448722.753541566,11094628.35,11094628.35,194.0,755.7052963739549,120.36540551213297
1251,vnh.pht.mango02,vnh.pht.mango02,4,4,34400.0,1885.473602484472,40.90574999344015,24447647.708040237,23008692.001608893,30334739.04,121338956.16,170.0,755.6676697814082,25.47170000951303
1252,yendo2702,yendo2702,1,1,2505.0,209477.0,45.6107634828072,24423352.61043671,24423352.61043671,14269752.55,14269752.55,42.0,754.8173413652848,71.1547031026597
1253,minhanh_5703,minhanh_5703,1,1,103300.0,99338.0,49.99041023094941,24419361.388988465,24419361.388988465,39696551.87,39696551.87,90.0,230.9497187278204,38.484930708949086
1254,callmethaothu,callmethaothu,2,2,19800.0,1413.9061784897026,39.499312677666225,24386209.20844664,24386209.20844664,15889534.864999998,31779069.729999997,127.5,753.5173222956323,66.04995691283979
1255,emlantaphoa,emlantaphoa,1,1,14200.0,8645.4,42.36852830938086,24368906.651407562,24368906.651407562,19460488.87,19460488.87,69.0,752.9117327992645,25.222479323087843
1256,nguyenduyen205,nguyenduyen205,1,1,6139.0,0.0,24.195839336804482,24366916.13555491,24366916.13555491,10149487.55,10149487.55,14.0,752.8420647444219,140.0802603630457
1257,anhtaybe,anhtaybe,1,1,7792.0,3601.279411764706,39.80808631225366,24281505.264583588,24281505.264583588,14591507.62,14591507.62,41.0,749.8526842604256,66.40847468908487
1258,cogaisuduabentre,cogaisuduabentre,1,1,723.0,23.823529411764707,26.85800514370235,24264964.087502126,24264964.087502126,1800080.05,1800080.05,14.0,749.2737430625743,1247.9936121453113
1259,hienmew.makeup,hienmew.makeup,1,1,242600.0,66308.5,50.56232174235733,24248759.06999234,24248759.06999234,18193590.33,18193590.33,89.0,39.93513065947765,33.281879113259905
1260,trinhniengrang3119,trinhniengrang3119,1,1,18500.0,17632.2,44.10521132792641,24225135.439080868,24225135.439080868,41659104.97,41659104.97,195.0,747.8797403678303,41.84912168294031
1261,yuhtt09,yuhtt09,5,5,23200.0,161284.0,48.57602171123364,24202310.149563484,28026063.20036263,24001899.398,120009496.99,49.8,747.080855234722,21.314052715457454
1262,n_ha811,n_ha811,1,1,1900000.0,814.7826086956521,45.56896345222878,24197453.689209163,24197453.689209163,34332811.22,34332811.22,127.0,-82.17029728163536,29.520907757435992
1263,ngocanhbe.1234,ngocanhbe.1234,6,6,7951.0,13341.09090909091,42.276470206150655,24153560.475028683,24710321.321251776,35859208.13166667,215155248.79,176.83333333333334,745.3746166260039,25.85855054288777
1264,ngoctran.29_11,ngoctran.29_11,1,1,5377.0,444.52884615384613,35.34263719770508,24147005.9557028,24147005.9557028,28499711.45,28499711.45,48.0,745.145208449598,15.272805487640117
1265,kinmereview,kinmereview,5,5,6022.0,5342.4,40.142359649925346,24144373.739876207,10956129.3154745,20022963.402000003,100114817.01,127.8,745.0530808956671,28.38827993243932
1266,vuongdongho86,vuongdongho86,1,1,10100.0,426572.2,49.09651161164421,24134335.403615672,24134335.403615672,37034050.36,37034050.36,45.0,744.7017391265485,34.832039247635585
1267,unboxwithhannie,unboxwithhannie,2,2,5970.0,206793.5,36.188051611439334,24131972.70850985,24131972.70850985,101431589.69999999,202863179.39999998,94.0,744.6190447978447,108.11352709595997
1268,t.hincutes1,t.hincutes1,1,1,232700.0,74282.5,50.70905598732153,24044256.52348461,24044256.52348461,22004003.93,22004003.93,277.0,44.658182779881614,9.272187916231708
1269,ducanh_t9lb,ducanh_t9lb,2,2,737000.0,22238.0,50.252403503003286,23993952.90017392,23993952.90017392,9755975.4,19511950.8,130.5,-54.421256363305986,962.0149399903223
1270,thomcungngoc,thomcungngoc,1,1,29900.0,5781.75,42.77469151644532,23915499.020589206,23915499.020589206,7357728.97,7357728.97,216.0,737.0424657206222,225.039140719928
1271,trangbabyne,trangbabyne,1,1,1990.0,177147.0,44.94193346917555,23911411.8755381,23911411.8755381,19455150.53,19455150.53,160.0,736.8994156438334,22.90530386113696
1272,123456huetay,123456huetay,1,1,1701.0,862.1168831168832,34.78896326655274,23899950.688096274,23899950.688096274,60400043.36,60400043.36,82.0,736.4982740833696,60.43057362451491
1273,ngoclanshop168,ngoclanshop168,2,2,36300.0,14711.527777777777,44.80763152877263,23835964.559232555,23835964.559232555,63747110.02,127494220.04,99.0,734.2587595731394,64.42706636520536
1274,janymakeup1,janymakeup1,2,2,117600.0,21185.964285714286,47.166248793587584,23818367.423171982,23818367.423171982,59777955.31,119555910.62,77.0,183.55199313299977,58.880064299164786
1275,capyreview,capyreview,2,2,4371.0,25226.3,42.37879925538419,23784302.41998203,23784302.41998203,22654153.315,45308306.63,113.5,732.4505846993711,52.34911521102837
1276,thuyhanhnguyen2910,thuyhanhnguyen2910,1,1,257800.0,94086.0,51.30780978223838,23773784.991023906,23773784.991023906,15836401.52,15836401.52,34.0,29.10511632053323,50.12113049166934
1277,quynh.riviuu,quynh.riviuu,1,1,2000.0,3166.425,37.459861846499344,23747465.23536899,23747465.23536899,31821430.02,31821430.02,40.0,731.1612832379145,25.372727685576873
1278,kim.tron.sa.lan.1994.moi,kim.tron.sa.lan.1994.moi,1,1,74400.0,24196.0,46.85271144994337,23701854.664359197,23701854.664359197,198728535.18,198728535.18,44.0,346.0026415336408,88.07325045550652
1279,pumil,pumil,1,1,79400.0,39853.0,47.882353120971935,23695276.67525678,23695276.67525678,21207312.38,21207312.38,191.0,317.80084817833114,11.731634120705975
1280,lyly200315,lyly200315,1,1,2737.0,780.3648648648649,35.34115972150973,23681687.04435766,23681687.04435766,14794291.1,14794291.1,188.0,728.8590465525181,60.07314500089607
1281,ngochongriview,ngochongriview,1,1,2059.0,490.6962025316455,34.03775025509928,23657282.229891334,23657282.229891334,11789418.64,11789418.64,34.0,728.0048780461966,100.66538437803183
1282,thamsale98,thamsale98,2,2,18300.0,1130.7133333333334,38.974721076077635,23656725.844615526,23656725.844615526,22496242.545,44992485.09,105.5,727.9854045615434,37.735873840452335
1283,taphoa7821,taphoa7821,1,1,983.0,3613.769230769231,36.60485147244655,23616628.907632187,23616628.907632187,34059584.42,34059584.42,241.0,726.5820117671266,30.660842433049908
1284,caolanamtrimunchinhhang,caolanamtrimunchinhhang,1,1,22600.0,807.6034482758621,38.678846357673464,23566293.011935387,23566293.011935387,33023307.17,33023307.17,124.0,724.8202554177385,28.637392703828983
1285,lethiyeenvy08,lethiyeenvy08,1,1,889700.0,119238.0,53.6700452173391,23526100.827000603,23526100.827000603,35226134.33,35226134.33,34.0,-62.98017179071503,33.21407167017805
1286,neon.beauty,neon.beauty,2,2,11200.0,1264.6792452830189,38.423970735548494,23500771.52599083,23500771.52599083,59833638.19,119667276.38,87.0,722.5270034096789,59.681058052440605
1287,beyen0720,beyen0720,1,1,28900.0,6885.5,43.04706336639102,23467407.970202092,23467407.970202092,27760658.14,27760658.14,47.0,721.3592789570731,15.465231941355942
1288,emmai.tientich,emmai.tientich,1,1,1952.0,9132.666666666666,39.39336803436148,23460842.77157952,23460842.77157952,12446213.35,12446213.35,66.0,721.129497005283,88.49783554111677
1289,hoaquynh0000,hoaquynh0000,2,2,571100.0,87831.5,50.72432043389114,23322104.35794351,23322104.35794351,17103751.404999997,34207502.809999995,133.0,-42.82797040602187,181.08137898531612
1290,tangngoctuyet,tangngoctuyet,1,1,600800.0,48867.5,51.40082876155291,23313800.7631193,23313800.7631193,10430061.74,10430061.74,66.0,-45.67356679699232,123.52505041949347
1291,su_my93,su_my93,1,1,12500.0,18149.53846153846,43.55099564624915,23304615.515879832,23304615.515879832,9934843.1,9934843.1,34.0,715.661543055794,134.57457034102362
1292,tranthimylinh861990,tranthimylinh861990,1,1,2232.0,26396.5,41.57653819394076,23261945.843812503,23261945.843812503,38846062.04,38846062.04,143.0,714.1681045334376,40.11762165271849
1293,mecunmiu06,mecunmiu06,1,1,279900.0,90348.0,51.359925236169865,23252299.442442615,23252299.442442615,22507766.26,22507766.26,80.0,16.303034010073805,3.3078945899921255
1294,angoccam,angoccam,1,1,3657.0,824.1666666666666,35.892001196869934,23246667.746198222,23246667.746198222,1039975.29,1039975.29,43.0,713.6333711169377,2135.3096241544567
1295,0motnoibuon,0motnoibuon,1,1,132.0,12472.0,35.80601203848106,23201562.394022346,23201562.394022346,61991472.71,61991472.71,14.0,712.054683790782,62.5729775729628
1296,giadinhhaingo,giadinhhaingo,1,1,27200.0,388.3108108108109,37.60574016764742,23197874.49653413,23197874.49653413,19787828.35,19787828.35,80.0,711.9256073786945,17.233048954228117
1297,latexchinhhang,latexchinhhang,1,1,19300.0,5640.952380952381,42.049863294484915,23170208.35642222,23170208.35642222,38281540.58,38281540.58,155.0,710.9572924747777,39.474200867121375
1298,vodangkhoa2608,vodangkhoa2608,1,1,419400.0,6905.2,47.20136802217759,23164372.921591006,23164372.921591006,11165752.24,11165752.24,26.0,-22.674959250769177,107.45913417823611
1299,changdailyvlog63,changdailyvlog63,1,1,730.0,495.47169811320754,32.44877643263523,23139286.39819117,23139286.39819117,23093672.03,23093672.03,122.0,709.8750239366908,0.19751890531705843
1300,ngangicungban,ngangicungban,1,1,1250.0,1115.5245901639344,34.79059244738869,23097856.183882024,23097856.183882024,13377944.17,13377944.17,183.0,708.4249664358708,72.65624591018177
1301,caugaivietcuu,caugaivietcuu,1,1,53800.0,91557.0,48.826758947029056,23092973.35946267,23092973.35946267,39456988.37,39456988.37,40.0,500.9323922536754,41.473046186614795
1302,lehoailinh996,lehoailinh996,1,1,25400.0,131031.0,48.329893784332405,23053826.66550746,23053826.66550746,22019541.69,22019541.69,28.0,706.883933292761,4.697123083071111
1303,trinhnhaxinh37,trinhnhaxinh37,2,2,8245.0,32203.642857142855,43.91485143851217,23048193.6593154,23048193.6593154,30179844.785000004,60359689.57000001,105.5,706.6867780760388,27.04677131218502
1304,diemvy1990,diemvy1990,1,1,29400.0,673.9318181818181,38.750502153375486,23017605.637647007,23017605.637647007,14495537.16,14495537.16,182.0,705.6161973176452,58.79098086246434
1305,louieyaa,louieyaa,1,1,2084.0,2405.85,37.012541107737476,23014932.420636304,23014932.420636304,28425476.44,28425476.44,182.0,705.5226347222705,19.034136616088666
1306,xinhs.unboxing,xinhs.unboxing,1,1,23200.0,104822.0,47.77400431490897,23008345.899141304,23008345.899141304,28272998.11,28272998.11,64.0,705.2921064699456,18.620777995937466
1307,15.ngoen,15.ngoen,1,1,8514.0,139190.0,46.747088008092035,22989054.73926958,22989054.73926958,48043953.47,48043953.47,265.0,704.6169158744352,52.14995211910569
1308,tampham1386,tampham1386,2,2,90800.0,200050.0,49.00644876282705,22986285.171684053,22986285.171684053,19088468.445,38176936.89,132.5,254.41408855019463,67.59107520756731
1309,lachi.riviu1,lachi.riviu1,1,1,1415.0,61766.0,42.452277409996974,22907519.729722157,22907519.729722157,16285601.67,16285601.67,198.0,701.7631905402754,40.66118153878534
1310,phuonganhh854,phuonganhh854,1,1,24600.0,23796.6,45.10521128703082,22883634.021552317,22883634.021552317,14537340.12,14537340.12,122.0,700.927190754331,57.412799264906496
1311,thanhthao_mebone,thanhthao_mebone,1,1,12100.0,0.0,25.248171079554748,22847295.578298915,22847295.578298915,1902141.28,1902141.28,13.0,699.655345240462,1101.1355738149437
1312,huonghi9,huonghi9,1,1,6065.0,26313.875,43.12075210688591,22644496.13796357,22644496.13796357,60380365.8,60380365.8,133.0,692.5573648287249,62.496921245939895
1313,bachduyen6688,bachduyen6688,1,1,15600.0,1209.4857142857145,38.8548952023458,22636252.214337584,22636252.214337584,23931940.34,23931940.34,119.0,692.2688275018154,5.414053801132016
1314,vannhai.204,vannhai.204,1,1,4061.0,11445.53846153846,40.949341212116956,22624699.427366473,22624699.427366473,22502877.1,22502877.1,38.0,691.8644799578266,0.5413633413412335
1315,ngoccqdmsjq,ngoccqdmsjq,1,1,4871.0,612.9444444444445,35.786174254369726,22615547.2654115,22615547.2654115,46893391.08,46893391.08,42.0,691.5441542894024,51.7724209221094
1316,cam.tu.0911,cam.tu.0911,1,1,310400.0,56031.0,50.63111806519222,22611664.882007826,22611664.882007826,14333569.94,14333569.94,139.0,1.9856019162724021,57.753197400645796
1317,elizabethvn_2,elizabethvn_2,1,1,93800.0,145487.0,50.55095240797123,22581500.80083888,22581500.80083888,13632242.38,13632242.38,151.0,237.0373253856549,65.64773550364998
1318,stylefashions1221,stylefashions1221,2,2,37800.0,692.0714285714286,33.746666627195125,22514718.98318493,22514718.98318493,1732195.5999999999,3464391.1999999997,13.5,688.0151644114726,851.6015919419117
1319,nabatii102,nabatii102,1,1,57400.0,67100.5,48.34880262121873,22500241.91583672,22500241.91583672,49784806.16,49784806.16,120.0,448.78638819113957,54.80500246696808
1320,phucmypham,phucmypham,1,1,10600.0,8807.0,41.94952219281801,22453024.558491312,22453024.558491312,48370290.66,48370290.66,229.0,685.8558595471958,53.580960022928025
1321,_meomeo007,_meomeo007,3,3,301200.0,48392.0,50.31165022251083,22418252.85527834,17160809.763415616,47509452.623333335,142528357.87,132.0,4.201706498637691,82.44956342881218
1322,lamdepmoingay9999,lamdepmoingay9999,1,1,45300.0,104750.0,48.810586437639515,22347930.434276063,22347930.434276063,33403804.09,33403804.09,82.0,590.6645167325936,33.097648477209525
1323,h.ling20,h.ling20,1,1,1103.0,103384.5,43.024954438555454,22310677.44818586,22310677.44818586,27615694.0,27615694.0,37.0,680.8737106865051,19.210151125711846
1324,uyenvuive99,uyenvuive99,1,1,6462.0,1169.6470588235295,37.42575696462767,22305895.66602764,22305895.66602764,42130958.26,42130958.26,131.0,680.7063483109673,47.055807445981316
1325,.mebanhbao20,.mebanhbao20,1,1,179100.0,53580.666666666664,49.69494311258121,22244896.0833342,22244896.0833342,30875455.35,30875455.35,44.0,73.88528485018357,27.952816140947377
1326,bchngcl504,bchngcl504,1,1,23600.0,0.0,26.284275158660346,22194934.776575536,22194934.776575536,20103598.68,20103598.68,13.0,676.8227171801436,10.402794692952634
1327,linh.tran.1985,linh.tran.1985,1,1,24300.0,1108.6296296296296,39.38037291449808,22177376.50523186,22177376.50523186,42823229.09,42823229.09,76.0,676.2081776831151,48.211807057747826
1328,nguyenhuongly.official,nguyenhuongly.official,1,1,4700000.0,0.0,34.495587770037076,22120087.724541128,22120087.724541128,7403649.97,7403649.97,200.0,-92.25796929641061,198.77273796266638
1329,herilamreview,herilamreview,3,3,5953.0,109561.5,45.746677700580705,22079044.82120089,16439611.594993655,137120132.99,411360398.97,78.66666666666667,672.7665687420312,80.39759691659452
1330,lizkimcuong1511,lizkimcuong1511,4,4,901500.0,11271.277777777777,49.278147291270514,22028372.06204956,21785603.212544728,12077544.7675,48310179.07,115.5,-65.79065902732182,155.6127452517204
1331,meow.unboxinh,meow.unboxinh,1,1,6799.0,6465.7692307692305,40.6857155825977,22006548.67114346,22006548.67114346,9200382.26,9200382.26,27.0,670.2292034900211,139.19167757648648
1332,cocam2509,cocam2509,1,1,33000.0,134930.0,48.79045638347546,21957528.137176566,21957528.137176566,48260024.39,48260024.39,135.0,668.5134848011797,54.50162237852826
1333,thuphuongg.27,thuphuongg.27,1,1,167200.0,66190.0,49.98165785629664,21882751.41966476,21882751.41966476,6260893.96,6260893.96,116.0,83.22877982972882,249.51480666292514
1334,quynh_mexaxi,quynh_mexaxi,1,1,24700.0,5501.892857142857,42.38603719896951,21865954.064039215,21865954.064039215,27643503.66,27643503.66,44.0,665.3083922413724,20.900207394191018
1335,honglily_09,honglily_09,2,2,37400.0,36908.16666666667,46.56987111831214,21846488.96666328,21846488.96666328,20027949.515,40055899.03,87.5,664.6271138332147,9.057771360460988
1336,khanh.khanh.offcia,khanh.khanh.offcia,1,1,1698.0,3012.2608695652175,37.11322884929939,21845317.198862992,21845317.198862992,13271496.92,13271496.92,197.0,664.5861019602046,64.60326465466257
1337,trinh_my_pham,trinh_my_pham,1,1,1490.0,1111.1315789473683,35.055470267849344,21745089.44298625,21745089.44298625,32972313.06,32972313.06,79.0,661.0781305045186,34.050458020896116
1338,kimisayhi,kimisayhi,1,1,125500.0,30934.5,48.12093698442748,21682256.647931874,21682256.647931874,20177348.81,20177348.81,31.0,141.87377933947906,7.458402251469405
1339,haoreview34,haoreview34,1,1,99800.0,141840.0,50.59987011264984,21622181.678063545,21622181.678063545,14985721.05,14985721.05,27.0,203.3171778485868,44.2852272901713
1340,myshopuht,myshopuht,1,1,16900.0,119894.0,47.532643895736875,21621711.549765203,21621711.549765203,15918403.6,15918403.6,127.0,656.7599042417821,35.828391420890995
1341,smoothskiner11,smoothskiner11,1,1,9092.0,143119.0,46.9007649567145,21595108.173542622,21595108.173542622,14308275.06,14308275.06,115.0,655.8287860739918,50.927404477382346
1342,k.phng,k.phng,1,1,226400.0,88683.0,50.99628309044788,21569161.561975382,21569161.561975382,64723257.03,64723257.03,216.0,33.37820753871702,66.67478963245341
1343,conchu661,conchu661,1,1,34000.0,66048.0,47.50713496030306,21546504.688761137,21546504.688761137,36149869.0,36149869.0,127.0,654.1276641066397,40.396728163078166
1344,tittsu00,tittsu00,2,2,54800.0,68777.25,47.9058562918146,21532174.443307605,21532174.443307605,25871030.205000002,51742060.410000004,135.0,450.0920478217271,98.75011390989329
1345,nhieunguyen.68,nhieunguyen.68,1,1,6035.0,446.7603305785124,35.530966400068486,21433801.62037289,21433801.62037289,23858465.0,23858465.0,43.0,650.1830567130512,10.162696466965116
1346,phuongnguyen.26789,phuongnguyen.26789,1,1,1141.0,543.078947368421,33.31116798988678,21427991.19340621,21427991.19340621,4048790.44,4048790.44,194.0,649.9796917692172,429.24426469961253
1347,lyxinhnhat,lyxinhnhat,1,1,398100.0,124514.0,52.50330667853332,21425509.75144603,21425509.75144603,25596481.15,25596481.15,173.0,-24.652816749499017,16.295096869414678
1348,quynhtrang280794,quynhtrang280794,1,1,102500.0,58452.5,48.99131188190226,21411257.607780468,21411257.607780468,16261625.62,16261625.62,173.0,192.44644537456247,31.66738743171526
1349,duksun___,duksun___,1,1,1200000.0,45986.0,52.36075106043575,21398296.998404566,21398296.998404566,21522088.57,21522088.57,114.0,-75.035320168528,0.5751838219269725
1350,ds.lanphuong,ds.lanphuong,1,1,1619.0,985.9818181818182,34.96197364928227,21334750.874421824,21334750.874421824,3192766.38,3192766.38,126.0,646.7162806047637,568.2214836658931
1351,hanhvu996,hanhvu996,1,1,308600.0,45757.0,50.245087027513726,21330029.97838482,21330029.97838482,85435597.65,85435597.65,98.0,-3.2338238180857286,75.03379087278519
1352,reviewhottrend_xh,reviewhottrend_xh,2,2,4854.0,7816.49090909091,40.51299308107153,21306508.478030887,21306508.478030887,19768922.155,39537844.31,32.5,645.7277967310811,6.6033349647700845
1353,anhfmax3,anhfmax3,1,1,1508.0,334.62,32.844190241381355,21281989.55767014,21281989.55767014,36625323.06,36625323.06,73.0,644.8696345184547,41.89269123222271
1354,camtoxinhdep,camtoxinhdep,1,1,23400.0,7403.0,42.85450256948049,21152770.043009907,21152770.043009907,12522522.02,12522522.02,31.0,640.3469515053467,68.9178107191694
1355,makeupcoguuu,makeupcoguuu,1,1,15300.0,666.8958333333334,37.717988984920055,21112462.506619334,21112462.506619334,63465653.63,63465653.63,24.0,638.9361877316767,66.73403439645732
1356,hinthor03,hinthor03,2,2,734100.0,76818.5,52.53879609425428,21100490.63537718,21100490.63537718,32786828.785000004,65573657.57000001,32.5,-59.75931495773321,28.63097200579219
1357,fm.scent,fm.scent,1,1,1437.0,22175.333333333332,40.569618535073275,21041117.432058085,21041117.432058085,6715958.43,6715958.43,190.0,636.439110122033,213.30029289740682
1358,senabeautyafff,senabeautyafff,1,1,1067.0,2576.3333333333335,36.102294942632916,20856940.26890515,20856940.26890515,7193445.27,7193445.27,12.0,629.9929094116802,189.94368464702524
1359,muoivungchay.healthyfood,muoivungchay.healthyfood,4,4,30100.0,24012.709821428572,45.43474983190156,20841165.318650097,22291033.66395475,17999512.5225,71998050.09,100.25,629.4407861527534,249.56088918073243
1360,duongtaplamvo,duongtaplamvo,1,1,1988.0,7739.277777777777,39.1136044868701,20819356.814439338,20819356.814439338,21404934.55,21404934.55,128.0,628.6774885053768,2.735713740178958
1361,guthoitrang7,guthoitrang7,1,1,2020.0,438.8709677419355,33.800797494503456,20813184.173733752,20813184.173733752,59269647.73,59269647.73,30.0,628.4614460806813,64.88390774895913
1362,nguyenttnguyen,nguyenttnguyen,1,1,383000.0,48962.0,50.70610045861008,20785703.039442074,20785703.039442074,18183269.81,18183269.81,76.0,-24.02092883754856,14.312240079124003
1363,hai_jney,hai_jney,1,1,58400.0,36134.75,47.22361205110877,20780278.952568516,20780278.952568516,23931635.27,23931635.27,111.0,398.15737215061506,13.168161230427625
1364,plynn99,plynn99,1,1,278800.0,84873.0,51.23746617072484,20774452.03372139,20774452.03372139,26915864.22,26915864.22,168.0,4.319343067467522,22.817072251817923
1365,ngoctudayyyy,ngoctudayyyy,1,1,138100.0,59713.5,49.49342565301701,20774220.535457734,20774220.535457734,18097365.11,18097365.11,111.0,110.60035300246798,14.791409739413355
1366,shopanhdao.205,shopanhdao.205,1,1,1647.0,5687.583333333333,38.248674198458694,20769667.68523263,20769667.68523263,13262755.88,13262755.88,35.0,626.938368983142,56.60144749066007
1367,tetotetuilahnguyendayy,tetotetuilahnguyendayy,1,1,224800.0,9292.5,46.78671430949052,20758420.118864078,20758420.118864078,18147383.67,18147383.67,23.0,29.278417110363474,14.387949780223478
1368,maithao_makeup,maithao_makeup,2,2,27400.0,8649.659090909092,43.329000563221214,20741185.79621115,20741185.79621115,20702891.155,41405782.31,84.5,625.9415028673902,35.30939458184442
1369,cupidthne315,cupidthne315,1,1,159400.0,58742.5,49.68539079611881,20702045.130225822,20702045.130225822,18488493.28,18488493.28,110.0,81.82473765568476,11.972591907315342
1370,thichlareview_9431,thichlareview_9431,1,1,1718.0,123900.0,44.04868664014096,20662457.700213913,20662457.700213913,19104638.64,19104638.64,7.0,623.1860195074869,8.154140413586553
1371,siuu2203,siuu2203,1,1,87500.0,6038.214285714285,44.520914827989635,20636571.721949376,20636571.721949376,25027773.35,25027773.35,30.0,230.18514755119003,17.545314825422235
1372,beautyinyourway,beautyinyourway,1,1,24400.0,92609.0,47.62165603014132,20610993.697223842,20610993.697223842,14213721.61,14213721.61,110.0,621.3847794028345,45.007720446157265
1373,synaeshy,synaeshy,1,1,342600.0,45532.5,50.39804451804848,20604670.064749457,20604670.064749457,10961214.64,10961214.64,163.0,-15.801114738326797,87.97798183385865
1374,congoffficial,congoffficial,2,2,17100.0,2100.6666666666665,40.024159736008926,20588612.26506096,20588612.26506096,15406488.614999998,30812977.229999997,144.0,620.6014292771337,32.38870084483685
1375,muoibienn,muoibienn,2,2,125900.0,188514.5,51.032495584846885,20510639.495657705,20510639.495657705,29764981.845,59529963.69,229.0,128.07700789452565,62.897117939247096
1376,kieumy240800,kieumy240800,1,1,43000.0,18479.6,45.500730150135645,20462052.188831262,20462052.188831262,18171158.25,18171158.25,109.0,566.2063503340411,12.607308281139767
1377,sunni_review01,sunni_review01,1,1,1543.0,12844.333333333334,39.663601309277176,20459189.792485986,20459189.792485986,40216720.69,40216720.69,209.0,616.0716427370095,49.12765277360563
1378,unofficiallykyky,unofficiallykyky,1,1,454400.0,5447.96,46.88457937855475,20384322.912952483,20384322.912952483,36044003.83,36044003.83,35.0,-37.19618820833302,43.44600835940904
1379,minhtuannee,minhtuannee,1,1,174100.0,84400.0,50.496732049335236,20345023.16419621,20345023.16419621,17279242.94,17279242.94,107.0,63.60156478963065,17.742561030258948
1380,_ngg.k_,_ngg.k_,1,1,11500.0,79788.0,46.17762083896904,20313466.452302475,20313466.452302475,12764902.37,12764902.37,7.0,610.9713258305866,59.1353060407502
1381,xmai26704,xmai26704,4,4,19000.0,5708.333333333333,42.047662677100014,20272616.120130192,10186987.1400574,16099630.600000001,64398522.400000006,124.25,609.5415642045566,98.19465027799214
1382,lynsyouth.me,lynsyouth.me,1,1,170300.0,57194.0,49.73826240755646,20231084.236350257,20231084.236350257,13846723.54,13846723.54,29.0,66.31543118549828,46.10737462842606
1383,bsngocvandalieutaohinh,bsngocvandalieutaohinh,1,1,55500.0,104520.0,49.12147026944173,20219807.169003565,20219807.169003565,18558655.26,18558655.26,119.0,410.0491898487386,8.950820443245643
1384,ciaramakeup2003,ciaramakeup2003,1,1,1300000.0,49520.0,52.62270559774315,20191097.105195273,20191097.105195273,28420051.08,28420051.08,233.0,-78.25574157902048,28.954747307247718
1385,user911.vt,user911.vt,1,1,76400.0,93980.0,49.419334701882796,20164005.627015054,20164005.627015054,11497197.64,11497197.64,135.0,269.49748531179415,75.38191704091687
1386,codaiduong.official1,codaiduong.official1,1,1,66700.0,50944.75,48.069030353040546,20128453.26168131,20128453.26168131,12622767.19,12622767.19,135.0,322.4862753576287,59.461494921869914
1387,nariviu01,nariviu01,1,1,892.0,1610.611111111111,34.95082281031234,20077948.051252957,20077948.051252957,13913211.67,13913211.67,107.0,602.7281817938534,44.308507104405734
1388,tolakaiii,tolakaiii,1,1,207800.0,46017.5,49.6422613654108,20073966.794938922,20073966.794938922,38725425.33,38725425.33,34.0,35.24327965791381,48.16334068928115
1389,lekhaidang196,lekhaidang196,1,1,13900.0,19329.2,43.83284381916644,20042653.564127933,20042653.564127933,12038094.7,12038094.7,25.0,601.4928747444776,66.49356948594145
1390,thuongthichdi,thuongthichdi,1,1,145800.0,7471.5,45.709236488989156,20024455.123972148,20024455.123972148,23294256.55,23294256.55,105.0,92.27871861152954,14.036942621497198
1391,sauzippy_26006,sauzippy_26006,1,1,127700.0,290223.0,52.3147888593338,20003729.664755914,20003729.664755914,1250962.76,1250962.76,143.0,119.30478880703429,1499.0667591700262
1392,kim.chi.japan.1,kim.chi.japan.1,1,1,9538.0,5423.111111111111,40.88344198484227,19985757.02965433,19985757.02965433,5446882.08,5446882.08,180.0,599.5014960379016,266.9210520095256
1393,camnhistore6,camnhistore6,1,1,1698.0,596.8809523809524,34.10284880714859,19974632.696896773,19974632.696896773,49482366.87,49482366.87,40.0,599.1121443913871,59.632826882808374
1394,gocngam.nghi,gocngam.nghi,1,1,76800.0,68827.5,48.8476980040987,19959471.732739788,19959471.732739788,51171862.74,51171862.74,106.0,263.8445367947357,60.99522146740639
1395,25trangtrang,25trangtrang,1,1,1035.0,1089.2777777777778,34.4538249040362,19955812.26544691,19955812.26544691,13990711.88,13990711.88,40.0,598.4534292906417,42.63614629913248
1396,inriviu1,inriviu1,1,1,1226.0,6876.2,38.14430416809492,19946592.341373645,19946592.341373645,10168414.03,10168414.03,123.0,598.1307319480775,96.16227547899764
1397,chohapbia.meonauche,chohapbia.meonauche,3,3,419.0,29735.8,39.206674949316486,19940008.244427472,16388166.837308697,21405088.113333333,64215264.339999996,63.0,597.9002885549615,28.284863956500388
1398,anhocgioihihi,anhocgioihihi,1,1,9645.0,4693.060606060606,40.6316867974417,19887742.10740115,19887742.10740115,12407038.42,12407038.42,158.0,596.0709737590403,60.294031775885735
1399,huematmun,huematmun,2,2,19100.0,2695.540272263188,40.65960850891142,19853885.870805465,19853885.870805465,40786599.125,81573198.25,98.5,594.8860054781911,123.4071345935802
1400,itsme.hanabae,itsme.hanabae,2,2,2886.0,3985.408974358975,37.97249793738128,19838041.69012949,19838041.69012949,13504342.655000001,27008685.310000002,17.5,594.331459154532,65.07777792593305
1401,cu0ngca0,cu0ngca0,1,1,1600000.0,62576.0,53.38030190409037,19825271.93429573,19825271.93429573,23982698.69,23982698.69,29.0,-82.65288705749124,17.335108152102094
1402,thaotrinh116133,thaotrinh116133,2,2,235900.0,83692.0,50.42648956698916,19801946.32922004,19801946.32922004,39270128.98,78540257.96,53.5,17.51896931287859,45.89483597227575
1403,ann_nguyen9512,ann_nguyen9512,1,1,5388.0,5399.714285714285,39.98970086494337,19799757.183107458,19799757.183107458,14704246.38,14704246.38,157.0,592.991501408761,34.65332851085876
1404,dsnga_skincare,dsnga_skincare,1,1,33000.0,2794.4545454545455,41.574773696553486,19799016.669998426,19799016.669998426,32132799.24,32132799.24,104.0,592.9655834499448,38.38377876101146
1405,truongdonkho,truongdonkho,2,2,20700.0,4982.59375,34.649197794646156,19743640.391163703,19743640.391163703,30244265.025,60488530.05,148.5,591.0274136907295,34.71940607985853
1406,lamkynam85,lamkynam85,1,1,12800.0,0.0,25.33539478129804,19720877.024123102,19720877.024123102,97084748.38,97084748.38,12.0,590.2306958443086,79.68694635028203
1407,phanhuynhmyquyenn,phanhuynhmyquyenn,1,1,79000.0,18836.4,46.479729803260845,19699280.37203218,19699280.37203218,21876168.34,21876168.34,56.0,249.10117114993736,9.95095637469308
1408,twureview12,twureview12,1,1,1902.0,366.10526315789474,33.370907673941964,19607587.90840569,19607587.90840569,24334405.34,24334405.34,155.0,586.2655767941992,19.424421371927014
1409,songkhongvoilam,songkhongvoilam,1,1,666.0,6994.7,37.23067809646635,19604011.465350553,19604011.465350553,20096853.0,20096853.0,155.0,586.1404012872694,2.452331888228702
1410,phuonganhreal.05,phuonganhreal.05,1,1,1200000.0,61529.333333333336,52.90269758091084,19598169.805603188,19598169.805603188,86703172.22,86703172.22,39.0,-77.13546856012961,77.39624825274566
1411,iamq.246,iamq.246,1,1,312300.0,69200.0,51.033481485051894,19581833.612881515,19581833.612881515,25863194.89,25863194.89,67.0,-12.217204425122901,24.286872924377846
1412,thienthichriviu,thienthichriviu,1,1,44200.0,53638.0,47.52669823108528,19513683.711435165,19513683.711435165,11970993.65,11970993.65,39.0,518.0804795477202,63.00805331590135
1413,khuuthicham,khuuthicham,1,1,4146.0,44045.0,43.4896014798483,19428793.993093967,19428793.993093967,50445410.47,50445410.47,198.0,580.0077897582889,61.485507180780466
1414,dungpham.sd,dungpham.sd,1,1,2800000.0,12517.2,51.25312516309391,19409874.690989222,19409874.690989222,17572952.2,17572952.2,22.0,-90.2950626545054,10.453124040189579
1415,c.tin948,c.tin948,1,1,12500.0,5208.4,41.227702198547775,19394197.260486655,19394197.260486655,16042882.57,16042882.57,154.0,578.7969041170329,20.8897289864452
1416,hgkhoa1910,hgkhoa1910,4,4,7214.0,9226.10576923077,41.436194737945655,19379385.07200732,17797235.870543834,57024380.377500005,228097521.51000002,38.5,578.2784775202562,71.28172606606685
1417,tiemxoailep,tiemxoailep,1,1,2388.0,1538.5373134328358,36.39196798160338,19359498.88897548,19359498.88897548,38140546.91,38140546.91,34.0,577.5824611141418,49.241685142433944
1418,dinnbexiu,dinnbexiu,2,2,2529.0,941.3235294117646,35.5522765735179,19355467.15077335,19355467.15077335,21121517.355,42243034.71,126.5,577.4413502770672,41.48241471734647
1419,lihtrag.2001,lihtrag.2001,1,1,180800.0,11302657.0,59.442383793763774,19283548.986495983,19283548.986495983,212218665.01,212218665.01,138.0,49.319516488353834,90.91335864091535
1420,nguyennewin,nguyennewin,1,1,258600.0,44094.0,49.90201433850809,19195348.079475615,19195348.079475615,7093359.03,7093359.03,155.0,3.9191311340520487,170.61012981709476
1421,tiemnhadau_20,tiemnhadau_20,2,2,4714.0,1631.128205128205,37.253431117385276,19188595.675134577,19188595.675134577,31628858.905,63257717.81,100.5,571.6008486297101,71.4703746329533
1422,thanhthao93vb,thanhthao93vb,1,1,9837.0,5962.666666666667,41.10781951856987,19139049.158904873,19139049.158904873,34650225.25,34650225.25,152.0,569.8667205616705,44.76500795934978
1423,quyen_vy24,quyen_vy24,1,1,1177.0,1624.928571428571,35.396905962183496,19128996.37985345,19128996.37985345,18305222.32,18305222.32,173.0,569.5148732948708,4.500213356892185
1424,chauthu.20,chauthu.20,1,1,97400.0,73714.0,49.343918068055814,19054277.553929362,19054277.553929362,59942936.33,59942936.33,32.0,173.8807861961099,68.21263901883107
1425,phudungnhattao2,phudungnhattao2,1,1,37200.0,8173.418803418804,43.7577481596185,19008361.788723372,19008361.788723372,2327346.87,2327346.87,35.0,565.292662605318,716.7395257554956
1426,leanhthu3979,leanhthu3979,1,1,7963.0,1767.896551724138,38.51800282867206,18967144.220952414,18967144.220952414,7852743.49,7852743.49,38.0,563.8500477333345,141.53525764729153
1427,nhuy9208,nhuy9208,1,1,11100.0,2682.9701492537315,39.80914977259584,18954087.803765424,18954087.803765424,18624535.79,18624535.79,38.0,563.3930731317898,1.769450887159129
1428,shoptramtieuthu,shoptramtieuthu,1,1,26400.0,3748.301587301587,41.77509800212971,18953734.51220417,18953734.51220417,42197146.08,42197146.08,32.0,563.3807079271459,55.08289950161442
1429,hacookie__,hacookie__,1,1,1100000.0,110313.0,53.85434439482637,18928203.99085997,18928203.99085997,22289646.87,22289646.87,6.0,-75.90955855708732,15.08073635596377
1430,thaoanhmakeup,thaoanhmakeup,1,1,21200.0,8246.1,42.90208739088719,18792758.739131797,18792758.739131797,43629410.67,43629410.67,13.0,557.7465558696128,56.92639792621843
1431,btrambbi,btrambbi,1,1,761800.0,70913.0,52.462094686121915,18770625.98324244,18770625.98324244,21931364.1,21931364.1,27.0,-65.50423158763532,14.411954050580741
1432,nhaonhao68,nhaonhao68,1,1,2742.0,63862.0,43.53996998662078,18745117.473767877,18745117.473767877,39345449.57,39345449.57,13.0,556.0791115818756,52.35759743850888
1433,mooekiss_forface,mooekiss_forface,1,1,2330.0,363.5,33.67230692645409,18714321.967439894,18714321.967439894,24752022.53,24752022.53,107.0,555.0012688603963,24.392756411086328
1434,mchoangvietofficial,mchoangvietofficial,2,2,140700.0,2071.7147435897436,43.205264487566296,18687609.78784778,18687609.78784778,14200984.17,28401968.34,85.5,85.94636604823658,34.746412034674734
1435,mebo1812,mebo1812,1,1,1819.0,463.2,33.73851492112755,18677786.81613225,18677786.81613225,7690614.37,7690614.37,11.0,553.7225385646287,142.8646908755646
1436,changthuho,changthuho,1,1,1756.0,34411.0,41.69817954046112,18651825.162948508,18651825.162948508,7447247.8,7447247.8,140.0,552.8138807031977,150.45259220390795
1437,cokimngann,cokimngann,2,2,692100.0,0.0,31.52441466848519,18584266.409917466,18584266.409917466,9267291.39,18534582.78,161.5,-62.40720564386006,133.19834790585122
1438,quynhanh.buii,quynhanh.buii,1,1,126300.0,79760.0,49.893650342861626,18536361.618678223,18536361.618678223,30417667.33,30417667.33,214.0,105.47035840181718,39.06054196208403
1439,dovietchien97,dovietchien97,1,1,1568.0,575.7966101694915,33.91256003256593,18473560.619173475,18473560.619173475,1557171.01,1557171.01,105.0,546.5746216710716,1086.3540035447663
1440,thaovyxinkk,thaovyxinkk,1,1,216600.0,96868.0,51.091960119676415,18459277.4263524,18459277.4263524,34356786.25,34356786.25,31.0,19.31204246026482,46.271815727955634
1441,bichphuong031121,bichphuong031121,1,1,1457.0,526.1923076923077,33.631382244715304,18457187.059829075,18457187.059829075,37414834.08,37414834.08,63.0,546.0015470940175,50.66879885030596
1442,tututhichreview,tututhichreview,4,4,2133.0,2303.9755368814194,36.844694937236866,18425439.03019563,18427444.805143483,13667987.255,54671949.02,80.75,544.890366056847,72.16927634781699
1443,namireview.ne,namireview.ne,1,1,2266.0,14952.2,40.54213966205216,18401130.562378008,18401130.562378008,86355974.34,86355974.34,51.0,544.0395696832302,78.69153732209745
1444,duyen7697,duyen7697,1,1,8293.0,11112.42857142857,42.001601136798904,18396051.32510514,18396051.32510514,3424547.09,3424547.09,37.0,543.86179637868,437.1820226628901
1445,.khnh.thy31,.khnh.thy31,1,1,1091.0,204.3448275862069,31.428106394546003,18379873.21128373,18379873.21128373,1493167.54,1493167.54,11.0,543.2955623949305,1130.931742012268
1446,giadinhtuanmai,giadinhtuanmai,1,1,70700.0,8646.25,44.85837779220409,18311502.465853702,18311502.465853702,21679016.72,21679016.72,97.0,262.60400922482575,15.533519336417104
1447,lamdepcungngoc,lamdepcungngoc,1,1,8885.0,5218.6875,40.70195116695517,18294248.81107276,18294248.81107276,11577235.29,11577235.29,145.0,540.2987083875465,58.019150106370176
1448,unbox274,unbox274,1,1,111.0,84552.0,39.10156951956388,18271790.82127887,18271790.82127887,66492398.79,66492398.79,183.0,539.5126787447605,72.52048180877658
1449,halinhofficial,halinhofficial,3,3,5700000.0,0.0,34.79479127362972,18239230.824876934,11594941.147504056,38495351.516666666,115486054.55,83.33333333333333,-93.61626921129307,52.45264277259402
1450,muonduocko,muonduocko,1,1,2545.0,4534.222222222223,38.50158322866169,18234930.3851472,18234930.3851472,16969518.6,16969518.6,67.0,538.2225634801518,7.456969257496778
1451,kimysok,kimysok,1,1,18600.0,6002.6,42.10820358400119,18230098.90477524,18230098.90477524,34649539.06,34649539.06,26.0,538.0534616671333,47.38718205397322
1452,trang.shop413,trang.shop413,2,2,2872.0,292.79285714285714,33.52535134239949,18084371.94220807,18084371.94220807,28145880.78,56291761.56,15.5,532.9530179772823,48.45299139516629
1453,tiemcualy,tiemcualy,1,1,27300.0,51237.75,46.69415496659322,18081539.913339294,18081539.913339294,5192103.22,5192103.22,50.0,532.8538969668753,248.25077906173246
1454,hungcong_1,hungcong_1,1,1,3044.0,864.3333333333334,35.69597871516284,18068727.033281695,18068727.033281695,12357134.63,12357134.63,163.0,532.4054461648592,46.22100975913454
1455,lamdung999,lamdung999,3,3,36000.0,1891.6122448979593,40.98376840368464,18059736.652753334,14769225.29386774,37860750.43,113582251.28999999,87.0,532.0907828463666,60.654297909830746
1456,phuthuyaffiliate,phuthuyaffiliate,1,1,3128.0,1570.022346368715,36.84818221202132,18035863.496867694,18035863.496867694,9219559.63,9219559.63,33.0,531.2552223903692,95.62608433248663
1457,bebebeauty.vn,bebebeauty.vn,2,2,2645.0,4581.541666666666,38.56629818040186,18014458.866128534,18014458.866128534,19366708.775,38733417.55,28.5,530.5060603144987,59.134749036344296
1458,rie.he99,rie.he99,1,1,4030.0,8813.0,40.45102524459882,17992437.210271686,17992437.210271686,35724419.2,35724419.2,11.0,529.735302359509,49.6354661232066
1459,lucky_hup,lucky_hup,1,1,44000.0,84533.0,48.366310183189604,17977197.67746069,17977197.67746069,7939300.77,7939300.77,22.0,472.0017442828401,126.43300963468462
1460,hey.iambauu,hey.iambauu,1,1,133800.0,74316.0,49.851542006257425,17963467.374044288,17963467.374044288,33461314.44,33461314.44,31.0,87.95855249373693,46.315715103616576
1461,bun_owi6,bun_owi6,1,1,47600.0,4727.685714285714,43.12132581056802,17943819.65156426,17943819.65156426,11948073.8,11948073.8,155.0,427.75940151659586,50.18169415361544
1462,bngoccneh,bngoccneh,1,1,132000.0,3135.3939393939395,43.93914484764868,17905510.53056864,17905510.53056864,21841387.83,21841387.83,105.0,89.9069298696674,18.020271102119604
1463,luu.vuhy,luu.vuhy,1,1,1845.0,828.4509803921569,34.84088282547619,17857925.860491842,17857925.860491842,29281070.87,29281070.87,105.0,525.0274051172145,39.012046588814385
1464,mamne1011,mamne1011,1,1,2931.0,1553.7948717948718,36.72799395281382,17836767.787745703,17836767.787745703,13967040.85,13967040.85,31.0,524.2868725710996,27.706133169544668
1465,danchi22_,danchi22_,2,2,192000.0,1496.375,36.984640821610476,17832923.81628208,17832923.81628208,33881672.905,67763345.81,144.0,30.031736160390146,47.367059796616
1466,hoanglinhcuabe,hoanglinhcuabe,1,1,161000.0,3751.6,44.58104967976445,17793019.54272168,17793019.54272168,1040220.5,1040220.5,49.0,54.72190906714505,1610.5046038529026
1467,hei.zie_,hei.zie_,1,1,28800.0,38703.5,46.25495687764362,17778375.892588828,17778375.892588828,19525658.83,19525658.83,105.0,522.2431562406089,8.948650350924781
1468,hathanhtai123chachacha,hathanhtai123chachacha,1,1,88000.0,62503.0,48.87944136118857,17775024.337340776,17775024.337340776,23992629.74,23992629.74,65.0,182.7844780940578,25.91464741479907
1469,tragiang0105,tragiang0105,1,1,4094.0,1030.0,36.481539022351065,17766076.77269711,17766076.77269711,5376963.39,5376963.39,160.0,521.8126870443988,230.4109677543687
1470,ngoctrinhreview88,ngoctrinhreview88,1,1,3903.0,2292.3636363636365,37.89551405289154,17755864.39662256,17755864.39662256,24746485.15,24746485.15,109.0,521.4552538817895,28.248944086418824
1471,linhh_han,linhh_han,2,2,75300.0,12352.285714285714,45.36428927162174,17699942.94038029,17699942.94038029,10920131.475,21840262.95,102.0,229.0826044692219,131.02566045752508
1472,nganthuy678,nganthuy678,1,1,3203.0,931.0,35.913065089450576,17669919.663342383,17669919.663342383,6276495.89,6276495.89,85.0,518.4471882169834,181.52523275757906
1473,shophongtham,shophongtham,1,1,2568.0,873.4827586206897,35.45190081946264,17661578.631026417,17661578.631026417,6406977.26,6406977.26,94.0,518.1552520859245,175.66164065059314
1474,kienfragrancevn,kienfragrancevn,1,1,2822.0,6575.666666666667,39.3535160414945,17646192.46667756,17646192.46667756,8985754.83,8985754.83,159.0,517.6167363337147,96.37963421574413
1475,_imthu.01,_imthu.01,2,2,233600.0,18620.5,39.63486111206752,17610839.56850384,17610839.56850384,24092728.89,48185457.78,20.0,5.544415222197664,61.35405430648464
1476,thaohuynh0912,thaohuynh0912,1,1,13700.0,94850.0,46.77096131076773,17605358.220741615,17605358.220741615,18053060.96,18053060.96,104.0,516.1875377259564,2.479927034259492
1477,i0m.bunny,i0m.bunny,1,1,9640.0,127746.0,46.7800340670762,17589252.753112413,17589252.753112413,13031661.45,13031661.45,6.0,515.6238463589344,34.97321750261103
1478,thu_au159,thu_au159,3,3,6688.0,3469.6923076923076,39.50188267291566,17588448.576776918,17632612.61412264,70101598.02999999,210304794.08999997,128.33333333333334,515.595700187192,55.877939186994396
1479,dieplamanh,dieplamanh,1,1,1100000.0,0.0,32.24307038984224,17562528.375743486,17562528.375743486,8007543.11,8007543.11,142.0,-77.64769115814467,119.32480580480429
1480,namlemlamdep101003,namlemlamdep101003,1,1,22200.0,17902.0,44.41625042450409,17542847.090351112,17542847.090351112,10948479.97,10948479.97,25.0,513.999648162289,60.23089176233029
1481,mebexoaichua0,mebexoaichua0,1,1,3753.0,8139.6,40.192673508447676,17535669.952865504,17535669.952865504,18761285.33,18761285.33,60.0,513.7484483502926,6.532683425344475
1482,teddy2606,teddy2606,2,2,798700.0,13845.416666666666,49.44443099816584,17501039.92440508,17501039.92440508,11040278.405000001,22080556.810000002,117.5,-69.3233305444258,216.6103473083043
1483,huynhanhreview,huynhanhreview,1,1,572400.0,5598.25,47.29329577592118,17487125.88863123,17487125.88863123,21368576.94,21368576.94,20.0,-57.229251844717474,18.164293589916394
1484,thutu80,thutu80,1,1,14900.0,665.5,37.67300792488067,17449493.536452528,17449493.536452528,15579147.68,15579147.68,10.0,510.7322737758384,12.00544403885212
1485,tra.an.g,tra.an.g,1,1,156200.0,21630.5,47.794479911287944,17374100.22681671,17374100.22681671,10252579.63,10252579.63,25.0,55.72176899835718,69.46076844873731
1486,blume.official_,blume.official_,1,1,51500.0,2222.5,41.839024410423434,17371932.97885722,17371932.97885722,7679233.84,7679233.84,19.0,372.2467217553418,126.21961175826388
1487,qi.ainhh_06,qi.ainhh_06,2,2,106400.0,72748.5,49.45258989817671,17369778.273063034,17369778.273063034,9944717.46,19889434.92,52.5,128.54971411925044,204.65055034269938
1488,phuctran_94,phuctran_94,1,1,2581.0,19943.0,41.27999132146835,17331193.329742167,17331193.329742167,34333148.17,34333148.17,177.0,506.5917665409758,49.52052388575886
1489,nh.quynh272,nh.quynh272,1,1,107500.0,61056.0,49.146291635785296,17330885.147236932,17330885.147236932,16008279.56,16008279.56,29.0,125.70455075471352,8.262009557490083
1490,trinhkieuoanh139,trinhkieuoanh139,1,1,206900.0,58063.0,50.06827688915183,17320710.060472224,17320710.060472224,27307134.32,27307134.32,59.0,17.201518050561194,36.57075159370943
1491,huulanh3,huulanh3,1,1,4685.0,441.5,35.11630299462449,17312263.192808077,17312263.192808077,20010626.35,20010626.35,10.0,505.9292117482826,13.484651154819671
1492,bngoclee91,bngoclee91,1,1,50700.0,74803.0,48.358546115217756,17295553.94726401,17295553.94726401,10278947.59,10278947.59,126.0,377.58926087119545,68.26191393455689
1493,katthy.review,katthy.review,2,2,5758.0,437.25519480519483,35.393182052453874,17287887.333811864,17287887.333811864,15503829.535,31007659.07,51.0,505.0760566834151,15.928281912689219
1494,chauminhthuy01,chauminhthuy01,3,3,259400.0,45842.0,49.9791638602763,17287551.162583224,20598330.421816792,23709085.933333334,71127257.8,51.666666666666664,-6.697873447893161,30.385559127899253
1495,min_ne213,min_ne213,1,1,91900.0,55190.0,48.71510269052447,17277336.447538726,17277336.447538726,4540760.43,4540760.43,139.0,163.20207863497512,280.49434040585857
1496,phudungnhattao,phudungnhattao,1,1,349400.0,4394.285714285715,46.077054580673,17275296.99597092,17275296.99597092,2839552.06,2839552.06,32.0,-30.780149415113666,508.3810626092525
1497,nguyennhungtaphoa,nguyennhungtaphoa,1,1,2396.0,1707.2156862745098,36.59066393711956,17147830.81657932,17147830.81657932,16235602.82,16235602.82,34.0,500.17407858027616,5.618688795808564
1498,minhlahang02,minhlahang02,1,1,1315.0,2722.6857142857143,36.52896750914211,17099825.394784227,17099825.394784227,21988182.04,21988182.04,59.0,498.49388881744784,22.231745381783153
1499,ntht.1202,ntht.1202,1,1,11000.0,4068.3333333333335,40.5697382088191,17095228.052589826,17095228.052589826,14890316.74,14890316.74,6.0,498.3329818406438,14.807685767131815
1500,tran.beauty96,tran.beauty96,2,2,5261.0,0.0,23.95649102617701,17074944.1079127,17074944.1079127,3742934.6550000003,7485869.3100000005,96.0,497.6230437769445,350.4014892278059
1501,sooyunn___,sooyunn___,1,1,300000.0,39704.0,49.93715550443144,17069087.084556557,17069087.084556557,6970431.27,6970431.27,91.0,-20.344260272069402,144.87849350183117
1502,myxmyx79,myxmyx79,1,1,207300.0,67355.0,50.34756978838637,17033879.612494774,17033879.612494774,12879023.92,12879023.92,30.0,15.03826076938101,32.260641165846785
1503,bobon9320,bobon9320,1,1,17100.0,360.03333333333336,36.74551746317233,17011282.48081487,17011282.48081487,6049333.45,6049333.45,154.0,495.39488682852044,181.20920464080007
1504,luumoon277,luumoon277,1,1,2018.0,802.0,34.91950570647581,17003835.219374686,17003835.219374686,9417861.32,9417861.32,10.0,495.13423267811396,80.5487959698974
1505,thaounboxlungtung,thaounboxlungtung,1,1,3221.0,4526.307692307692,38.863572028018226,16983835.10287142,16983835.10287142,91462593.08,91462593.08,47.0,494.43422860049975,81.43084015995906
1506,kts.nguyenhalam,kts.nguyenhalam,1,1,501900.0,3302.2,46.10716610686502,16946013.49967593,16946013.49967593,18602589.61,18602589.61,19.0,-52.730785217082484,8.9050833515865
1507,myainguyen_1411,myainguyen_1411,1,1,153300.0,39685.0,48.89491564903278,16932544.960739356,16932544.960739356,9883292.66,9883292.66,24.0,54.635113796706435,71.32493737911182
1508,lunariviu03,lunariviu03,1,1,3982.0,32136.0,42.840297559003595,16926408.82007772,16926408.82007772,7600186.32,7600186.32,47.0,492.4243087027202,122.71044560494038
1509,yangsieuthi,yangsieuthi,1,1,1202.0,1331.2105263157894,35.05864173096791,16923812.512264512,16923812.512264512,11003674.83,11003674.83,24.0,492.3334379292579,53.80145972801809
1510,yangyun1012,yangyun1012,1,1,118500.0,20993.0,47.3103673204032,16897225.372026943,16897225.372026943,36433492.62,36433492.62,21.0,99.62966684251238,53.62172507515437
1511,tramanhmypham,tramanhmypham,1,1,115700.0,1265.1818181818182,42.0464250437744,16839625.13961485,16839625.13961485,74304385.61,74304385.61,48.0,103.76383055713734,77.33697008410692
1512,tvt.happy,tvt.happy,2,2,1695.0,832.9359243697479,34.45195150075199,16838752.7895514,16838752.7895514,55475803.515,110951607.03,27.5,489.356347634299,53.17920450649231
1513,bieriviu,bieriviu,1,1,5085.0,75485.0,44.808866637417445,16828306.1005781,16828306.1005781,21215718.57,21215718.57,11.0,488.99071352023344,20.6800088101937
1514,linhmakeup2724,linhmakeup2724,1,1,2722.0,1481.3333333333333,36.52446183129346,16825386.832550235,16825386.832550235,41720210.32,41720210.32,169.0,488.8885391392582,59.67089642286771
1515,dsmanh.tuvandalieu,dsmanh.tuvandalieu,1,1,10100.0,1236.076923076923,38.22109655884053,16824736.629932266,16824736.629932266,1833230.97,1833230.97,122.0,488.86578204762924,817.7641500313661
1516,shopphukien76,shopphukien76,1,1,10200.0,97003.0,46.35520329918561,16771586.0481551,16771586.0481551,65825833.27,65825833.27,47.0,487.0055116854284,74.52127042682083
1517,thuymai.007,thuymai.007,1,1,33500.0,89060.0,48.04053376154181,16771338.821947228,16771338.821947228,13865194.17,13865194.17,145.0,486.99685876815295,20.9599996676226
1518,amy_phamn,amy_phamn,1,1,546.0,1414.0,33.94843457281391,16733828.037291337,16733828.037291337,7906330.94,7906330.94,151.0,485.68398130519677,111.65099417519872
1519,changmayman268,changmayman268,1,1,9525.0,383.113924050633,35.95331878770743,16675673.435041567,16675673.435041567,18285817.13,18285817.13,28.0,483.64857022645486,8.80542380748632
1520,huynh_thi_kieu_hoa_1995,huynh_thi_kieu_hoa_1995,1,1,8653.0,439.4714285714286,36.059231446082414,16650387.331556914,16650387.331556914,15037871.16,15037871.16,47.0,482.763556604492,10.723034892373118
1521,huynhtrucsuonkemtron,huynhtrucsuonkemtron,1,1,73100.0,5122.666666666667,43.93602488680217,16643716.767751627,16643716.767751627,45075485.76,45075485.76,170.0,218.75791347267133,63.07590148585539
1522,shinbui0208,shinbui0208,1,1,54100.0,62847.0,48.13507731556854,16628596.654359069,16628596.654359069,12557429.39,12557429.39,6.0,330.31488569505905,32.42038746880079
1523,hienboong1,hienboong1,1,1,6083.0,2661.4875,38.86143184310443,16616380.798999142,16616380.798999142,20972643.3,20972643.3,111.0,481.57332796496985,20.771165745239458
1524,nhung.lora.chinh.chu,nhung.lora.chinh.chu,1,1,195800.0,17178.0,47.71599629800562,16585388.293926105,16585388.293926105,12090671.04,12090671.04,19.0,18.588067474446095,37.17508514668931
1525,ndtlas1,ndtlas1,1,1,166500.0,55047.0,49.6320474964023,16575812.1129129,16575812.1129129,9678454.37,9678454.37,20.0,39.37619794641478,71.26507476537188
1526,maizippro,maizippro,1,1,1600000.0,29036.0,51.95117479475604,16518769.37632143,16518769.37632143,18434888.38,18434888.38,61.0,-85.54607679571873,10.393982128784495
1527,tradaoneeeee,tradaoneeeee,1,1,8146.0,14217.833333333334,42.43250387203169,16483652.27504313,16483652.27504313,15255212.52,15255212.52,88.0,476.9278296265095,8.052590243712517
1528,van.anhng_,van.anhng_,2,2,525000.0,65539.5,51.474480641172704,16461695.008839406,16461695.008839406,17688920.875,35377841.75,19.5,-56.102146643094926,69.76900510369389
1529,votri.review1,votri.review1,1,1,1209.0,4672.090909090909,37.40348952230749,16454349.60679434,16454349.60679434,22797246.24,22797246.24,47.0,475.9022362378019,27.823082518082494
1530,mechikungvaembebap2703,mechikungvaembebap2703,1,1,1443.0,2788.0,36.71704297059075,16433221.11051967,16433221.11051967,17681547.49,17681547.49,130.0,475.1627388681884,7.060051617011089
1531,mai.thu324,mai.thu324,1,1,5866.0,1516.2708333333333,37.758422996834426,16431183.257754201,16431183.257754201,49927489.22,49927489.22,60.0,475.091414021397,67.0899067538686
1532,vhaoellen0,vhaoellen0,1,1,142000.0,1334.3103448275865,42.46305953742106,16417573.211383361,16417573.211383361,12680515.97,12680515.97,24.0,61.86339785870918,29.470861045596404
1533,lalinhchulaai,lalinhchulaai,2,2,242000.0,42504.5,49.61853645467676,16399238.20816578,16399238.20816578,11344654.915,22689309.83,45.0,-5.128374002346738,47.10257750360885
1534,sweetyuuri,sweetyuuri,1,1,211400.0,67331.0,50.37728375972589,16381923.310483277,16381923.310483277,49021796.61,49021796.61,119.0,8.489558347571366,66.58236857206185
1535,hoaithuong8_95,hoaithuong8_95,1,1,1664.0,845.5,34.71869006307253,16365840.759855952,16365840.759855952,52646584.53,52646584.53,10.0,472.8044265949583,68.91376543044291
1536,thangvo_97,thangvo_97,1,1,213000.0,62100.0,50.238451973595886,16351396.710629722,16351396.710629722,14543058.6,14543058.6,27.0,7.473968990054507,12.434372715996087
1537,linh99982,linh99982,2,2,10000.0,1968.9264880952383,39.06444131738142,16281546.030128634,16281546.030128634,14724682.06,29449364.12,112.5,469.85411105450214,100.23118680216449
1538,gautruc.cc,gautruc.cc,1,1,6252.0,1607.4,37.96581401871753,16271973.169265315,16271973.169265315,16488119.61,16488119.61,23.0,469.519060924286,1.3109223237535967
1539,congchuasansale1,congchuasansale1,1,1,1402.0,2171.277777777778,36.20722401656454,16267603.43736438,16267603.43736438,15519789.84,15519789.84,32.0,469.3661203077533,4.818451828754795
1540,ha_phuong980,ha_phuong980,1,1,3489.0,11522.111111111111,40.7263419317581,16246046.356868492,16246046.356868492,16698203.79,16698203.79,23.0,468.6116224903972,2.707820786103286
1541,tattoovip69,tattoovip69,1,1,829.0,501.4859813084112,32.66819093160303,16245911.764816975,16245911.764816975,17756365.45,17756365.45,56.0,468.6069117685941,8.50654763462882
1542,thuuyen1402,thuuyen1402,1,1,640500.0,33614.0,50.80366481352153,16224459.19422405,16224459.19422405,18579824.2,18579824.2,6.0,-64.53670121481082,12.677003724157675
1543,quynhbikini,quynhbikini,1,1,6824.0,7061.117647058823,40.85532574185469,16190275.969366034,16190275.969366034,17871824.07,17871824.07,32.0,466.65965892781117,9.408933828173957
1544,ngoclinhshop95_,ngoclinhshop95_,1,1,19000.0,3885.0,41.33159438167283,16167773.115456626,16167773.115456626,403817792.62,403817792.62,9.0,465.8720590409819,95.996270245905
1545,beautygalup7,beautygalup7,1,1,199.0,8681.0,35.764429844766376,16160297.306464024,16160297.306464024,19315827.7,19315827.7,6.0,465.61040572624074,16.336501042282414
1546,chan.healthy,chan.healthy,1,1,27100.0,32986.5,45.86311144858317,16153933.887599913,16153933.887599913,25392509.63,25392509.63,186.0,465.38768606599695,36.38307468232744
1547,thuyhang_duocsi,thuyhang_duocsi,1,1,24600.0,1707.090909090909,40.20225912094706,16151317.090297433,16151317.090297433,5131803.55,5131803.55,95.0,465.2960981604101,214.72983977138864
1548,hunh.hunh44336,hunh.hunh44336,1,1,1718.0,552.4074074074074,33.97713022984378,16149282.097993197,16149282.097993197,58327700.13,58327700.13,55.0,465.22487342976183,72.31284267680726
1549,bo_may_la_applemeo,bo_may_la_applemeo,1,1,1823.0,34493.5,41.76068311316183,16137567.727934975,16137567.727934975,21948295.2,21948295.2,128.0,464.81487047772407,26.47461873059291
1550,cl.beautyprm,cl.beautyprm,1,1,1300000.0,3830.4666666666662,47.859458394107754,16112497.718989572,16112497.718989572,8088342.6,8088342.6,6.0,-82.64807937954969,99.20641985404491
1551,quynhtrang.ph,quynhtrang.ph,2,2,314400.0,188300.0,52.47877944770906,16103014.34980107,16103014.34980107,19317849.475,38635698.95,124.0,-28.294465363481248,53.1411193010784
1552,qqquandong,qqquandong,1,1,32700.0,21930.0,45.394634863739974,16099055.962641992,16099055.962641992,42272580.64,42272580.64,95.0,463.46695869246963,61.916079598394745
1553,trengcotat,trengcotat,2,2,1765.0,4994.166666666667,34.270534438248596,16089770.542638952,16089770.542638952,78018089.195,156036178.39,86.5,463.1419689923633,81.42733309237946
1554,_hwgtra,_hwgtra,1,1,2769.0,26942.333333333332,41.94888560815359,16056176.67212816,16056176.67212816,26301865.13,26301865.13,86.0,461.96618352448564,38.954227798033884
1555,thanreview14,thanreview14,1,1,6703.0,5775.875,40.45368637500125,16036852.828851374,16036852.828851374,33864183.98,33864183.98,120.0,461.2898490097981,52.643616517313255
1556,nbtt2212,nbtt2212,1,1,34600.0,9279.5,43.881574676901124,15966154.92444247,15966154.92444247,20910740.79,20910740.79,32.0,458.8154223554865,23.64615350175516
1557,jinhitthu,jinhitthu,1,1,9238.0,694.5,37.010886247160684,15917076.201499103,15917076.201499103,11178710.8,11178710.8,144.0,457.0976670524685,42.387404829357436
1558,_hz.dayyy_,_hz.dayyy_,1,1,24300.0,59369.5,46.7877699895421,15890541.909700751,15890541.909700751,12078807.16,12078807.16,138.0,456.1689668395262,31.557211728022576
1559,tran_lam18,tran_lam18,4,4,382900.0,21016.85,48.53936407913024,15875344.529112028,14823312.145368153,45548491.045,182193964.18,80.75,-41.95486461019369,73.1244232947831
1560,duyenzuive0,duyenzuive0,1,1,29900.0,1186.409090909091,39.828117044672695,15873402.617523806,15873402.617523806,164417637.58,164417637.58,101.0,455.5690916133332,90.34568136900741
1561,vunhan211,vunhan211,2,2,13200.0,1402.9100790513835,38.87171529611497,15863778.987660121,15863778.987660121,23448753.805,46897507.61,89.0,455.23226456810426,139.56578232174343
1562,cham.anh,cham.anh,1,1,878200.0,26953.0,50.88217283192699,15859104.185981808,15859104.185981808,11727905.65,11727905.65,106.0,-74.71789357734625,35.22537321897544
1563,saobang.24,saobang.24,2,2,4796.0,9097.940476190475,40.456709647778226,15816773.028320193,15816773.028320193,11986258.385,23972516.77,36.0,453.5870559912068,59.70757208433215
1564,dungduocpham,dungduocpham,3,3,9123.0,1218.8070175438595,38.03714731696924,15809500.233427823,13983336.84114841,18669584.153333332,56008752.46,139.0,453.3325081699738,10.059402348516402
1565,hana.mynhan,hana.mynhan,1,1,552400.0,0.0,31.174718168364553,15754478.292208236,15754478.292208236,8007543.11,8007543.11,127.0,-60.07192322756784,96.74546956273876
1566,shopmetyrong,shopmetyrong,1,1,1060.0,165.0120481927711,30.987676944930758,15695844.358535152,15695844.358535152,46714064.87,46714064.87,54.0,449.3545525487303,66.40017433247368
1567,trinh_lucia,trinh_lucia,2,2,223900.0,380600.0,42.377222339026396,15683194.373739684,15683194.373739684,17109403.365,34218806.73,105.5,-1.9362567072998758,44.736896905947944
1568,beechamchi1m53,beechamchi1m53,2,2,110400.0,32889.25,47.57591620668075,15675849.007922228,15675849.007922228,17629778.155,35259556.31,113.5,98.78794031785432,51.36422720329162
1569,embene383,embene383,1,1,4589.0,4626.65,39.45325681418908,15645465.491628122,15645465.491628122,24970487.11,24970487.11,105.0,447.5912922069842,37.344171850926614
1570,tuyethuynh.2908,tuyethuynh.2908,1,1,14300.0,6606.333333333333,41.87880171282239,15642198.578105262,15642198.578105262,16671884.94,16671884.94,31.0,447.4769502336841,6.176184430257578
1571,nth_bigsize_19977,nth_bigsize_19977,1,1,714900.0,78566.0,52.55428822465922,15633903.199328253,15633903.199328253,13916298.85,13916298.85,114.0,-69.38387959286676,12.34239338952004
1572,phuongtrang8681,phuongtrang8681,2,2,10600.0,1089.6610169491526,38.06157572253589,15631646.148782877,15631646.148782877,18172557.66,36345115.32,37.0,447.1076152074007,498.9836181048663
1573,quynhgiang.ng,quynhgiang.ng,1,1,119300.0,57333.0,49.1907334795283,15620862.345717205,15620862.345717205,7963369.3,7963369.3,126.0,83.31271822300155,96.15895932036211
1574,louispham_203,louispham_203,1,1,1300000.0,0.0,32.5021796968353,15611871.365472201,15611871.365472201,8113116.82,8113116.82,126.0,-83.1872154525684,92.42754309893199
1575,kenhcuathao_90,kenhcuathao_90,1,1,65700.0,531.0,39.554759125044754,15596895.310870089,15596895.310870089,129194496.82,129194496.82,9.0,232.35393356496382,87.9275853888727
1576,thuuyen1168,thuuyen1168,1,1,194300.0,39409.0,49.24953341874647,15561281.24444262,15561281.24444262,12753038.79,12753038.79,22.0,12.124517458670429,22.020182802585364
1577,trthuhuhuhu,trthuhuhuhu,1,1,2384.0,56253.0,43.086925301218905,15555430.257412944,15555430.257412944,25464031.45,25464031.45,43.0,444.44005900945297,38.91214638201782
1578,mituueh,mituueh,1,1,88100.0,41091.0,48.1005577675526,15542729.421805976,15542729.421805976,20282248.45,20282248.45,27.0,146.9900248641131,23.367818611816794
1579,bethao246,bethao246,1,1,75500.0,20718.75,46.58671686180507,15538497.45465378,15538497.45465378,14025804.64,14025804.64,5.0,188.1310786293416,10.785069758776993
1580,quaboomsegg_,quaboomsegg_,1,1,56400.0,55638.0,47.97288780359686,15508672.161080964,15508672.161080964,9243821.42,9243821.42,5.0,284.96703945945654,67.7733856641398
1581,bimbim_._,bimbim_._,1,1,4166.0,517.6704545454545,35.22985691428478,15503235.898522673,15503235.898522673,13248101.7,13248101.7,91.0,442.6132564482936,17.022319495952193
1582,minhtuyet3k,minhtuyet3k,1,1,4084.0,505.15625,35.15357217729353,15480104.537663806,15480104.537663806,6588289.59,6588289.59,91.0,441.8036588182332,134.96393602916606
1583,phuocphuoc11,phuocphuoc11,1,1,118600.0,30968.0,48.0352413252789,15419336.480816202,15419336.480816202,12544677.27,12544677.27,5.0,82.01577633341215,22.915369992744363
1584,duongbeauty688,duongbeauty688,2,2,1245.0,2430.7916666666665,36.06884120053272,15392314.948230628,15392314.948230628,32013481.585,64026963.17,43.5,438.73102318807196,33.12706520414057
1585,mayruaxe.momen,mayruaxe.momen,1,1,1398.0,86.8,30.23099202235394,15363911.257693969,15363911.257693969,7282702.26,7282702.26,9.0,437.73689401928885,110.96442926246952
1586,its.lamdino,its.lamdino,2,2,263700.0,35737.25,49.46429041821696,15357128.808099326,15357128.808099326,11487551.58,22975103.16,86.5,-18.468030597879956,125.25105836148394
1587,dilimehayhot,dilimehayhot,1,1,6261.0,1449.3846153846157,37.77556965777264,15351319.447734367,15351319.447734367,5263940.0,5263940.0,139.0,437.2961806707028,191.63173303142452
1588,minhquanrevieww,minhquanrevieww,1,1,49900.0,9302.0,44.454012435545856,15328593.22665404,15328593.22665404,6755844.48,6755844.48,17.0,330.060731809933,126.89381426752497
1589,nguyen19863003,nguyen19863003,1,1,29900.0,319.1515151515151,37.38849645371155,15306478.077248164,15306478.077248164,6057050.81,6057050.81,111.0,435.7267327036856,152.70512923513294
1590,5starr.phuonq,5starr.phuonq,1,1,26900.0,4491.53125,42.14080130198688,15284046.285719072,15284046.285719072,16525442.38,16525442.38,132.0,434.94162000016746,7.512029425507751
1591,lovely_laelia,lovely_laelia,1,1,259400.0,0.0,30.00227956803248,15241465.452006621,15241465.452006621,119243149.18,119243149.18,9.0,-17.740741585160873,87.21816258894731
1592,meemgaoh,meemgaoh,2,2,14400.0,16986.833333333336,43.63000157678968,15238606.751309859,15238606.751309859,17211410.745,34422821.49,37.0,433.35123629584507,11.291111944653643
1593,hien.store82,hien.store82,1,1,13100.0,1750.5194805194806,39.271675106913904,15236576.81455725,15236576.81455725,17709432.5,17709432.5,52.0,433.2801885095037,13.963494795458576
1594,.thanhthanh200,.thanhthanh200,1,1,4037.0,5341.909090909091,39.5220224030967,15190984.848140929,15190984.848140929,71561050.65,71561050.65,42.0,431.6844696849325,78.77199299037831
1595,anhtuyet_cogaibanson,anhtuyet_cogaibanson,1,1,60600.0,1610.841463414634,41.49261854276951,15138110.36479623,15138110.36479623,28425514.1,28425514.1,101.0,249.7253219589888,46.74463824456836
1596,all_item5,all_item5,1,1,1405.0,50823.0,42.07833765562663,15108127.741737219,15108127.741737219,11090609.5,11090609.5,80.0,428.78447096080254,36.224503637398996
1597,phuonghuy_06,phuonghuy_06,1,1,5147.0,38714.5,43.584882123675804,15097799.69140122,15097799.69140122,10548132.97,10548132.97,101.0,428.4229891990427,43.13243617937839
1598,giangchekm,giangchekm,3,3,548400.0,68343.0,51.88359037549396,15089584.795173323,21625493.66194816,41249209.47333334,123747628.42,74.33333333333333,-61.47808403858014,74.98881497934269
1599,bonsenabeauty,bonsenabeauty,1,1,1443.0,98.14285714285714,30.506241221300478,15010960.84833961,15010960.84833961,2435289.97,2435289.97,9.0,425.38362969188637,516.3931619337967
1600,perper231,perper231,1,1,7468.0,27767.0,43.543509249244636,15003125.408471523,15003125.408471523,4201520.91,4201520.91,121.0,425.10938929650325,257.08796242719455
1601,_yennhi0401,_yennhi0401,1,1,11000.0,818.439024390244,37.58685269913161,14995015.18972375,14995015.18972375,806591.49,806591.49,28.0,424.8255316403313,1759.059434128638
1602,thinhdade,thinhdade,3,3,23200.0,2428.0,40.76673691507449,14965780.335230539,16933876.45193869,5242766.42,15728299.26,108.33333333333333,423.80231173306885,435.6680362933872
1603,chi99911,chi99911,1,1,34.0,15055.0,34.085664991549265,14964391.80788814,14964391.80788814,46539652.62,46539652.62,153.0,423.7537132760849,67.8459314467308
1604,nghienlamdep365,nghienlamdep365,2,2,22500.0,22035.333333333336,44.81644030019399,14937500.160118926,14937500.160118926,35881264.364999995,71762528.72999999,48.0,422.8125056041624,54.22941776995964
1605,giangthitru208,giangthitru208,1,1,21300.0,30073.333333333332,45.31750646294719,14911781.71883619,14911781.71883619,24281293.17,24281293.17,78.0,421.9123601592666,38.587365942848635
1606,ngocyen1449,ngocyen1449,1,1,14900.0,440.42105263157896,36.906091736701995,14909226.916197706,14909226.916197706,57104745.21,57104745.21,72.0,421.8229420669197,73.89143956186174
1607,phuongle_992,phuongle_992,1,1,87500.0,26461.608695652172,47.27085287615212,14832957.3933211,14832957.3933211,1938083.18,1938083.18,27.0,137.3273182931376,665.3416296260876
1608,nhatle.shopp2,nhatle.shopp2,1,1,27900.0,9911.0,43.67028546600079,14831534.939111313,14831534.939111313,18476683.42,18476683.42,99.0,419.1037228688959,19.728370065284633
1609,thuytymuoi,thuytymuoi,1,1,1750.0,0.0,22.2498314022432,14820825.889416797,14820825.889416797,32705833.62,32705833.62,9.0,418.7289061295879,54.68445763646983
1610,_dng1303d,_dng1303d,2,2,546600.0,76498.0,52.087371803373095,14806968.086105827,14806968.086105827,4184916.49,8369832.98,64.0,-62.07509088812998,268.33870039453336
1611,nguyenthitam94,nguyenthitam94,1,1,7354.0,994.5760869565216,37.32478087626335,14800738.953102535,14800738.953102535,1275470.34,1275470.34,71.0,418.0258633585887,1060.4142008588403
1612,nguyenlamnnn,nguyenlamnnn,1,1,241800.0,51012.0,50.06907760084215,14781601.254729534,14781601.254729534,26769028.77,26769028.77,79.0,-14.415873628530415,44.7809579431016
1613,lai.ha16,lai.ha16,1,1,2031.0,172.83333333333334,32.08125000974669,14733796.285457285,14733796.285457285,5694465.96,5694465.96,9.0,415.6828699910049,158.73885960426895
1614,maily280895,maily280895,1,1,3244.0,1181.3333333333333,36.37560444158854,14714884.857038816,14714884.857038816,8206993.14,8206993.14,29.0,415.02096999635853,79.29690699167341
1615,thuyquy1996,thuyquy1996,1,1,322700.0,8031.0,47.07591197998295,14695183.533419339,14695183.533419339,18048163.98,18048163.98,16.0,-36.24649226282283,18.577958679321913
1616,tuitranday,tuitranday,3,3,1784.0,231.8947368421053,32.424630207909445,14666982.4286983,16518973.861431343,24476690.74666667,73430072.24000001,78.66666666666667,413.3443850044405,50.45532109660063
1617,trinhpham2222,trinhpham2222,1,1,347100.0,69006.0,51.19212227850182,14655295.893582257,14655295.893582257,32364976.64,32364976.64,107.0,-40.88903989912084,54.71865758905039
1618,duongmakeup735,duongmakeup735,1,1,32300.0,14715.4,44.63301598520704,14625417.044678202,14625417.044678202,8784766.51,8784766.51,18.0,411.88959656373703,66.48612149258139
1619,quagn.vihn,quagn.vihn,1,1,82100.0,5652.1875,44.29916829697011,14619155.600082554,14619155.600082554,12347659.91,12347659.91,29.0,149.29132570177313,18.3961633754015
1620,tuonglam20112009,tuonglam20112009,1,1,1187.0,65130.0,42.27867267101584,14604644.507127643,14604644.507127643,10107064.24,10107064.24,90.0,411.16255774946745,44.49937351073611
1621,tramti102,tramti102,1,1,891.0,8218.692307692309,37.981636237075506,14600653.893815221,14600653.893815221,13646148.5,13646148.5,116.0,411.02288628353267,6.9946871369252746
1622,haiduanayvotrii,haiduanayvotrii,1,1,328200.0,31246.0,49.63063032802227,14595946.136858735,14595946.136858735,10457684.45,10457684.45,21.0,-37.73819441924976,39.5714912478425
1623,leducmew,leducmew,2,2,766600.0,23316.86666666667,50.306249875378086,14568004.29518978,14568004.29518978,12888762.115,25777524.23,108.5,-73.39524391695056,240.96183745615562
1624,_meo.meozw,_meo.meozw,1,1,2420.0,6271.555555555556,39.0271243809363,14555329.453962805,14555329.453962805,17351450.19,17351450.19,115.0,409.43653088869814,16.11462272847176
1625,minzy.in.kr,minzy.in.kr,2,2,346600.0,36551.833333333336,40.87451245109418,14393143.937372053,14393143.937372053,17833271.78,35666543.56,80.0,-41.86266153398479,470.90357763987913
1626,nguyn.ngn7012,nguyn.ngn7012,1,1,2559.0,325.93548387096774,33.61521808266609,14390864.105149759,14390864.105149759,6105289.05,6105289.05,27.0,403.6802436802415,135.71142966850618
1627,kyduyn9,kyduyn9,1,1,232600.0,22238.0,48.4636303011961,14358848.449905468,14358848.449905468,3005801.2,3005801.2,108.0,-13.575288779588766,377.7045284932838
1628,sharamai135,sharamai135,1,1,1187.0,330.6,32.4507874847244,14336127.83902231,14336127.83902231,18309143.77,18309143.77,8.0,401.76447436578087,21.69962714197251
1629,emnhung6368,emnhung6368,2,2,3787.0,2589.010416666667,38.06687134014898,14317261.623694465,14317261.623694465,16922984.91,33845969.82,87.5,401.10415682930625,27.542990202751433
1630,thaoca1990,thaoca1990,1,1,58900.0,3460.7894736842104,42.87125022320723,14301105.236272685,14301105.236272685,3945049.14,3945049.14,26.0,239.92440289952052,262.5076577949213
1631,thebank2412,thebank2412,1,1,193700.0,36893.0,49.12194769567426,14297362.585734636,14297362.585734636,5354014.87,5354014.87,115.0,3.3366423336524953,167.04002384914247
1632,123shopdoxinh,123shopdoxinh,1,1,1985.0,168.8172323759791,32.0022285146544,14293011.244538983,14293011.244538983,28682490.84,28682490.84,49.0,400.2553935588644,50.16816592300189
1633,thaohoang2405,thaohoang2405,1,1,1100000.0,44355.0,52.15858044400654,14291926.29335826,14291926.29335826,6676846.73,6676846.73,76.0,-81.81027562663495,114.05203490957265
1634,suachuoi28,suachuoi28,1,1,1583.0,133710.0,44.063651250341344,14262822.823037576,14262822.823037576,10193494.53,10193494.53,123.0,399.1987988063151,39.92083657926461
1635,codaogun,codaogun,1,1,734100.0,68338.0,52.33580269057484,14224363.944505328,14224363.944505328,11031248.54,11031248.54,5.0,-72.8727564060653,28.94609248379177
1636,nuochoakim4,nuochoakim4,1,1,12200.0,0.0,25.26093595870741,14164345.680343075,14164345.680343075,10596391.41,10596391.41,128.0,395.7520988120076,33.67140880598213
1637,m..anh09,m..anh09,1,1,4762.0,1410.1290322580646,37.30009740839401,14128586.875921326,14128586.875921326,11058100.87,11058100.87,20.0,394.5005406572464,27.766847508611363
1638,mi.unbox2025,mi.unbox2025,1,1,20800.0,7740.6,42.75481320920548,14118451.30696752,14118451.30696752,20371472.02,20371472.02,75.0,394.14579574386306,30.694987121664468
1639,duocsi_phuoctran2023,duocsi_phuoctran2023,1,1,15500.0,1380.071428571429,39.09030608011461,14116858.658034237,14116858.658034237,6601202.49,6601202.49,103.0,394.09005303119835,113.85283483455507
1640,chng.bo017,chng.bo017,1,1,34100.0,2203.1666666666665,41.18331087413015,14107689.255443702,14107689.255443702,2793853.69,2793853.69,16.0,393.7691239405295,404.9544758173683
1641,thusonmoi97,thusonmoi97,1,1,1200000.0,23341.25,51.0986409419287,14080346.495971905,14080346.495971905,27043920.11,27043920.11,112.0,-83.57292908803278,47.935260721446106
1642,taphoamebop86,taphoamebop86,1,1,1157.0,165.06153846153848,31.123921639370717,14075443.835578796,14075443.835578796,19443550.21,19443550.21,48.0,392.6405342452578,27.608673912135334
1643,luongngoohui,luongngoohui,1,1,41700.0,2317.8,41.58974654489613,14009210.20917906,14009210.20917906,10641157.2,10641157.2,100.0,370.33319647123943,31.651191180401522
1644,hanggiagoc688,hanggiagoc688,1,1,1472.0,5485.333333333333,38.00717140939619,14005768.114551304,14005768.114551304,11636501.79,11636501.79,113.0,390.2018840092956,20.360640743314878
1645,changanhreview1512,changanhreview1512,1,1,221300.0,9684.333333333334,46.83924095273681,13946991.732778797,13946991.732778797,34778159.95,34778159.95,16.0,-11.76778840537589,59.897269571391476
1646,truongnguyen.tngan,truongnguyen.tngan,1,1,342500.0,36509.0,49.98650943478735,13939288.820428092,13939288.820428092,2940744.18,2940744.18,82.0,-43.02188511357861,374.00548865247066
1647,emxinh.nghiendep,emxinh.nghiendep,1,1,17100.0,2034.3333333333333,39.96446706089446,13932576.72814122,13932576.72814122,14209568.46,14209568.46,16.0,387.64018548494266,1.9493324701486439
1648,nhm.kla,nhm.kla,1,1,1655.0,972.3076923076924,34.97009694205584,13909656.9846907,13909656.9846907,42450908.15,42450908.15,24.0,386.83799446417447,67.23354672286158
1649,phuocmentrilieu,phuocmentrilieu,1,1,2838.0,834.0333333333333,35.52098782395464,13871841.97921848,13871841.97921848,5327752.46,5327752.46,112.0,385.5144692726468,160.36949132615067
1650,ziuskinlab03,ziuskinlab03,2,2,6097.0,1140.40625,31.381507227347175,13849498.39378666,13849498.39378666,12052178.83,24104357.66,73.0,384.73244378253304,14.912804170136052
1651,lapiszuzu,lapiszuzu,2,2,91800.0,49813.25,48.128516199196184,13820608.599605048,13820608.599605048,8096815.8950000005,16193631.790000001,59.0,110.7718087085737,81.47178512870408
1652,.anhshop,.anhshop,1,1,8586.0,678.4719101123595,36.85397818900814,13797103.78761469,13797103.78761469,3082222.03,3082222.03,25.0,382.89863256651415,347.6349741622829
1653,hellokittydapxetrenpho,hellokittydapxetrenpho,2,2,1262.0,17625.525,36.957255478965465,13791585.52180925,13791585.52180925,7844382.675,15688765.35,117.0,382.70549326332366,80.18726045647581
1654,depcungdau1,depcungdau1,1,1,1048.0,256.7752808988764,31.789041573946747,13769825.103921339,13769825.103921339,26801894.72,26801894.72,47.0,381.94387863724677,48.62368781097376
1655,nhunglee305,nhunglee305,1,1,182300.0,33492.0,48.847858966566235,13664558.268250974,13664558.268250974,4990982.12,4990982.12,103.0,4.939010288268573,173.7849573432448
1656,gocsontrendy,gocsontrendy,2,2,115600.0,15888.125,46.495480726185775,13616096.609664343,13616096.609664343,7860223.465,15720446.93,75.0,64.90082399247474,100.66903228203716
1657,lamdepcungchamm,lamdepcungchamm,2,2,12400.0,2345.225,39.725696000003715,13606570.028114099,13606570.028114099,4352339.6,8704679.2,68.0,376.2299509839935,227.40283978555343
1658,hoalinh944,hoalinh944,1,1,116100.0,37294.0,48.34815462645869,13592215.53937429,13592215.53937429,8182708.11,8182708.11,110.0,63.90268522931961,66.10901130352418
1659,ngoc.tran_92,ngoc.tran_92,1,1,2983.0,355.8488372093023,34.01588067158353,13554644.881216923,13554644.881216923,17732852.2,17732852.2,27.0,374.41257084259223,23.56195873996557
1660,toanthangmypham,toanthangmypham,1,1,232900.0,5172.875,45.75148956214141,13538055.012391984,13538055.012391984,18288351.81,18288351.81,71.0,-18.620536636544536,25.974439068973787
1661,nguyt.ng2877,nguyt.ng2877,2,2,9889.0,1560.0416666666665,38.61728869939216,13536402.019081602,13536402.019081602,21350603.52,42701207.04,35.0,373.77407066785605,48.28042916652803
1662,punrv_208,punrv_208,1,1,6846.0,310.7826086956522,35.05281862839947,13494602.324171891,13494602.324171891,21561991.18,21561991.18,71.0,372.3110813460162,37.414860197656886
1663,nghiabiu.6789,nghiabiu.6789,1,1,71900.0,30476.0,47.22917211357765,13478527.438692274,13478527.438692274,10476527.59,10476527.59,19.0,162.44698767968262,28.654531025697167
1664,thaonguyensport,thaonguyensport,1,1,665900.0,31208.0,50.7257574571774,13455372.86034564,13455372.86034564,46253080.36,46253080.36,85.0,-71.7111848558584,70.9092394374193
1665,shopnha_liuuuu,shopnha_liuuuu,1,1,1153.0,921.5128205128206,34.31014045331623,13385435.034461992,13385435.034461992,14832902.97,14832902.97,70.0,368.49022620616967,9.758493927085999
1666,yunomakeup,yunomakeup,1,1,135600.0,45758.0,48.96964757994532,13375669.037083637,13375669.037083637,8385098.22,8385098.22,5.0,38.09687796399033,59.51714203156511
1667,huynthanhpham90,huynthanhpham90,1,1,104200.0,416.8382352941176,39.820529704315696,13359164.085933518,13359164.085933518,35988851.25,35988851.25,22.0,79.48972860179387,62.879715184203
1668,bacsi.trinhnu,bacsi.trinhnu,1,1,55200.0,39883.0,47.31989999073432,13349379.744594846,13349379.744594846,3050408.89,3050408.89,79.0,238.57122540639097,337.62591265575696
1669,alo.miachan,alo.miachan,3,3,5182.0,1501.5555555555557,37.54801598258049,13344658.388290392,8028758.602108508,20555344.226666667,61666032.68,32.0,367.0630435901638,43.38336312416192
1670,trongtamtaycuaban,trongtamtaycuaban,1,1,5836.0,2330.714285714286,38.55023825623176,13338017.525916904,13338017.525916904,2842080.89,2842080.89,100.0,366.8306134070916,369.30464128756387
1671,n.ngocmo,n.ngocmo,1,1,150200.0,22999.0,47.84790296213276,13336103.57538905,13336103.57538905,10329936.78,10329936.78,71.0,24.30456062280073,29.101502355845497
1672,linhbaelii,linhbaelii,2,2,386000.0,42254.5,50.226481418152275,13315003.820648048,13315003.820648048,25583026.604999997,51166053.20999999,35.5,-51.70724002873766,48.704260751502424
1673,khanhdaymakeup,khanhdaymakeup,1,1,637500.0,42549.0,51.23509622803044,13290334.313358627,13290334.313358627,3898544.62,3898544.62,9.0,-70.81338346870261,240.9050199189108
1674,_colthichbien,_colthichbien,1,1,5678.0,34887.0,43.54339202369946,13277677.151613787,13277677.151613787,16535961.28,16535961.28,107.0,364.7187003064825,19.704231723903824
1675,mecuana66,mecuana66,1,1,26200.0,13745.857142857143,44.1815306392341,13247351.944531301,13247351.944531301,10240072.21,10240072.21,26.0,363.65731805859554,29.367759063207817
1676,imdiuthao,imdiuthao,1,1,145800.0,9841.0,46.2218826443232,13227924.81359411,13227924.81359411,5873843.52,5873843.52,70.0,27.01711069294756,125.20049723071465
1677,hmeuu,hmeuu,1,1,1200000.0,23062.0,51.07623986866824,13135536.080719417,13135536.080719417,6195801.33,6195801.33,70.0,-84.67520790582735,112.00705737799079
1678,shop.sng.mai,shop.sng.mai,1,1,5643.0,7760.5,40.73638719177872,13131783.570254214,13131783.570254214,25584458.52,25584458.52,119.0,359.61242495889746,48.67281025319032
1679,mayyy_116,mayyy_116,1,1,50800.0,37260.0,47.06444382916221,13129051.404081175,13129051.404081175,14050335.54,14050335.54,16.0,261.8242512935756,6.557025868143958
1680,gao_say_hi,gao_say_hi,1,1,55900.0,1400.4444444444443,41.10706162244974,13103333.786833262,13103333.786833262,7142919.79,7142919.79,70.0,228.1693613875951,83.44506409238653
1681,maimai4253,maimai4253,4,4,1522.0,4281.483333333334,37.304071856980826,13038209.223416284,8213167.8929649815,11019600.5625,44078402.25,29.5,356.3373228195699,41.32610389998352
1682,eltharo911,eltharo911,1,1,19400.0,47861.0,46.037427613607115,13036867.113858087,13036867.113858087,10950650.99,10950650.99,87.0,356.290348985033,19.051069436540292
1683,huongdecor09,huongdecor09,1,1,2475.0,412.8584070796461,34.00228358816182,12987004.729482038,12987004.729482038,24927132.92,24927132.92,45.0,354.5451655318713,47.90012645593083
1684,miheybil,miheybil,1,1,80000.0,4530.0,43.847124640287035,12964548.676533937,12964548.676533937,67708453.84,67708453.84,8.0,126.87960183934388,80.85239295646876
1685,meo.riview4,meo.riview4,2,2,1519.0,6408.05,38.32084522071217,12939204.71553342,12939204.71553342,14191162.535,28382325.07,60.0,352.8721650436697,13.167042179462179
1686,tap.hoa.mebim2010,tap.hoa.mebim2010,1,1,1522.0,258.0,32.37616517566768,12936345.51111055,12936345.51111055,15174618.49,15174618.49,103.0,352.7720928888693,14.750110392326906
1687,tre_xanh_tv,tre_xanh_tv,1,1,23100.0,831.304347826087,38.766557121263034,12923331.370498065,12923331.370498065,4414033.38,4414033.38,62.0,352.31659796743224,192.77828819903638
1688,hanhmoc02,hanhmoc02,1,1,116000.0,1094949.0,54.6371481032892,12914103.797642235,12914103.797642235,20521695.45,20521695.45,92.0,55.85987341982007,37.0709704317231
1689,tuyenkim7979,tuyenkim7979,1,1,7322.0,334.0,35.2907479516833,12902396.463952959,12902396.463952959,5637409.0,5637409.0,117.0,351.5838762383535,128.87103745626683
1690,tiplamdep00,tiplamdep00,1,1,9294.0,8911.625,41.7675813122552,12857733.146925157,12857733.146925157,20268820.36,20268820.36,19.0,350.02066014238045,36.563978965941374
1691,khanhly090999,khanhly090999,1,1,3460.0,557.1818181818181,35.078568024044685,12840335.607528701,12840335.607528701,17980233.35,17980233.35,102.0,349.4117462635045,28.58637951142775
1692,huyenchangshop26,huyenchangshop26,1,1,13700.0,571.2307692307693,37.2589440517131,12780531.749504384,12780531.749504384,27680212.71,27680212.71,18.0,347.3186112326533,53.82791352290738
1693,thuongsansalee,thuongsansalee,1,1,1086.0,861.2083333333334,34.09153867609733,12759919.350159638,12759919.350159638,12185029.51,12185029.51,101.0,346.59717725558727,4.718001213602624
1694,mnfmayman1,mnfmayman1,1,1,1243.0,23111.5,40.42179751547209,12758896.497826882,12758896.497826882,25085733.91,25085733.91,103.0,346.5613774239408,49.13883507015609
1695,mythronunbox,mythronunbox,1,1,664.0,33410.5,40.136297961081176,12718435.367255695,12718435.367255695,23357909.71,23357909.71,67.0,345.1452378539493,45.549770826408015
1696,dynmiene,dynmiene,2,2,6032.0,3464.05,39.336283275155125,12662453.292705806,12662453.292705806,43368576.75,86737153.5,35.5,343.1858652447032,82.44674327622994
1697,huyentran__2808,huyentran__2808,1,1,3947.0,3452.75,38.67497442685119,12646705.72454238,12646705.72454238,15453612.09,15453612.09,100.0,342.6347003589832,18.163432271436164
1698,ghienunboxandreview2,ghienunboxandreview2,1,1,1937.0,8043.555555555556,39.14508162935749,12644344.708142363,12644344.708142363,7320730.08,7320730.08,78.0,342.55206478498263,72.71972289603065
1699,quynhquynhreview2329,quynhquynhreview2329,1,1,127800.0,41597.0,48.70031354763866,12640578.884146605,12640578.884146605,10990182.11,10990182.11,92.0,38.47269513149645,15.017010251767388
1700,dinh.phuong,dinh.phuong,1,1,4877.0,10200.333333333334,41.01891691501368,12604321.726064121,12604321.726064121,10548855.72,10548855.72,102.0,341.15126041224426,19.485203519914297
1701,lenkff,lenkff,1,1,1437.0,1838.5,35.93594735506026,12603804.441523045,12603804.441523045,13191074.52,13191074.52,23.0,341.13315545330653,4.452026084657084
1702,thuthichonline,thuthichonline,2,2,46800.0,6426.409090909091,36.15121802379206,12542279.869788883,12542279.869788883,26702695.014999997,53405390.029999994,99.5,275.19640636120585,74.71309258291576
1703,anlin210,anlin210,1,1,44500.0,2880.576923076923,42.09497372618558,12536758.589706222,12536758.589706222,7901581.78,7901581.78,25.0,294.4148769795216,58.66137868038647
1704,helloxunphoringggg,helloxunphoringggg,1,1,4968.0,52277.0,44.088994152331914,12535654.318145605,12535654.318145605,6410911.41,6410911.41,67.0,338.74790113509613,95.53622747916906
1705,hn.kem,hn.kem,1,1,578600.0,0.0,31.246592181508436,12507826.28435531,12507826.28435531,2497685.01,2497685.01,23.0,-69.73564328016344,400.7767686588835
1706,hellodituyet,hellodituyet,1,1,53600.0,33529.0,46.951284856694976,12507138.60843285,12507138.60843285,11104942.59,11104942.59,9.0,226.67899350384303,12.626774132948041
1707,haiboconcunglon,haiboconcunglon,1,1,52800.0,2329.7894736842104,41.96540149178066,12411360.567960681,12411360.567960681,4682105.92,4682105.92,90.0,229.0891059686544,165.0807303385542
1708,methuydayroi,methuydayroi,5,5,22000.0,2315.1794871794873,40.59584174628521,12389533.821432242,14032855.95357745,13446627.144,67233135.72,47.6,333.6336837501284,46.83801504959991
1709,chuyennhalio,chuyennhalio,1,1,20400.0,11375.833333333334,43.44122764508525,12362217.853943512,12362217.853943512,9666723.02,9666723.02,25.0,332.67762488802293,27.884266760997072
1710,oanhmisu9,oanhmisu9,1,1,4604.0,2019.5666666666664,37.91594312442343,12358235.958129913,12358235.958129913,19286737.68,19286737.68,25.0,332.5382585345469,35.923658198840016
1711,cocu8881,cocu8881,2,2,13700.0,11409.5,42.80970455459701,12318460.068957709,12318460.068957709,35025067.885000005,70050135.77000001,32.0,331.14610241351977,65.01024446195281
1712,huongtipsdep,huongtipsdep,1,1,11400.0,497.2857142857143,36.716370323507505,12307083.671999937,12307083.671999937,61549043.61,61549043.61,89.0,330.74792851999774,80.0044274449126
1713,kmtgamer_24,kmtgamer_24,1,1,7939.0,8583.25,41.45332122923591,12266429.39099225,12266429.39099225,30297414.39,30297414.39,65.0,329.32502868472875,59.5132798030418
1714,myphammebong,myphammebong,1,1,2671.0,1025.1707317073171,35.81059508973175,12258182.941399958,12258182.941399958,11808760.4,11808760.4,92.0,329.03640294899844,3.805840123574339
1715,gaoiuday2811,gaoiuday2811,1,1,1335.0,11575.5,39.24559216602441,12208419.933152633,12208419.933152633,92983762.32,92983762.32,125.0,327.29469766034214,86.87037432284377
1716,mannhibeautytok,mannhibeautytok,2,2,2731.0,2061.6969696969695,37.14453511555808,12124888.968964994,12124888.968964994,5796350.76,11592701.52,49.5,324.37111391377476,99.72491694116225
1717,trinh.le1060,trinh.le1060,1,1,7771.0,0.0,24.561426551631225,12117410.827644542,12117410.827644542,1902141.28,1902141.28,7.0,324.10937896755894,537.0405266450314
1718,vthuyanh,vthuyanh,2,2,1700000.0,47205.5,43.579043232023665,12103794.403004304,12103794.403004304,14746648.185,29493296.37,97.5,-90.03216931517292,18.017225760548115
1719,thaong2120,thaong2120,1,1,102100.0,31732.0,47.848249842247775,12103591.008286187,12103591.008286187,25760241.07,25760241.07,20.0,65.96500892850794,53.01444976622578
1720,quynhluong.office,quynhluong.office,1,1,1100000.0,27681.5,51.28109302281509,12087902.86552644,12087902.86552644,4553532.12,4553532.12,87.0,-84.61539635296634,165.46211922902697
1721,sister.narukobeauty,sister.narukobeauty,1,1,118000.0,959.9285714285714,41.56350581630404,12074237.10554762,12074237.10554762,2457822.0,2457822.0,91.0,43.253660574293775,391.2575892618595
1722,bizznoc2371,bizznoc2371,1,1,2095.0,1741.5,36.419518729875456,12065871.034701576,12065871.034701576,11622770.15,11622770.15,81.0,322.3054862145552,3.812351780023595
1723,bedautlkg,bedautlkg,1,1,4945.0,11094.25,41.19673298708376,12063851.027194597,12063851.027194597,4845820.23,4845820.23,97.0,322.23478595181086,148.9537468292462
1724,lang.thang3321,lang.thang3321,1,1,3580.0,4292.4,38.92868771760108,12062785.176980589,12062785.176980589,13150288.36,13150288.36,97.0,322.1974811943206,8.269804838100224
1725,my.linh.968,my.linh.968,1,1,1410.0,832.3142857142857,34.432729398802245,12023016.135436928,12023016.135436928,15639404.86,15639404.86,21.0,320.8055647402924,23.12356996277077
1726,sarali866,sarali866,1,1,13200.0,28058.0,44.44628594971549,12021231.573978776,12021231.573978776,7053007.92,7053007.92,97.0,320.74310508925714,70.44120338913183
1727,tracis082,tracis082,1,1,5004.0,45844.0,43.8557895118047,11997114.427567776,11997114.427567776,9705159.48,9705159.48,64.0,319.8990049648722,23.61584013421875
1728,macduongm54,macduongm54,1,1,1062.0,942.8260869565216,34.225250937615456,11977233.68554991,11977233.68554991,4594509.45,4594509.45,87.0,319.2031789942468,160.68579934142718
1729,lonabeauty17,lonabeauty17,1,1,2122.0,1081.4,35.55314984967106,11937501.301565098,11937501.301565098,17326042.04,17326042.04,15.0,317.8125455547784,31.100817636218213
1730,t.zen_n,t.zen_n,1,1,272300.0,33494.0,49.47032790735421,11917685.760989137,11917685.760989137,16007791.76,16007791.76,73.0,-38.726551357382334,25.550719676596184
1731,phganhh251,phganhh251,1,1,118200.0,25885.0,47.69630603324421,11906582.926956408,11906582.926956408,14139820.61,14139820.61,20.0,41.02551690134493,15.793960507986895
1732,truckorea.kr,truckorea.kr,1,1,207200.0,274855.0,52.96423109476742,11885553.919333652,11885553.919333652,2915364.42,2915364.42,85.0,-19.692203247745603,307.6867316413792
1733,hieu.reviw,hieu.reviw,1,1,3342.0,620.6349206349206,35.225162444312126,11838428.751099018,11838428.751099018,3563210.7,3563210.7,24.0,314.34500628846564,232.24049173120798
1734,meo05922,meo05922,2,2,1188.0,602.9953358208955,33.39654510580323,11825810.786277965,11825810.786277965,7777079.985,15554159.97,83.5,313.9033775197288,53.08427344221303
1735,userthaonguyen993,userthaonguyen993,2,2,484800.0,2985.0259740259744,45.828077454561736,11815691.936220903,11815691.936220903,11352379.8,22704759.6,36.5,-65.87877741190333,87.65442054578155
1736,bsvianh.ckiidalieu,bsvianh.ckiidalieu,1,1,21400.0,37846.0,45.75263723196913,11812785.18397992,11812785.18397992,7529378.14,7529378.14,70.0,313.4474814392971,56.88925385782151
1737,myggau_09,myggau_09,1,1,2609.0,5731.571428571428,38.97616605209546,11794349.513709348,11794349.513709348,38715618.1,38715618.1,79.0,312.8022329798271,69.53593900207072
1738,tunguyethouse,tunguyethouse,2,2,2048.0,329.4545454545455,33.2886763734365,11742284.295015238,11742284.295015238,21340551.375,42681102.75,7.0,310.97995032553325,56.3535260424387
1739,hello.thine,hello.thine,4,4,219400.0,16688.5,39.43564787708235,11741158.134070365,12039015.076292023,29164091.4025,116656365.61,37.75,-25.079209718785282,86.61391073450892
1740,tiemnhapiuuuuu,tiemnhapiuuuuu,1,1,4651.0,5063.75,39.64205692186403,11727273.677670037,11727273.677670037,25757537.06,25757537.06,43.0,310.4545787184513,54.47051614309106
1741,thichxinhxeo,thichxinhxeo,1,1,80000.0,4408.8,43.79665963037363,11718742.214810928,11718742.214810928,22411007.24,22411007.24,62.0,105.07798875919123,47.709881625066444
1742,rubidunggireviewdo,rubidunggireviewdo,1,1,6841.0,18390.5,42.64067950984102,11711095.020830695,11711095.020830695,6226262.21,6226262.21,62.0,309.88832572907427,88.09190210494997
1743,phuongggxingmakeup201,phuongggxingmakeup201,1,1,1149.0,1891.9444444444443,35.64260680504566,11710605.16438554,11710605.16438554,26239069.44,26239069.44,78.0,309.8711807534939,55.369586596187084
1744,tsmmart68,tsmmart68,2,2,8216.0,1432.6,38.10045658264964,11705962.657957941,11705962.657957941,34153093.225,68306186.45,47.5,309.70869302852793,36.384953104829215
1745,1993.hunh.oanh,1993.hunh.oanh,1,1,13600.0,450.75,36.80755448338892,11676800.206906741,11676800.206906741,265320511.17,265320511.17,56.0,308.68800724173593,95.59898322394494
1746,diemtrinh868,diemtrinh868,2,2,97600.0,38189.0,48.049036021728256,11674609.13833201,11674609.13833201,7344355.735,14688711.47,42.0,67.46365567279518,95.73875028846639
1747,nuochoa.jp,nuochoa.jp,1,1,3074.0,953.8666666666668,35.894439365694645,11662032.746707184,11662032.746707184,25745600.91,25745600.91,105.0,308.17114613475144,54.70281393907002
1748,lemylan94,lemylan94,1,1,1100000.0,8207.0,49.0183732047694,11619426.346591389,11619426.346591389,8018203.83,8018203.83,62.0,-85.21163919524733,44.91308269212942
1749,macdepmoingay1727,macdepmoingay1727,1,1,1509.0,3215.5333333333333,37.0518186993314,11556614.58120957,11556614.58120957,28364505.65,28364505.65,19.0,304.4815103423349,59.256774209955
1750,nguyen.kim69,nguyen.kim69,1,1,12700.0,0.0,25.323230561540065,11541965.294416273,11541965.294416273,9755853.51,9755853.51,104.0,303.96878530456956,18.30810377160197
1751,dzunlatuine,dzunlatuine,1,1,234700.0,165482.0,52.21316284687446,11501507.0112776,11501507.0112776,1626376.15,1626376.15,82.0,-31.392800103158763,607.1861580900335
1752,tu.mun.di.len,tu.mun.di.len,1,1,1531.0,629.4054054054054,34.04096180492784,11484013.323312212,11484013.323312212,4173816.63,4173816.63,68.0,301.9404663159274,175.14417477684475
1753,hoangphatdiamond,hoangphatdiamond,1,1,944200.0,0.0,32.00618244875496,11473968.192303527,11473968.192303527,1400840.5,1400840.5,32.0,-82.98712617112378,719.077417614891
1754,nhuthuytapreview,nhuthuytapreview,1,1,5505.0,14719.5,41.88932104788049,11462430.574688412,11462430.574688412,10731102.31,10731102.31,61.0,301.1850701140944,6.815033941172179
1755,maitrinhshop.1,maitrinhshop.1,1,1,3145.0,1687.8,36.991140012797004,11459007.104781266,11459007.104781266,2095760.54,2095760.54,55.0,301.06524866734435,446.7708207151026
1756,nheephan,nheephan,1,1,44600.0,23041.0,45.96798360084276,11423947.902443448,11423947.902443448,8008944.42,8008944.42,92.0,258.5992615116777,42.6398699173823
1757,viiinguyenmc,viiinguyenmc,1,1,11800.0,7988.6,41.93434095341031,11409442.474589542,11409442.474589542,11596829.88,11596829.88,16.0,299.33048661063395,1.6158502569191717
1758,ngocbichh_0605,ngocbichh_0605,2,2,728900.0,23823.0,41.62913034189182,11371213.377520503,11371213.377520503,16069772.969999999,32139545.939999998,90.0,-78.15928285288969,62.6308771334724
1759,embexiu497,embexiu497,2,2,905.0,4610.746428571429,36.79677060742979,11366093.303984439,11366093.303984439,8159176.115,16318352.23,81.5,297.8132656394553,53.763492739789456
1760,thotihon1824,thotihon1824,2,2,2865.0,652.3076923076923,35.07887191590416,11324133.455633424,11324133.455633424,31053424.365,62106848.73,8.0,296.3446709471698,199.39385322665993
1761,hanatruong.mm,hanatruong.mm,1,1,1819.0,6049.35294117647,38.517410206040246,11300407.606504802,11300407.606504802,15693947.79,15693947.79,98.0,295.51426622766803,27.995124249710518
1762,_pa.kiu,_pa.kiu,1,1,3597.0,32417.5,42.6988545339316,11291261.14834164,11291261.14834164,8104740.99,8104740.99,4.0,295.19414019195744,39.31674266054048
1763,kimmei.cosmetics,kimmei.cosmetics,1,1,5388.0,6773.0,40.41138939057554,11288961.749784347,11288961.749784347,30581353.39,30581353.39,115.0,295.1136612424521,63.08547366816081
1764,skinbytuongliinh,skinbytuongliinh,2,2,59100.0,913.014880952381,40.38188023058152,11282535.905866846,11282535.905866846,12340673.165,24681346.33,47.5,167.26819404760715,7.840256764684755
1765,cheng_review,cheng_review,1,1,9943.0,2659.714285714286,39.62223436316633,11281121.494141245,11281121.494141245,19025352.71,19025352.71,60.0,294.8392522949436,40.70479708787882
1766,mytoc.mcmm,mytoc.mcmm,1,1,48100.0,21072.0,45.91890125458919,11279159.497422017,11279159.497422017,13614852.99,13614852.99,8.0,228.29154462350982,17.155480814177952
1767,lamdepmoingay1619,lamdepmoingay1619,1,1,919.0,1721.9803921568628,35.12139590599019,11199062.440891458,11199062.440891458,20136500.2,20136500.2,38.0,291.967185431201,44.38426573803794
1768,giavingon0,giavingon0,1,1,2356.0,14706.0,40.57162538623217,11141670.339452285,11141670.339452285,35351121.38,35351121.38,114.0,289.95846188083,68.48283758897755
1769,hongbien9x,hongbien9x,1,1,4459.0,3265.2,38.760188592649115,11135638.422242409,11135638.422242409,15407619.81,15407619.81,59.0,289.74734477848426,27.72642004694943
1770,taphoamemin1,taphoamemin1,1,1,3312.0,1810.417391304348,37.20182248616153,11131989.18744848,11131989.18744848,84532745.54,84532745.54,8.0,289.61962156069677,86.83115150663012
1771,thuynguyensuckhoe96,thuynguyensuckhoe96,1,1,1467.0,17338.0,40.14364831057168,11117247.779454464,11117247.779454464,18195618.14,18195618.14,88.0,289.10367228090627,38.90151082575717
1772,taigiadung90,taigiadung90,1,1,1179.0,3958.625,37.05619106163416,11116611.621849628,11116611.621849628,1470438.49,1470438.49,21.0,289.081406764737,656.006572015782
1773,nguyetminh8386,nguyetminh8386,1,1,4668.0,2131.6511627906975,38.03783672011927,11114878.940528182,11114878.940528182,2234001.42,2234001.42,13.0,289.02076291848635,397.532313140973
1774,tuyentrnba,tuyentrnba,1,1,2604.0,662.7735849056604,34.96035110973051,11111123.863543801,11111123.863543801,12831815.55,12831815.55,21.0,288.889335224033,13.40957310172838
1775,dautayduongda,dautayduongda,4,4,2757.0,2334.8571428571427,37.390701486822095,11099510.703836812,10813773.90881912,20724626.8675,82898507.47,71.75,288.4828746342884,31.149616683618724
1776,nd_khanhthyfshion8668,nd_khanhthyfshion8668,1,1,1107.0,24110.666666666668,40.32099661728319,11097994.481664194,11097994.481664194,8779529.2,8779529.2,96.0,288.4298068582468,26.407626523574802
1777,sumspace.vn,sumspace.vn,3,3,114200.0,1406.6666666666667,42.22334396684105,11096653.159331439,9018613.374288332,27739434.830000002,83218304.49000001,52.333333333333336,36.03602822297733,70.8048828320053
1778,munbeobeo,munbeobeo,1,1,12000.0,31997.0,44.542969444442484,11094615.024642449,11094615.024642449,9162883.64,9162883.64,65.0,288.31152586248567,21.082133753282587
1779,ringo.mln,ringo.mln,2,2,112600.0,55904.0,39.52605329264457,11023428.638559517,11023428.638559517,21213177.215,42426354.43,89.0,37.058615399496645,73.13814868182516
1780,hoacolau189,hoacolau189,1,1,1533.0,5707.5,38.14399423219745,11016076.98501964,11016076.98501964,3981928.56,3981928.56,89.0,285.56269447568735,176.65179872086
1781,mot_chin_tam_tam,mot_chin_tam_tam,1,1,6567.0,568.0,36.10798030805732,10987848.649725527,10987848.649725527,4244506.63,4244506.63,99.0,284.5747027403934,158.87222255853862
1782,trangbelmakeup,trangbelmakeup,1,1,38200.0,13216.0,44.693217168867804,10973517.595021183,10973517.595021183,12674880.1,12674880.1,73.0,284.07311582574135,13.423105319779847
1783,nguyenyquyen0805,nguyenyquyen0805,1,1,143600.0,1967.3333333333333,43.202651610901086,10970786.868305776,10970786.868305776,40591221.31,40591221.31,80.0,6.957532142256867,72.9725134789107
1784,my928095,my928095,3,3,1712.0,1294.9,35.55539205083574,10949639.35877964,9299605.599849239,13274809.383333333,39824428.15,24.333333333333332,283.2373775572874,25.10400226695582
1785,minhchiase.90,minhchiase.90,1,1,4934.0,1580.921875,37.56777076721834,10929535.952198517,10929535.952198517,24027833.92,24027833.92,58.0,282.53375832694803,54.51302023899408
1786,dslebinhlc,dslebinhlc,1,1,3865.0,532.2753623188406,35.165251061211116,10921549.65980357,10921549.65980357,4666287.91,4666287.91,64.0,282.2542380931249,134.05220317414083
1787,quanrambo2019,quanrambo2019,1,1,3318.0,10303.2,40.44032501010195,10918031.025815051,10918031.025815051,211070323.18,211070323.18,20.0,282.13108590352675,94.82730169674105
1788,nam.lun4727,nam.lun4727,1,1,4006.0,1100.295081967213,36.57060858524401,10902849.20824821,10902849.20824821,3785945.67,3785945.67,22.0,281.5997222886873,187.9821888265029
1789,phamsontrang,phamsontrang,1,1,515800.0,40194.0,50.80055434402999,10876919.818606857,10876919.818606857,17949483.71,17949483.71,79.0,-70.4775344202218,39.402603471279136
1790,khoadoan1980,khoadoan1980,1,1,4713.0,206.45454545454547,33.71558482401309,10873376.37267925,10873376.37267925,2479142.68,2479142.68,20.0,280.56817304377375,338.59421486298845
1791,meoshopping01,meoshopping01,1,1,1452.0,456.22222222222223,33.36101799168328,10856229.780332645,10856229.780332645,5133638.65,5133638.65,7.0,279.96804231164253,111.472417918091
1792,baodongnat86,baodongnat86,1,1,549600.0,6564.0,47.52641354784687,10852622.010227412,10852622.010227412,12040755.37,12040755.37,19.0,-72.35503854745565,9.867598196811363
1793,lylythothe,lylythothe,1,1,41300.0,37803.0,46.77025884455319,10832996.572475702,10832996.572475702,10825602.51,10825602.51,67.0,267.22022279578647,0.06830162541873888
1794,kikianhtrinh,kikianhtrinh,2,2,523000.0,25583.75,49.74153167905246,10799471.67953426,10799471.67953426,8087329.115,16174658.23,30.5,-71.09128039895228,33.647087613071996
1795,halee.hanle,halee.hanle,1,1,2552.0,903.6111111111112,35.505256213032624,10785633.423833504,10785633.423833504,1327425.98,1327425.98,78.0,277.49716983417267,712.5223994661837
1796,khanhlinh2997.ugc,khanhlinh2997.ugc,1,1,1941.0,22603.0,41.07120784918425,10714410.783099921,10714410.783099921,8234442.31,8234442.31,30.0,275.00437740849725,30.117018004828573
1797,unboxwithmeoo,unboxwithmeoo,1,1,3044.0,18001.0,41.3451386399276,10706896.631783977,10706896.631783977,23029860.78,23029860.78,37.0,274.74138211243917,53.508635010584825
1798,linxinh93,linxinh93,1,1,1840.0,526.9090909090909,33.995683513193384,10698597.745516201,10698597.745516201,3678470.43,3678470.43,78.0,274.450921093067,190.84365224912793
1799,bsvananh.drbeauty,bsvananh.drbeauty,1,1,68600.0,30284.0,47.14453622636166,10663949.37448081,10663949.37448081,8389498.37,8389498.37,63.0,117.63161988736346,27.1106912972773
1800,ngoctuyez,ngoctuyez,1,1,4147.0,23511.0,42.321617310967355,10655900.737654254,10655900.737654254,10606150.14,10606150.14,29.0,272.95652581789886,0.4690731037893194
1801,duiii0999,duiii0999,1,1,5891.0,3081.4285714285716,39.084289219061056,10651420.511880659,10651420.511880659,51457367.09,51457367.09,7.0,272.799717915823,79.30049453705801
1802,choitiptopparttime,choitiptopparttime,2,2,753400.0,9337.0,48.57921207461553,10643247.452245109,10643247.452245109,9471455.76,18942911.52,16.5,-80.2222638264625,22.852810253413338
1803,phuong03059,phuong03059,1,1,1491.0,1767.0,35.919336281240724,10627932.19237953,10627932.19237953,6667717.01,6667717.01,63.0,271.97762673328356,59.39387014236123
1804,potariviu,potariviu,2,2,1874.0,44548.0,41.8364084684311,10591203.488277683,10591203.488277683,4874352.945,9748705.89,30.0,270.69212208971885,173.48650430466114
1805,henryskincare68,henryskincare68,1,1,7185.0,3271.5625,39.50364060316331,10580942.346768908,10580942.346768908,4076305.34,4076305.34,7.0,270.33298213691177,159.57187855728463
1806,yenly191002,yenly191002,2,2,1357.0,4602.125,35.40395611543045,10572046.20392301,10572046.20392301,14906041.75,29812083.5,64.5,270.0216171373053,166.80230151905226
1807,nguyenquyen240303,nguyenquyen240303,1,1,12100.0,938.952380952381,37.99005322468198,10558127.76668991,10558127.76668991,11191421.4,11191421.4,21.0,269.5344718341468,5.658741733289489
1808,thanhtg98,thanhtg98,1,1,15500.0,5320.5,41.60095431777896,10549864.672259718,10549864.672259718,4584672.58,4584672.58,95.0,269.2452635290901,130.1116271264832
1809,ngocnhopnhep,ngocnhopnhep,1,1,1994.0,485.8064516129032,33.969418273336444,10542543.18563275,10542543.18563275,45598228.59,45598228.59,12.0,268.98901149714624,76.87948959503045
1810,conlabong2021,conlabong2021,3,3,3589.0,230.25,33.49521130457509,10538741.126268022,6018143.732296798,23673113.429999996,71019340.28999999,7.333333333333333,268.8559394193808,258.3724977196156
1811,dtvlogreal,dtvlogreal,1,1,105900.0,3472.6491228070176,43.787535026818865,10514373.242672116,10514373.242672116,2078364.34,2078364.34,19.0,39.00021283985799,405.8965379800596
1812,c.tn.ko.t8,c.tn.ko.t8,1,1,754.0,591.8888888888889,32.82921983413771,10502763.920990322,10502763.920990322,13409045.43,13409045.43,6.0,267.5967372346612,21.674037306991792
1813,shop.em.loan,shop.em.loan,2,2,3116.0,591.0754716981132,35.02591396502613,10501509.29664142,10501509.29664142,9312353.62,18624707.24,15.0,267.55282538244967,352.49236282321607
1814,hzangg2111,hzangg2111,1,1,673400.0,23806.0,50.239235575849975,10486453.593418477,10486453.593418477,6716037.26,6716037.26,4.0,-78.19864117792417,56.14049159427202
1815,thomlathix,thomlathix,1,1,1376.0,783.2857142857143,34.282034754366066,10447544.716559459,10447544.716559459,43018959.09,43018959.09,94.0,265.66406507958106,75.71409225708567
1816,meocamday,meocamday,1,1,1059.0,8920.375,38.401752276973326,10442039.940751227,10442039.940751227,10510980.4,10510980.4,64.0,265.4713979262929,0.6558899039405853
1817,lephamtoantap,lephamtoantap,1,1,57300.0,5650.4,43.74077166842827,10436875.050697958,10436875.050697958,3393768.16,3393768.16,76.0,155.00218273956614,207.53058425469928
1818,met51__,met51__,1,1,80600.0,11790.5,45.63889250840013,10414162.398177287,10414162.398177287,5739161.89,5739161.89,61.0,80.89115828099503,81.4578957307874
1819,ynadaomakeupacademy_1309,ynadaomakeupacademy_1309,1,1,7867.0,1166.7857142857142,37.726309859603816,10381945.965895468,10381945.965895468,2280128.8,2280128.8,59.0,263.36810880634135,355.322785532794
1820,nhilawmm,nhilawmm,1,1,484500.0,24908.0,49.81281724141727,10375017.911663525,10375017.911663525,103780647.82,103780647.82,61.0,-70.02058807775245,90.00293587523346
1821,babihongphuong,babihongphuong,1,1,8178.0,2868.3636363636365,39.4596769036931,10373562.33039082,10373562.33039082,3838221.93,3838221.93,90.0,263.0746815636787,170.26999792038654
1822,nguoitieudung82,nguoitieudung82,1,1,2240.0,5085.25,38.51709185090784,10360279.201354632,10360279.201354632,12294128.86,12294128.86,82.0,262.60977204741215,15.729863259667894
1823,messi_ngoc,messi_ngoc,1,1,2459.0,126.9090909090909,31.80672654206366,10357577.343543775,10357577.343543775,1408535.02,1408535.02,6.0,262.5152070240321,635.3439706130824
1824,giadinhgaubeti,giadinhgaubeti,1,1,372800.0,13541.0,48.27201086188062,10342109.57145274,10342109.57145274,12117584.17,12117584.17,18.0,-61.16160568660452,14.652050884390592
1825,nhungnth.ct,nhungnth.ct,1,1,84800.0,1916.571428571429,42.33703373386205,10328607.733930323,10328607.733930323,11739405.01,11739405.01,29.0,70.51946730545345,12.017621633020706
1826,maddiee_ng,maddiee_ng,3,3,290700.0,0.0,30.178975566068715,10295836.675273346,2146146.879786335,537956457.96,1613869373.88,77.66666666666667,-50.41564724670559,68.381977235183
1827,bappp2k,bappp2k,1,1,4880.0,2717.8333333333335,38.55869474583332,10275867.67765212,10275867.67765212,40553859.48,40553859.48,28.0,259.6553687178242,74.66118438685254
1828,mylanne03,mylanne03,2,2,206400.0,39644.5,48.74649291591756,10267020.610449279,10267020.610449279,10142715.775,20285431.55,82.5,-30.359356324471953,17.281033918470644
1829,hong.linh.pphilt,hong.linh.pphilt,2,2,24300.0,18618.375,36.12457438223257,10265278.684805414,10265278.684805414,11579599.825000001,23159199.650000002,13.5,259.2847539681895,307.05632134262447
1830,cobactaphoa,cobactaphoa,1,1,1480.0,399.5833333333333,33.144475490846965,10260325.9116102,10260325.9116102,58344656.64,58344656.64,6.0,259.11140690635693,82.41428349656974
1831,bachdnghaybuon,bachdnghaybuon,1,1,975.0,2926.03125,36.19939025336715,10249754.29388683,10249754.29388683,6903150.68,6903150.68,89.0,258.741400286039,48.479364988840565
1832,quyenngoc525,quyenngoc525,1,1,4905.0,17122.0,41.9917499433379,10208534.768159721,10208534.768159721,8512255.98,8512255.98,20.0,257.2987168855902,19.92748799078902
1833,haleypham2002,haleypham2002,1,1,298700.0,19236.0,48.581671754772806,10201230.675146729,10201230.675146729,10585673.96,10585673.96,82.0,-52.187067475040436,3.6317317754728213
1834,byesaki,byesaki,2,2,12200.0,113466.5,36.73786353362516,10162441.210867815,10162441.210867815,8696469.68,17392939.36,53.0,255.6854423803735,42.51814791965484
1835,ronronshop11,ronronshop11,1,1,8031.0,5435.0,40.62080590037318,10158370.01203462,10158370.01203462,5211015.86,5211015.86,92.0,255.54295042121163,94.94030118025046
1836,thiensugio9x,thiensugio9x,1,1,984.0,2929.074074074074,36.2155613301807,10150381.236737404,10150381.236737404,5981248.22,5981248.22,62.0,255.26334328580913,69.70339406408057
1837,shopthachthuong,shopthachthuong,1,1,13100.0,2233.8709677419356,39.72526431216139,10128041.525292419,10128041.525292419,9195508.29,9195508.29,20.0,254.48145338523466,10.141182041089976
1838,minnminn022,minnminn022,2,2,2667.0,3837.138888888889,38.15850257150045,10123666.815309895,10123666.815309895,8588646.495,17177292.99,27.0,254.3283385358463,33.15352140158264
1839,peyen.q.8,peyen.q.8,1,1,43900.0,0.0,27.2469323243073,10106706.833500953,10106706.833500953,3516118.05,3516118.05,11.0,222.3095573326044,187.43934901448927
1840,ungthai688,ungthai688,1,1,97200.0,33414.0,47.86809676266549,10069446.239739917,10069446.239739917,1321180.0,1321180.0,19.0,45.033176292550245,662.1555155043156
1841,beautyofbeauty.25,beautyofbeauty.25,1,1,8837.0,700.3684210526316,36.95770024212816,10067462.412888374,10067462.412888374,4786193.11,4786193.11,73.0,252.36118445109307,110.34384074169488
1842,lananh_890,lananh_890,1,1,3220.0,8816.125,40.10374906328904,10045817.675071865,10045817.675071865,25925747.3,25925747.3,28.0,251.60361862751523,61.25157913935285
1843,vuonghang74,vuonghang74,1,1,112900.0,1318.7407407407406,42.0855383897765,10027812.982169364,10027812.982169364,6572803.37,6572803.37,57.0,24.348433791294138,52.56523613560288
1844,ngochuong8585,ngochuong8585,2,2,3614.0,1077.608695652174,36.36143118153839,10016220.688546056,10016220.688546056,11726442.850000001,23452885.700000003,34.0,250.56772409911193,408.23778118759174
1845,havitt02,havitt02,2,2,3096.0,4681.369230769231,38.864596476481864,10011562.382963452,10011562.382963452,2674266.665,5348533.33,27.0,250.4046834037208,353.5469044982882
1846,bongthugian,bongthugian,1,1,3548.0,10667.0,40.60882936578859,9972143.777838089,9972143.777838089,6347516.78,6347516.78,61.0,249.02503222433313,57.10307075136378
1847,reviewcungto8,reviewcungto8,1,1,2935.0,30617.0,42.277124448059865,9969063.261732018,9969063.261732018,14306869.78,14306869.78,53.0,248.91721416062063,30.319745583565254
1848,nanne9x,nanne9x,1,1,23100.0,1163.142857142857,39.391089036525386,9968952.244454285,9968952.244454285,9036616.76,9036616.76,7.0,248.91332855589994,10.317306899427319
1849,oanhrua262,oanhrua262,1,1,30900.0,62231.0,47.24805588332305,9968325.10318176,9968325.10318176,80056077.52,80056077.52,63.0,248.8913786113616,87.54832186139593
1850,llylyyll,llylyyll,1,1,2189.0,19821.4,41.01320789825268,9952496.38977805,9952496.38977805,4792310.29,4792310.29,86.0,248.3373736422317,107.67637710241107
1851,maikeo91,maikeo91,1,1,894.0,5856.0,37.35607115875674,9952385.56431732,9952385.56431732,3074073.74,3074073.74,75.0,248.33349475110617,223.75233667352816
1852,ryy.review0703,ryy.review0703,2,2,168000.0,61158.0,49.460751327667346,9942168.729026964,9942168.729026964,13668108.02,27336216.04,10.0,-17.148593924775295,35.13179995134631
1853,buddynee,buddynee,1,1,1155.0,10972.0,38.9214818096686,9919101.95749597,9919101.95749597,23538730.23,23538730.23,7.0,247.16856851235895,57.86050538591023
1854,sonxinh8386,sonxinh8386,1,1,4936.0,446.0,35.21606706784945,9901133.249708159,9901133.249708159,3140602.43,3140602.43,6.0,246.53966373978557,215.2622297916314
1855,lolemcity,lolemcity,1,1,74300.0,805.0,40.51879758515486,9860833.822785774,9860833.822785774,1994890.53,1994890.53,6.0,85.80305991790154,394.30450816696066
1856,chinhanh207,chinhanh207,1,1,1265.0,31473.0,41.02372374354472,9850131.140176022,9850131.140176022,19105848.49,19105848.49,34.0,244.75458990616076,48.444419281710616
1857,banhtet.24,banhtet.24,1,1,1333.0,2831.375,36.62286912166614,9837375.808481904,9837375.808481904,5541776.24,5541776.24,3.0,244.30815329686658,77.51304604247073
1858,nhtl2,nhtl2,1,1,769300.0,0.0,31.688439025419672,9836257.498028941,9836257.498028941,1530541.31,1530541.31,27.0,-82.09962238757245,542.6652736363542
1859,hoaithunne04,hoaithunne04,1,1,1168.0,16942.0,39.7473910725678,9824672.452439964,9824672.452439964,64521462.15,64521462.15,78.0,243.86353583539875,84.77301641181117
1860,nanaday_01,nanaday_01,2,2,20800.0,89.625,30.922414319703485,9820970.129031328,9820970.129031328,28329599.509999998,56659199.019999996,97.5,243.73395451609647,45.30267315268426
1861,biquyettutinmoingay,biquyettutinmoingay,1,1,2050.0,201.27397260273972,32.37771533599381,9803753.080942536,9803753.080942536,15000613.57,15000613.57,78.0,243.13135783298873,34.644319479376236
1862,bunnyshop62,bunnyshop62,3,3,3336.0,164.62745098039215,32.76064863086405,9778085.346592933,5293912.530915984,9298174.153333334,27894522.46,16.666666666666668,242.23298713075266,48.604096617522394
1863,oanhoanh980426,oanhoanh980426,1,1,24400.0,8431.0,43.161396259242466,9772480.018316334,9772480.018316334,6599884.64,6599884.64,79.0,242.03680064107166,48.07046715768557
1864,cothuytravinh84,cothuytravinh84,2,2,6223.0,1186.1355480796187,37.388195794372514,9761716.859281294,9761716.859281294,1759286.825,3518573.65,46.5,241.66009007484524,311.0494613478923
1865,thunguyenz0,thunguyenz0,1,1,2947.0,570.8235294117648,34.87467332108038,9743412.054377738,9743412.054377738,3412409.18,3412409.18,19.0,241.01942190322086,185.52883140402693
1866,chengtom02,chengtom02,1,1,5500000.0,29490.0,53.89520271070432,9725948.879135005,9725948.879135005,4161700.29,4161700.29,11.0,-96.59591789230275,133.7013288175782
1867,thanhthuy_123,thanhthuy_123,1,1,1654.0,2683.0,36.85715583241861,9713713.18242501,9713713.18242501,10300805.59,10300805.59,57.0,239.9799613848753,5.6994805158243045
1868,_inlil,_inlil,1,1,2300000.0,7952.642857142857,50.10383545044792,9712932.414899603,9712932.414899603,21343161.3,21343161.3,7.0,-94.08778026919154,54.49159438766177
1869,myphamhabobivietnam,myphamhabobivietnam,1,1,1411.0,147.05,31.217826506256475,9705536.376635732,9705536.376635732,2643059.36,2643059.36,71.0,239.6937731822506,267.2084147453931
1870,vyhai238,vyhai238,1,1,2793.0,19242.0,41.33578696784423,9673732.613705767,9673732.613705767,5283891.44,5283891.44,27.0,238.58064147970182,83.07970032226413
1871,thuylong_5,thuylong_5,1,1,5385.0,2309.470588235294,38.40847678876324,9668744.851617156,9668744.851617156,11100311.82,11100311.82,19.0,238.40606980660039,12.896637424216472
1872,tuyenbum83,tuyenbum83,1,1,745300.0,7364.0,48.212877167133655,9657547.742857788,9657547.742857788,14832558.76,14832558.76,51.0,-81.85889327787348,34.88953659902583
1873,minzyinkr96,minzyinkr96,1,1,513.0,19737.0,38.75711968010147,9619110.29945456,9619110.29945456,9624935.56,9624935.56,57.0,236.66886048090961,0.06052259268777918
1874,trangchuoi.01,trangchuoi.01,1,1,49900.0,17337.0,45.612766618321466,9613474.055577127,9613474.055577127,2787216.05,2787216.05,57.0,169.71670697009975,244.91312776335107
1875,drchunmd,drchunmd,1,1,128600.0,15072.0,46.82053781610433,9582179.331449239,9582179.331449239,3715001.6,3715001.6,70.0,4.316104696959049,157.9320378071772
1876,vuthanh187.1,vuthanh187.1,1,1,357700.0,90224.0,51.73778220883738,9576393.541510137,9576393.541510137,1672825.24,1672825.24,18.0,-62.519007665322356,472.46825983508813
1877,cheese_makeup,cheese_makeup,2,2,367200.0,32142.0,49.85493421063245,9551563.907877669,9551563.907877669,7574846.87,15149693.74,31.5,-63.58336200700235,29.265502887608996
1878,xh_thidoiten.hehe,xh_thidoiten.hehe,1,1,51000.0,17348.0,45.64776654970969,9542023.438446391,9542023.438446391,4806811.56,4806811.56,6.0,161.9378983102931,98.5104537454843
1879,thuyan_fds,thuyan_fds,1,1,63100.0,3578.3,43.040216331308564,9531960.788323117,9531960.788323117,39379058.67,39379058.67,60.0,111.48565932888057,75.79434067177229
1880,quytinhtao1,quytinhtao1,1,1,36500.0,27194.0,45.96556515678596,9501955.328745887,9501955.328745887,9909334.59,9909334.59,11.0,232.568436506106,4.11106575879696
1881,hongthai396,hongthai396,1,1,913.0,10272.0,38.434462713928106,9494663.758604085,9494663.758604085,19558947.73,19558947.73,50.0,232.31323155114296,51.45616272576395
1882,thanhlan5,thanhlan5,1,1,20000.0,548.1506849315068,37.76910058916751,9459820.739791362,9459820.739791362,3978900.88,3978900.88,19.0,231.09372589269762,137.74959530510753
1883,huyenbe1812,huyenbe1812,1,1,1193.0,624.3076923076923,33.63922671088589,9435447.68959657,9435447.68959657,13426798.89,13426798.89,75.0,230.2406691358799,29.726751946631946
1884,kimthanhday,kimthanhday,1,1,28000.0,2163.0,40.843388798386556,9372167.38797317,9372167.38797317,79635539.29,79635539.29,60.0,228.02585857906098,88.23117483534132
1885,haohoa.95,haohoa.95,1,1,7781.0,870.8703703703703,37.16535767760716,9371649.758710418,9371649.758710418,8594034.39,8594034.39,17.0,228.0077415548646,9.048315766751514
1886,mrsun.man56,mrsun.man56,1,1,9786.0,1594.090909090909,38.645209765067854,9357113.109546185,9357113.109546185,21880724.71,21880724.71,10.0,227.49895883411645,57.23581721555243
1887,makeupchoihoi,makeupchoihoi,1,1,52400.0,13277.0,45.19201921010838,9338781.336539553,9338781.336539553,2485441.86,2485441.86,6.0,149.5094250220491,275.73927947522196
1888,phuc.thi194,phuc.thi194,1,1,2289.0,940.6296296296296,35.41127944594979,9328949.903408235,9328949.903408235,6262737.29,6262737.29,17.0,226.5132466192882,48.95962374638
1889,emlylynguyen,emlylynguyen,1,1,91100.0,22389.0,47.02233807135782,9309004.634124234,9309004.634124234,5045095.43,5045095.43,57.0,43.0582490425239,84.5159276625266
1890,chiniureview,chiniureview,2,2,6313.0,3723.8055555555557,38.6425259871651,9274181.114842061,9274181.114842061,18935510.31,37871020.62,19.0,224.5963390194721,56.34895369524226
1891,_bdcuwtee082,_bdcuwtee082,1,1,675.0,5014.375,36.632062180239956,9249085.685109073,9249085.685109073,3984627.67,3984627.67,80.0,223.71799897881758,132.11919534527235
1892,notsmallcapybara,notsmallcapybara,1,1,2039.0,19132.0,40.83727309817354,9226164.051611513,9226164.051611513,7355457.52,7355457.52,80.0,222.91574180640293,25.43290511195167
1893,sincarekhoahoc89,sincarekhoahoc89,1,1,193.0,831.0,31.352201257897534,9205892.504268788,9205892.504268788,2425752.73,2425752.73,67.0,222.20623764940757,279.5066327419443
1894,lebaobinh1102,lebaobinh1102,1,1,2500000.0,0.0,33.516452890579714,9196144.50030954,9196144.50030954,30942684.32,30942684.32,25.0,-94.85015907982665,70.28006877100331
1895,dealrecoem,dealrecoem,1,1,190.0,3928.0,34.21728009848913,9165096.365027787,9165096.365027787,15267336.41,15267336.41,73.0,220.77837277597254,39.969251224301885
1896,phamthiyen86review,phamthiyen86review,1,1,43500.0,4624.125,42.94040721695957,9140684.854350887,9140684.854350887,31069814.0,31069814.0,61.0,194.1829608296837,70.58017516824887
1897,lengocreview1,lengocreview1,1,1,21500.0,871.5333333333333,38.743084677885776,9133127.263239106,9133127.263239106,87262827.7,87262827.7,6.0,219.6594542133687,89.53377113260896
1898,hello8.8,hello8.8,1,1,24500.0,33.0,32.905804067115,9113956.607307032,9113956.607307032,56130352.21,56130352.21,5.0,218.98848125574605,83.76287294045642
1899,memories.1.8,memories.1.8,1,1,1266.0,4327.666666666667,37.33238645645535,9083082.80766214,9083082.80766214,9058070.79,9058070.79,13.0,217.9078982681749,0.27612963336248636
1900,bongnhua2001,bongnhua2001,1,1,25600.0,3711.0,41.70876108359262,9060342.614192443,9060342.614192443,4148955.82,4148955.82,66.0,217.11199149673547,118.37645439648097
1901,shopthaothao,shopthaothao,1,1,5814.0,1282.0,37.43245831030038,9027625.726379352,9027625.726379352,2959970.89,2959970.89,66.0,215.96690042327734,204.99035503620613
1902,chuthanhhuyen.official,chuthanhhuyen.official,3,3,1900000.0,63876.333333333336,53.68513055162393,9020876.603556419,7803311.827290639,7952214.126666666,23856642.38,66.0,-93.35303829211632,49.26412384483408
1903,thiliu23,thiliu23,1,1,1668.0,789.9354838709677,34.59604369121913,9013716.868675783,9013716.868675783,980966.77,980966.77,17.0,215.48009040365235,818.8605714621488
1904,minnxinh1998,minnxinh1998,2,2,5702.0,11075.0,33.392878575095764,8997303.30307174,8997303.30307174,20150060.37,40300120.74,91.5,214.9056156075108,75.34647967073644
1905,khanhdeptraihp,khanhdeptraihp,1,1,3253.0,1609.88,36.9555714179918,8948912.874315118,8948912.874315118,910951.78,910951.78,17.0,213.21195060102914,882.3695469715333
1906,myhanh83,myhanh83,1,1,199800.0,14778.0,47.467279711535646,8947827.942180593,8947827.942180593,9028194.78,9028194.78,3.0,-37.302506911647505,0.8901761623203124
1907,shopbakhang6868,shopbakhang6868,1,1,8810.0,0.0,24.756042297976354,8934322.033191383,8934322.033191383,1824708.05,1824708.05,5.0,212.70127116169837,389.6302196502823
1908,linhhanquoc881133,linhhanquoc881133,4,4,7628.0,954.6127819548872,37.30482007270509,8929239.355162343,7337556.612312579,29477495.6375,117909982.55,28.0,212.52337743068202,83.04899344096974
1909,minhminh.skincare,minhminh.skincare,1,1,3038.0,1665.4545454545455,36.91267674235428,8902393.764173469,8902393.764173469,6234105.59,6234105.59,55.0,211.58378174607137,42.801459417909356
1910,thieppthiepp,thieppthiepp,1,1,21400.0,37304.0,45.72578973558281,8900005.52227172,8900005.52227172,13333099.73,13333099.73,60.0,211.50019327951023,33.248789085059066
1911,ning_ningzoey,ning_ningzoey,1,1,7070.0,3607.75,39.660627177891136,8896674.583686046,8896674.583686046,6563955.97,6563955.97,3.0,211.3836104290116,35.53830379648398
1912,tanh_168,tanh_168,1,1,13100.0,16649.0,43.46310050623299,8894158.463295922,8894158.463295922,4816106.53,4816106.53,6.0,211.29554621535726,84.67528506467488
1913,kayleedethuong,kayleedethuong,1,1,7950.0,6704.0,40.995596093081424,8893370.33221138,8893370.33221138,7075301.69,7075301.69,47.0,211.26796162739828,25.69598756164672
1914,tranthian97,tranthian97,1,1,1131.0,178.44827586206895,31.233000734929462,8859602.376215827,8859602.376215827,38541213.85,38541213.85,30.0,210.0860831675539,77.01265349167038
1915,nguyenkieuuoanhh_,nguyenkieuuoanhh_,1,1,6435.0,751.2765957446809,36.5961989919947,8853956.6561273,8853956.6561273,23398090.28,23398090.28,30.0,209.88848296445548,62.15949015422254
1916,nguyenthaodoanhungphutho,nguyenthaodoanhungphutho,1,1,4610.0,688.2,35.915985955552514,8823993.305980107,8823993.305980107,1211645.71,1211645.71,41.0,208.83976570930375,628.2651383282748
1917,huongtichcuc24,huongtichcuc24,1,1,4407.0,395.55555555555554,34.81740377419955,8812089.99641788,8812089.99641788,9021727.04,9021727.04,13.0,208.42314987462575,2.323690826076235
1918,hocydireview,hocydireview,1,1,3891.0,542.5,35.21099612047104,8776320.991725698,8776320.991725698,19885004.16,19885004.16,46.0,207.17123471039943,55.86462581999431
1919,bevoi2021,bevoi2021,1,1,12400.0,238.7058823529412,35.48477771817522,8773808.38640061,8773808.38640061,15935831.74,15935831.74,18.0,207.08329352402134,44.94289015126982
1920,tu_tram_dac_san_phu_quoc,tu_tram_dac_san_phu_quoc,1,1,1000000.0,0.0,32.095239513341745,8742673.494822172,8742673.494822172,4839670.9,4839670.9,10.0,-87.76025710724896,80.64603307679809
1921,gc.nh.nh.li,gc.nh.nh.li,1,1,1448.0,3986.3,37.3876775035251,8721262.264175266,8721262.264175266,10562510.14,10562510.14,13.0,205.2441792461343,17.43191581754765
1922,huyen.reviu,huyen.reviu,1,1,1404.0,3927.5384615384614,37.3122148423768,8716749.233987601,8716749.233987601,16292166.27,16292166.27,54.0,205.08622318956606,46.49729759977706
1923,hngphm9741,hngphm9741,2,2,2869.0,244.86,28.78231709683428,8715022.921152104,8715022.921152104,6365174.35,12730348.7,46.5,205.0258022403236,36.91718816154223
1924,_khany115_,_khany115_,1,1,5384.0,0.0,23.9923298255415,8704375.198210707,8704375.198210707,6790982.6,6790982.6,79.0,204.65313193737472,28.175489629596566
1925,zunreview777,zunreview777,1,1,4476.0,28453.0,42.7950917780244,8693069.356901685,8693069.356901685,27497410.01,27497410.01,46.0,204.25742749155896,68.38586123660275
1926,linh.mokey04,linh.mokey04,1,1,4650.0,0.0,23.765046369371316,8654533.8248288,8654533.8248288,5025048.1,5025048.1,5.0,202.90868386900794,72.22788026305261
1927,chamdayyy0601,chamdayyy0601,1,1,1672.0,1593.8,35.9050358434784,8646338.208255604,8646338.208255604,11750776.88,11750776.88,69.0,202.62183728894612,26.419007895794515
1928,chef.tho.mafia,chef.tho.mafia,1,1,1870.0,8650.833333333334,39.22596492217196,8570735.441838916,8570735.441838916,4982989.79,4982989.79,53.0,199.97574046436205,71.99985958307404
1929,tuihangnee,tuihangnee,2,2,10900.0,2008.8181818181818,39.12664955098445,8542106.431483949,8542106.431483949,17399916.055,34799832.11,30.0,198.97372510193816,136.5546156674109
1930,tuyenphamdongthap,tuyenphamdongthap,1,1,12100.0,1509.44,38.87290018750074,8524431.456394313,8524431.456394313,776641.39,776641.39,41.0,198.35510097380094,997.6020034670458
1931,anlanhmoigiay,anlanhmoigiay,1,1,357.0,3660.7894736842104,35.06064891863382,8512462.328274954,8512462.328274954,12636887.98,12636887.98,45.0,197.93618148962338,32.63798538257713
1932,buidat6688,buidat6688,1,1,203200.0,15991.0,47.64027064518439,8503527.26689264,8503527.26689264,6061321.49,6061321.49,77.0,-41.41270583833811,40.29163905794807
1933,huyenmyphamlamdep,huyenmyphamlamdep,1,1,3035.0,280.77777777777777,33.60305886346415,8497134.676213196,8497134.676213196,30517112.66,30517112.66,62.0,197.39971366746184,72.15616440886058
1934,anhng140,anhng140,1,1,1979.0,365.0,33.42681828522521,8430320.686821526,8430320.686821526,4080430.99,4080430.99,50.0,195.06122403875338,106.60368249045
1935,onlythys,onlythys,1,1,400300.0,142103.0,52.75778868544819,8406361.907382432,8406361.907382432,3690214.13,3690214.13,60.0,-70.59978348654657,127.80146656103213
1936,ceri_truong,ceri_truong,1,1,6885.0,20004.0,42.8071424859272,8362665.768923347,8362665.768923347,8267525.46,8267525.46,6.0,192.69330191231714,1.1507712843904192
1937,lunguyentamnhi,lunguyentamnhi,1,1,1544.0,6089.166666666667,38.275536128481626,8361839.644697148,8361839.644697148,4049098.52,4049098.52,51.0,192.66438756440016,106.51114324324094
1938,phng.ly.shopp,phng.ly.shopp,1,1,1416.0,321.2682926829268,32.671062759330226,8352502.481552777,8352502.481552777,51138824.24,51138824.24,61.0,192.33758685434717,83.66700328823833
1939,by.naunbox,by.naunbox,1,1,22900.0,7585.0,42.86620165543154,8348962.329061041,8348962.329061041,3032996.84,3032996.84,6.0,192.21368151713642,175.27105267478754
1940,2handmy7,2handmy7,1,1,2405.0,8727.5,39.63246349589522,8348192.393104704,8348192.393104704,0.0,0.0,27.0,192.18673375866464,
1941,tieubaobao277,tieubaobao277,1,1,100900.0,8918.666666666666,45.46778723725731,8329887.150570477,8329887.150570477,2973412.17,2973412.17,49.0,15.578216162523969,180.14572734362883
1942,bichngoc_giadung,bichngoc_giadung,1,1,2507.0,544.0,34.53453557176637,8303091.250449982,8303091.250449982,2796755.44,2796755.44,5.0,190.60819376574932,196.88299275999557
1943,ngocinreview,ngocinreview,1,1,3884.0,12842.0,41.094490771463654,8290327.9000040805,8290327.9000040805,11768316.13,11768316.13,23.0,190.16147650014278,29.55383073989465
1944,yuki_hana91,yuki_hana91,1,1,6325.0,370.55555555555554,35.25651543829505,8284210.434270248,8284210.434270248,11424899.65,11424899.65,10.0,189.94736519945866,27.489862597871944
1945,litueling,litueling,1,1,2515.0,1538.2857142857142,36.47200123283449,8260759.67907223,8260759.67907223,62725160.93,62725160.93,5.0,189.126588767528,86.8302295975118
1946,bychinne,bychinne,1,1,5863.0,2687.5,38.822402244157075,8250810.220207172,8250810.220207172,40035477.83,40035477.83,23.0,188.778357707251,79.3912532897895
1947,drkhonghanhnguyen,drkhonghanhnguyen,1,1,554400.0,105609.0,52.71048803477862,8247238.029709962,8247238.029709962,50730615.23,50730615.23,59.0,-79.17364133911626,83.74307507937951
1948,thuytrangcuteee1,thuytrangcuteee1,1,1,2060.0,22641.0,41.16657981690183,8221936.687157249,8221936.687157249,4283939.97,4283939.97,48.0,187.7677840505037,91.92464751454604
1949,vitamin.phong,vitamin.phong,1,1,626100.0,13383.333333333334,49.054382465397055,8202042.7403080985,8202042.7403080985,8712445.67,8712445.67,3.0,-81.65970318410582,5.858319799334845
1950,skincarebyson.meteam1,skincarebyson.meteam1,1,1,1166.0,2691.5,36.32115833039158,8136849.273869567,8136849.273869567,3682473.47,3682473.47,59.0,184.78972458543478,120.9615178536389
1951,nganngo2601,nganngo2601,1,1,68100.0,11522.5,45.334719224999034,8123968.2277553305,8123968.2277553305,4442478.36,4442478.36,16.0,67.0125626851316,82.87018122369267
1952,eb3105,eb3105,1,1,582000.0,0.0,31.255679863427094,8114789.472873135,8114789.472873135,7867406.48,7867406.48,61.0,-80.47988786594091,3.144403349464843
1953,shinchi_lee,shinchi_lee,2,2,1966.0,904.8142857142856,33.25154165581205,8103869.216273084,8103869.216273084,10420571.959999999,20841143.919999998,17.0,183.63542256955796,58.986577226563604
1954,myngan2605,myngan2605,1,1,159000.0,11557.0,46.65544888581388,8102154.098607315,8102154.098607315,11235062.06,11235062.06,61.0,-28.66027837704252,27.885097070773863
1955,cotham_review,cotham_review,1,1,1252.0,509.2,33.33537944074913,8096597.281105651,8096597.281105651,6302029.21,6302029.21,46.0,183.38090483869775,28.476035437253245
1956,huynhhan_h,huynhhan_h,1,1,378500.0,13974.0,48.354127901110836,8091347.926446342,8091347.926446342,5757358.59,5757358.59,6.0,-70.07163250455778,40.539238610224245
1957,mailinhxu,mailinhxu,1,1,1318.0,162.6086956521739,31.298139589768642,8073471.303269102,8073471.303269102,637049.87,637049.87,46.0,182.57149561441855,1167.3217095655482
1958,tanchayshop,tanchayshop,1,1,45100.0,2597.0,41.92292771362141,8058675.306520699,8058675.306520699,11304368.89,11304368.89,5.0,150.15843523567577,28.711851276814638
1959,comupxgg,comupxgg,1,1,109100.0,6918.0,45.11624048148909,8056705.905634987,8056705.905634987,2497977.95,2497977.95,5.0,3.3857769742344805,222.52910421547102
1960,quynhanh9512,quynhanh9512,2,2,1019.0,318.225,32.13909047356748,8036356.624902946,8036356.624902946,3685585.83,7371171.66,64.5,181.27248187160308,99.57361655191919
1961,y.viet.sa,y.viet.sa,1,1,35200.0,7409.0,43.48929807299075,8030529.066902663,8030529.066902663,12656039.08,12656039.08,12.0,181.0685173415932,36.54784868993418
1962,annaaaaa999,annaaaaa999,1,1,13200.0,12324.0,42.915063411576284,8028962.99732175,8028962.99732175,3106859.83,3106859.83,47.0,181.01370490626124,158.4269467130015
1963,uyn.tp.reveiw,uyn.tp.reveiw,1,1,971.0,1718.3333333333333,35.202732102386214,8013585.860641611,8013585.860641611,5154092.46,5154092.46,65.0,180.47550512245638,55.48005634034766
1964,nhugg_miu_95,nhugg_miu_95,2,2,600.0,4394.6,33.825322682404064,7953676.7902695015,7953676.7902695015,23984652.125,47969304.25,46.0,178.37868765943256,70.29101477260537
1965,kieushop7,kieushop7,2,2,1142.0,282.7368421052631,32.09577202260928,7949671.704388998,7949671.704388998,14706873.385,29413746.77,6.0,178.23850965361495,99.08236454659044
1966,thaobereview270691,thaobereview270691,1,1,4351.0,0.0,23.66198403850576,7943297.35740723,7943297.35740723,10606549.94,10606549.94,5.0,178.01540750925304,25.109508724877315
1967,69_huongxinhxiu,69_huongxinhxiu,1,1,5065.0,3573.5,39.12567915844784,7939614.488366138,7939614.488366138,8288072.64,8288072.64,42.0,177.88650709281478,4.20433274139187
1968,tiemkiguibylvat,tiemkiguibylvat,1,1,22900.0,11707.5,43.674009172893555,7931603.725635153,7931603.725635153,38620140.44,38620140.44,50.0,177.60613039723034,79.46251972346491
1969,changmeccup,changmeccup,2,2,1509.0,2446.9866666666667,36.53287275343875,7930197.65242778,7930197.65242778,40118923.425,80237846.85,11.5,177.5569178349723,80.2785565224793
1970,giun1008,giun1008,2,2,161700.0,35906.0,48.38856360377485,7925859.256991656,7925859.256991656,16101877.790000001,32203755.580000002,42.0,-31.377841930808188,61.575311601065955
1971,nutripower_9999,nutripower_9999,1,1,15200.0,522.0555555555555,37.25284343782619,7925354.082270834,7925354.082270834,2107058.51,2107058.51,38.0,177.38739287947917,276.13355512708733
1972,imchanreview,imchanreview,1,1,6538.0,636.1666666666666,36.31172005943526,7903362.523255416,7903362.523255416,2568763.04,2568763.04,59.0,176.61768831393957,207.6719183586282
1973,tiensmile10,tiensmile10,2,2,4665.0,2661.2569444444443,38.44368625600126,7894724.995623333,7894724.995623333,26883244.615000002,53766489.230000004,22.5,176.31537484681664,79.73190570618432
1974,mai.huynh.2,mai.huynh.2,1,1,138000.0,11603.5,46.44321627644651,7890597.77784979,7890597.77784979,4093716.48,4093716.48,16.0,-19.95045732616155,92.74900488100705
1975,lengochan2911,lengochan2911,1,1,294000.0,10334.0,47.400671384324625,7887940.034633647,7887940.034633647,3391763.89,3391763.89,5.0,-62.438380787458826,132.56159008856147
1976,haxink_08,haxink_08,1,1,24800.0,19207.5,44.719028364969034,7875918.4741830425,7875918.4741830425,886917.75,886917.75,15.0,175.6571465964065,788.0100183115111
1977,poeahhhh,poeahhhh,1,1,1385.0,7087.0,38.38949392656345,7863712.8700857,7863712.8700857,10515057.95,10515057.95,42.0,175.2299504529995,25.21474529690347
1978,ngahuynhduongmi,ngahuynhduongmi,1,1,9749.0,1322.2631578947369,38.29159535606063,7851534.132032551,7851534.132032551,8160058.08,8160058.08,10.0,174.80369462113924,3.78090382375623
1979,hitsaonoivay,hitsaonoivay,1,1,2483.0,950.0,35.55583869735424,7831288.3224819675,7831288.3224819675,5003556.92,5003556.92,71.0,174.09509128686884,56.51442459221524
1980,minthu_1212,minthu_1212,1,1,12900.0,21620.0,43.925503272351456,7830487.881611123,7830487.881611123,2281580.83,2281580.83,48.0,174.0670758563893,243.20449131802718
1981,vivi_an217,vivi_an217,1,1,5002.0,304.258064516129,34.52677751288944,7818500.922622345,7818500.922622345,5340984.0,5340984.0,45.0,173.64753229178208,46.386900290701966
1982,leelinh97,leelinh97,1,1,2953.0,4100.875,38.545200054049374,7815332.212256655,7815332.212256655,6995785.37,6995785.37,5.0,173.53662742898294,11.71486543556803
1983,ngocha21126,ngocha21126,2,2,2659.0,580.6220871327255,34.74557825144476,7813266.816762509,7813266.816762509,53648056.660000004,107296113.32000001,41.5,173.4643385866878,83.83507634262085
1984,nga.ruccii,nga.ruccii,2,2,2772.0,2251.290322580645,37.1907441414234,7792011.165010171,7792011.165010171,52697903.615,105395807.23,22.0,172.72039077535595,89.16429951865913
1985,dpyn20102002,dpyn20102002,1,1,18200.0,10848.333333333334,43.175876867788546,7778267.604292988,7778267.604292988,4925359.31,4925359.31,46.0,172.23936615025457,57.92284612618421
1986,hanmandep04,hanmandep04,1,1,4060.0,3107.1929824561403,38.52253278021053,7772646.729434042,7772646.729434042,921458.75,921458.75,14.0,172.0426355301915,743.5154291425463
1987,iamapple2424,iamapple2424,1,1,208000.0,21077.0,48.190454659299846,7758707.1811123,7758707.1811123,8000963.64,8000963.64,48.0,-47.77793243482106,3.0278410175064865
1988,97hinnnnnn,97hinnnnnn,1,1,65300.0,13422.0,45.55359266524625,7757770.817967642,7757770.817967642,2747545.53,2747545.53,56.0,66.32280467311942,182.35276661521397
1989,homexinhgiare3,homexinhgiare3,1,1,3688.0,9352.0,40.42398711219365,7731665.998539042,7731665.998539042,5154092.46,5154092.46,62.0,170.60830994886643,50.0102308707718
1990,giahoat2012,giahoat2012,1,1,825.0,118.94323144104804,29.99434848076803,7691374.033759927,7691374.033759927,26859855.92,26859855.92,11.0,169.19809118159742,71.36479787282519
1991,loclucyofficial,loclucyofficial,1,1,80800.0,6728.333333333333,44.59874926072864,7671373.022268317,7671373.022268317,39196979.18,39196979.18,40.0,32.919829593757946,80.42866266035475
1992,tramreview23,tramreview23,1,1,101200.0,154941.0,50.785908535641596,7617684.054911641,7617684.054911641,9961790.14,9961790.14,55.0,5.382980996801356,23.530972366863764
1993,choco_tnar,choco_tnar,1,1,3115.0,11935.0,40.616052270693196,7616873.628114683,7616873.628114683,1915554.15,1915554.15,57.0,166.5905769840139,297.63290576331053
1994,shopmeman2026,shopmeman2026,1,1,4813.0,95.95833333333331,32.33241030306635,7615392.418373985,7615392.418373985,1273182.63,1273182.63,55.0,166.53873464308944,498.1382591100843
1995,hungtran1212e,hungtran1212e,1,1,2677.0,345.2,33.79167741220589,7604828.870675904,7604828.870675904,15650326.42,15650326.42,4.0,166.16901047365658,51.40785778782559
1996,minh.sanseo,minh.sanseo,1,1,1411.0,1965.125,36.03155239231737,7579327.269257384,7579327.269257384,7350214.18,7350214.18,37.0,165.27645442400845,3.1170940553107074
1997,chin.riviuu,chin.riviuu,1,1,10700.0,8317.2,41.85759359415066,7576737.899580975,7576737.899580975,12247156.74,12247156.74,47.0,165.1858264853341,38.134719262350394
1998,vinhrose2002,vinhrose2002,1,1,20900.0,2702.294117647059,40.80394871011686,7575282.535408565,7575282.535408565,3319901.62,3319901.62,14.0,165.13488873929978,128.1779221942295
1999,netsieuhoi88,netsieuhoi88,3,3,13000.0,1338.578947368421,38.760733401734825,7571472.721558874,8954525.79921452,8510203.153333334,25530609.46,51.333333333333336,165.00154525456057,44.15020488516438
2000,uyinnnnnnnnnn,uyinnnnnnnnnn,1,1,119900.0,12177.0,46.31493062008704,7570957.2188484045,7570957.2188484045,74443896.41,74443896.41,57.0,-11.598497861653327,89.82998259904164
2001,ngocyen4957,ngocyen4957,1,1,3691.0,656.0588235294117,35.482333635700414,7552989.034514597,7552989.034514597,82696893.01,82696893.01,36.0,164.35461620801087,90.86665924244426
2002,nguyetviettel,nguyetviettel,1,1,514000.0,32542.0,50.40207023214774,7552887.709790751,7552887.709790751,1056693.37,1056693.37,14.0,-79.42793230796293,614.7662627797836
2003,mimyaj1931999,mimyaj1931999,1,1,1569.0,4325.0,37.663821751074025,7510195.720672976,7510195.720672976,9545469.38,9545469.38,40.0,162.85685022355415,21.321881390048777
2004,dun_dun_._,dun_dun_._,1,1,1549.0,8242.5,38.84404388077501,7506459.179813241,7506459.179813241,1922307.7,1922307.7,46.0,162.7260712934634,290.49207261736717
2005,_tn279,_tn279,1,1,16800.0,7992.0,42.48304828135123,7477189.923390059,7477189.923390059,41298753.4,41298753.4,76.0,161.70164731865205,81.8948774289394
2006,tranganh.beautyy,tranganh.beautyy,1,1,6201.0,600.2142857142857,36.121548336233964,7463666.3966824915,7463666.3966824915,8958888.37,8958888.37,54.0,161.22832388388719,16.689815874081575
2007,tuithichreview01,tuithichreview01,2,2,7281.0,321.1428571428571,34.65654541753403,7446186.502325445,7446186.502325445,9534740.74,19069481.48,45.5,160.61652758139053,18.693473038868884
2008,thu.long.4,thu.long.4,2,2,78400.0,1252.5,35.429917377724706,7445712.010798662,7445712.010798662,2062818.335,4125636.67,4.5,32.95914304997608,260.9403779979217
2009,mebeoooo,mebeoooo,2,2,4124.0,2573.2261904761904,38.07901924202629,7404356.84023663,7404356.84023663,27239444.48,54478888.96,20.5,159.15248940828207,84.85405355294856
2010,hoangtien_tony,hoangtien_tony,1,1,1978.0,617.5,34.40257165856336,7395824.371556132,7395824.371556132,3680324.74,3680324.74,8.0,158.85385300446458,100.95575510426646
2011,tiemmetuyet,tiemmetuyet,1,1,6694.0,3711.5,39.62863197318904,7348300.5972177675,7348300.5972177675,4715694.24,4715694.24,15.0,157.19052090262184,55.82648541729387
2012,lanlan95_12,lanlan95_12,1,1,6542.0,368.8740740740741,35.30038647622959,7347027.992092081,7347027.992092081,9543257.61,9543257.61,11.0,157.14597972322284,23.01341646280801
2013,tiendatk.99,tiendatk.99,1,1,2324.0,702.375,34.891835341441684,7345023.736403761,7345023.736403761,5923732.89,5923732.89,8.0,157.07583077413165,23.993162298102234
2014,socxinh202,socxinh202,1,1,3252.0,898.1875,35.86989642608776,7309330.808123207,7309330.808123207,4896424.07,4896424.07,43.0,155.82657828431223,49.27895753366
2015,rosermae,rosermae,1,1,1400000.0,11461.0,50.013955104099914,7305886.446987911,7305886.446987911,7158307.77,7158307.77,3.0,-92.69411355301209,2.0616419652477664
2016,wng_79,wng_79,1,1,3209.0,20502.4,41.66915252324662,7294981.441760124,7294981.441760124,2213280.73,2213280.73,13.0,155.3243504616043,229.6003684882814
2017,nini.riviu,nini.riviu,1,1,2091.0,10993.333333333334,39.845110629411764,7294176.764833113,7294176.764833113,95571822.58,95571822.58,20.0,155.29618676915896,92.36785846714663
2018,baokieu.1809,baokieu.1809,1,1,188.0,39471.5,38.495292794955034,7292621.815969053,7292621.815969053,7080678.34,7080678.34,63.0,155.24176355891683,2.9932651335359615
2019,hungtapskincare,hungtapskincare,2,2,4152.0,1112.3461538461538,36.646022213113426,7278127.975075028,7278127.975075028,8767643.155,17535286.31,38.0,154.73447912762595,47.38952031012958
2020,dtt.do.thom,dtt.do.thom,1,1,4214.0,2003.2,37.76354809967704,7269305.591216472,7269305.591216472,11655963.86,11655963.86,10.0,154.4256956925765,37.63445324189198
2021,sammy.becool,sammy.becool,1,1,2000000.0,0.0,33.17034585851765,7264653.119328311,7264653.119328311,3639523.37,3639523.37,20.0,-94.91474281647018,99.60451907548297
2022,ninnin_nn,ninnin_nn,1,1,1462.0,18424.0,40.2514283472689,7258773.995863568,7258773.995863568,1814088.45,1814088.45,45.0,154.0570898552249,300.1334111279727
2023,shopbinbink,shopbinbink,1,1,7695.0,2375.3333333333335,39.01435895872654,7242658.215175896,7242658.215175896,4481143.52,4481143.52,65.0,153.49303753115632,61.62522317910266
2024,tranhuuphuong,tranhuuphuong,1,1,1700000.0,0.0,32.9182707316329,7229398.434115958,7229398.434115958,61154023.33,61154023.33,37.0,-94.04637776013979,88.17837643305232
2025,thunga.hoangthai,thunga.hoangthai,1,1,1594.0,19186.0,40.46084211773782,7228869.92167567,7228869.92167567,2232551.41,2232551.41,44.0,153.0104472586484,223.79410791152483
2026,duc_anh_rivew,duc_anh_rivew,1,1,55100.0,0.0,27.5993789927297,7219785.687545333,7219785.687545333,13465989.36,13465989.36,65.0,83.44283053654203,46.38503347558465
2027,touyen.224,touyen.224,1,1,3177.0,2165.5,37.47046766078404,7213819.384340061,7213819.384340061,16567316.28,16567316.28,8.0,152.4836784519021,56.45752599623781
2028,shop.m.v.b199,shop.m.v.b199,2,2,2345.0,1151.351502445842,35.82341647227875,7201986.976666905,7201986.976666905,9824325.38,19648650.76,24.5,152.0695441833417,243.44432744343266
2029,jolielynk69,jolielynk69,1,1,1214.0,1169.4444444444443,34.833085243279264,7194968.4924673345,7194968.4924673345,3536928.06,3536928.06,42.0,151.8238972363567,103.42422493228021
2030,3thag8_,3thag8_,1,1,3697.0,11539.0,40.81885889890627,7169341.5880245585,7169341.5880245585,3049803.18,3049803.18,20.0,150.92695558085953,135.07554963020786
2031,huongbeo0902,huongbeo0902,1,1,549.0,484.8,31.96706547043308,7156543.502561261,7156543.502561261,5403401.92,5403401.92,4.0,150.47902258964413,32.445144901626364
2032,nhinguyen91c,nhinguyen91c,1,1,4196.0,591.2625,35.48793812626788,7129309.448004606,7129309.448004606,1018237.36,1018237.36,34.0,149.52583068016122,600.1618412434411
2033,concobeb.e,concobeb.e,1,1,3012.0,3239.0588235294117,38.13689008762437,7128059.549855055,7128059.549855055,9232777.97,9232777.97,14.0,149.48208424492694,22.796155468958442
2034,kimlien_967,kimlien_967,1,1,6555.0,0.0,24.2975199567354,7124883.098187015,7124883.098187015,3649416.09,3649416.09,4.0,149.37090843654553,95.23350921015465
2035,mailyriviu,mailyriviu,1,1,3344.0,1632.6,37.02442004526359,7124305.910049158,7124305.910049158,8783510.7,8783510.7,10.0,149.35070685172053,18.889995659148468
2036,dangminhthanh93,dangminhthanh93,1,1,205400.0,9070.0,46.601626279334255,7111426.568905696,7111426.568905696,14577043.01,14577043.01,20.0,-51.52873808925037,51.21488930212262
2037,dinhthimien_97,dinhthimien_97,1,1,2932.0,0.0,23.049923957626067,7109423.341548569,7109423.341548569,1820793.13,1820793.13,4.0,148.82981695419988,290.45750032836344
2038,thuylinh24101,thuylinh24101,1,1,81700.0,437.55555555555554,39.53329831817656,7103396.334155243,7103396.334155243,21582922.24,21582922.24,56.0,21.722825799477828,67.08788432277073
2039,gocnhocuathy,gocnhocuathy,1,1,2184.0,1337.4375,35.992984925959945,7099210.697722161,7099210.697722161,7031750.23,7031750.23,5.0,148.47237442027563,0.9593695099457584
2040,thuthuyriviune,thuthuyriviune,2,2,4294.0,3913.6666666666665,31.985112084570567,7084569.320113904,7084569.320113904,7430394.6,14860789.2,41.5,147.95992620398658,4.65421672966482
2041,cogiao4nghereview,cogiao4nghereview,1,1,291100.0,7620.333333333333,46.81838374743517,7076094.715059728,7076094.715059728,18462577.98,18462577.98,37.0,-65.96862727212772,61.67331169717974
2042,lyhalllmav3,lyhalllmav3,1,1,1046.0,1923.7333333333331,35.52806423700694,7075547.599460132,7075547.599460132,3724249.06,3724249.06,61.0,147.64416598110458,89.98588669738787
2043,hauhauu1,hauhauu1,1,1,6135.0,0.0,24.194828550381317,7064761.474413082,7064761.474413082,2198230.62,2198230.62,4.0,147.26665160445785,221.38399902795828
2044,blingbabi_,blingbabi_,1,1,2200000.0,16132.0,51.35124155280625,7036588.876235521,7036588.876235521,11062365.36,11062365.36,37.0,-95.52217071512284,36.391642770371114
2045,bunrv5,bunrv5,1,1,1013.0,19812.0,39.81801735166739,7016299.31564952,7016299.31564952,2842830.43,2842830.43,43.0,145.5704760477332,146.80681765635663
2046,vienvovadaily,vienvovadaily,1,1,2819.0,4879.272727272727,38.79660227596472,7015171.861736015,7015171.861736015,39676317.35,39676317.35,45.0,145.53101516076052,82.31899447760614
2047,cobonla3979,cobonla3979,1,1,5564.0,1046.5833333333333,36.986993164374866,6995257.558626337,6995257.558626337,10245225.65,10245225.65,20.0,144.8340145519218,31.72178146582514
2048,truongkimquyen69,truongkimquyen69,1,1,1652.0,291.6774193548387,32.73073765128752,6987448.9580122065,6987448.9580122065,14906094.71,14906094.71,34.0,144.56071353042722,53.1235437990035
2049,vyvytaphoa86,vyvytaphoa86,1,1,1700.0,805.1632653061224,34.660994800568446,6967905.800058264,6967905.800058264,5513805.2,5513805.2,14.0,143.87670300203925,26.371998054234197
2050,bachtuocduahau,bachtuocduahau,1,1,2887.0,25913.0,41.94108980911573,6959042.3144503925,6959042.3144503925,2752340.78,2752340.78,43.0,143.56648100576373,152.84086785395786
2051,n.tuyet.nhung,n.tuyet.nhung,1,1,4033.0,0.0,23.544294779188153,6933592.376534598,6933592.376534598,2300380.23,2300380.23,4.0,142.67573317871089,201.41070967796475
2052,username_tnah,username_tnah,1,1,1583.0,14397.0,39.91565855779667,6927396.339616597,6927396.339616597,2109241.35,2109241.35,43.0,142.45887188658085,228.430709914567
2053,cungnangchamdadep,cungnangchamdadep,1,1,2680.0,1420.125,36.42186489749337,6914167.126520455,6914167.126520455,0.0,0.0,32.0,141.9958494282159,
2054,userzmr252i6lm,userzmr252i6lm,1,1,83900.0,12303.75,45.78043248605435,6909539.844437957,6909539.844437957,1215470.49,1215470.49,13.0,15.296254853553497,468.46627715642495
2055,mientaydauiu999,mientaydauiu999,1,1,44100.0,3769.571428571429,42.58144162622909,6890136.681622267,6890136.681622267,13613933.0,13613933.0,46.0,118.73449782927833,49.38908042501556
2056,ha.hoang6850,ha.hoang6850,1,1,7601.0,0.0,24.527123242341695,6880929.803844538,6880929.803844538,13469748.95,13469748.95,4.0,140.8325431345588,48.91567890844367
2057,mividiemanh,mividiemanh,1,1,1000000.0,48035.0,52.159097258087414,6879964.948211179,6879964.948211179,1893135.88,1893135.88,49.0,-90.36804907250435,263.41633059171534
2058,misacosmetic,misacosmetic,1,1,14000.0,978.9565217391304,38.29383515474419,6876342.657972584,6876342.657972584,18197443.15,18197443.15,46.0,140.67199302904044,62.212588871461406
2059,nlanhtu,nlanhtu,1,1,1553.0,519.0384615384615,33.70485785319254,6839882.722772905,6839882.722772905,3123348.38,3123348.38,40.0,139.39589529705162,118.99198842406766
2060,emhienne31,emhienne31,1,1,6833.0,3682.571428571429,39.64594466307651,6838141.2860398255,6838141.2860398255,3599515.08,3599515.08,42.0,139.33494501139387,89.97395854887836
2061,ptruc481,ptruc481,1,1,4879.0,512.7272727272727,35.457019972041905,6833879.356799708,6833879.356799708,3398932.05,3398932.05,39.0,139.18577748798975,101.05960508388827
2062,kvs.trangcam,kvs.trangcam,1,1,99900.0,325.3076923076923,39.29496152385361,6821542.649697116,6821542.649697116,14434803.72,14434803.72,36.0,-4.402805709950346,52.74239413283054
2063,neyuh269,neyuh269,1,1,1546.0,8353.5,38.8659338835976,6811001.625627623,6811001.625627623,2071666.76,2071666.76,42.0,138.38505689696677,228.76917065694596
2064,vinameota,vinameota,1,1,1711.0,188.84615384615384,31.979473405888946,6810375.129063692,6810375.129063692,16914396.2,16914396.2,13.0,138.36312951722917,59.73622085863347
2065,dulin.nichphu,dulin.nichphu,1,1,5613.0,1202.2444444444443,37.25844166769256,6809969.376204368,6809969.376204368,11214944.48,11214944.48,14.0,138.34892816715288,39.27772546401079
2066,anxinhbeauty,anxinhbeauty,1,1,98500.0,124806.0,50.34140703662906,6806176.389635475,6806176.389635475,7251452.65,7251452.65,49.0,-3.262467558480554,6.140511175571491
2067,bo.trm4132,bo.trm4132,1,1,2327.0,923.4545454545456,35.40254383673258,6803871.898599678,6803871.898599678,21132201.6,21132201.6,19.0,138.1355164509887,67.80329836244002
2068,tranganna68,tranganna68,1,1,639800.0,6675.0,47.793325394016136,6800622.375679985,6800622.375679985,7600405.86,7600405.86,61.0,-85.11898823702411,10.522904948131488
2069,nhangthomgiataixuong,nhangthomgiataixuong,1,1,2443.0,21434.0,41.32898571566879,6788243.777498049,6788243.777498049,13420802.24,13420802.24,45.0,137.5885322124317,49.419985064186086
2070,bown1nq,bown1nq,2,2,4741.0,2739.722222222222,37.89822941298759,6774270.692846095,6774270.692846095,2317117.15,4634234.3,53.0,137.0994742496133,225.01917348908165
2071,thuyychii009,thuyychii009,1,1,174800.0,10245.0,46.578127639085515,6763677.711124544,6763677.711124544,12420885.58,12420885.58,54.0,-45.828668217537974,45.54593013870639
2072,tieuho07.12vlogs,tieuho07.12vlogs,1,1,387700.0,5659.333333333333,46.7091926212631,6761585.559465793,6761585.559465793,15710439.62,15710439.62,61.0,-75.58364770891899,56.961194447684115
2073,winnee.review,winnee.review,1,1,1679.0,16020.0,40.20572657707986,6754542.2478728285,6754542.2478728285,11290691.38,11290691.38,5.0,136.40897867554898,40.176008531792604
2074,corniengo,corniengo,1,1,16300.0,13841.0,43.458283825026506,6734067.362465989,6734067.362465989,111477890.25,111477890.25,49.0,135.6923576863096,93.95927986494524
2075,mocreview_89,mocreview_89,2,2,6151.0,2768.375,32.22029629812604,6732882.095412587,6732882.095412587,12428696.2,24857392.4,38.5,135.65087333944052,56.937019642211276
2076,linh_nhi.3,linh_nhi.3,1,1,2202.0,995.2033898305084,35.45606692495303,6730086.894698879,6730086.894698879,1899974.12,1899974.12,12.0,135.55304131446076,254.21992456922933
2077,chulununbox,chulununbox,1,1,7738.0,1209.75,37.76791728396059,6726570.853076551,6726570.853076551,948893.86,948893.86,12.0,135.42997985767926,608.8854862098644
2078,phuong_phuong999,phuong_phuong999,1,1,43500.0,1882.0,41.26780799338612,6705152.486588933,6705152.486588933,2968166.89,2968166.89,13.0,115.7980110626323,125.90213876379883
2079,trinhchin1720,trinhchin1720,1,1,2140.0,16591.0,40.647006316906726,6675061.040988995,6675061.040988995,3841729.29,3841729.29,41.0,133.62713643461478,73.75146807881913
2080,shopcuakhanh93,shopcuakhanh93,1,1,1867.0,1976.5,36.47636887260127,6664511.944548295,6664511.944548295,5603040.87,5603040.87,60.0,133.25791805919033,18.944553487583157
2081,uchiha_satrantran,uchiha_satrantran,1,1,4031.0,20405.0,42.01391640867152,6660732.370911817,6660732.370911817,2492833.7,2492833.7,41.0,133.12563298191358,167.1952152649339
2082,chichicosmetic,chichicosmetic,1,1,26100.0,467.75,37.88733322470465,6659806.3769639395,6659806.3769639395,10577604.31,10577604.31,48.0,133.09322319373786,37.03861307547872
2083,huongtranreview,huongtranreview,1,1,1359.0,620.5,33.82976747989876,6658725.351528877,6658725.351528877,5059519.95,5059519.95,4.0,133.05538730351068,31.607848517898958
2084,tutuyogavadinhduong,tutuyogavadinhduong,1,1,14800.0,533.25,37.25089684326376,6654050.968213105,6654050.968213105,5145123.16,5145123.16,8.0,132.89178388745864,29.32734088746487
2085,taphoamegau25,taphoamegau25,1,1,1827.0,2119.3888888888887,36.57264798865258,6647671.289367674,6647671.289367674,7464793.79,7464793.79,13.0,132.66849512786857,10.946350610876367
2086,hgdp2420,hgdp2420,1,1,3435.0,1138.090909090909,36.394963714765545,6630826.52297671,6630826.52297671,8169900.07,8169900.07,13.0,132.07892830418484,18.83833992871947
2087,khanhptshop,khanhptshop,1,1,3917.0,670.3508771929825,35.61453759940735,6619739.37592682,6619739.37592682,487999244.8,487999244.8,32.0,131.69087815743868,98.64349393027446
2088,tietkiemdegiau,tietkiemdegiau,1,1,1060.0,0.0,21.47279297069944,6595017.006134174,6595017.006134174,9766994.57,9766994.57,60.0,130.8255952146961,32.47649562137339
2089,shopmilk0203,shopmilk0203,1,1,5352.0,1166.1666666666667,37.1279404115692,6592773.172449798,6592773.172449798,6023711.47,6023711.47,35.0,130.74706103574295,9.447027887771634
2090,nhasangtaonoidung1992,nhasangtaonoidung1992,1,1,8226.0,302.5,35.287494841770126,6584093.641260956,6584093.641260956,123894572.43,123894572.43,4.0,130.44327744413346,94.68572875136968
2091,hongnhung.224,hongnhung.224,2,2,174700.0,15013.5,38.98384947396958,6583420.865117662,6583420.865117662,5090945.045,10181890.09,9.5,-47.24219112098039,29.31622449902403
2092,helen.chanie._,helen.chanie._,1,1,13200.0,4150.0,40.88948830455445,6576969.080906561,6576969.080906561,18977622.1,18977622.1,49.0,130.19391783172958,65.3435554451969
2093,thomle6174,thomle6174,1,1,7070.0,2116.5,38.668341278821636,6559013.949911507,6559013.949911507,3769849.4,3769849.4,8.0,129.56548824690273,73.98610007899804
2094,dthinhshop,dthinhshop,1,1,10400.0,1489.15,38.61292035376555,6534782.169085226,6534782.169085226,4183336.71,4183336.71,13.0,128.7173759179829,56.20980624065582
2095,giadungnhathanh23,giadungnhathanh23,1,1,1656.0,871.8823529411765,34.76834281914047,6512482.064130192,6512482.064130192,3432657.22,3432657.22,13.0,127.93687224455672,89.7213047136175
2096,shop.mebo0312,shop.mebo0312,1,1,5556.0,0.0,24.04109657220815,6496664.486132671,6496664.486132671,14543309.77,14543309.77,59.0,127.3832570146435,55.328844748022775
2097,ngocthaopham52,ngocthaopham52,1,1,3249.0,1267.0166666666669,36.50821406083824,6496314.776743051,6496314.776743051,3134695.45,3134695.45,12.0,127.37101718600677,107.23910441580698
2098,xy.knh80,xy.knh80,1,1,12200.0,1360.970588235294,38.69308328573825,6495682.624107899,6495682.624107899,47498600.8,47498600.8,12.0,127.34889184377644,86.324475848333
2099,zybiii95,zybiii95,1,1,5505.0,6803.0,40.45292852824493,6475266.035707382,6475266.035707382,5059765.35,5059765.35,58.0,126.63431124975834,27.975619179798173
2100,yennhind_,yennhind_,1,1,48800.0,0.0,27.41105485345465,6474480.382796246,6474480.382796246,5407285.86,5407285.86,58.0,85.74328967038409,19.736232750162856
2101,trucphuong_1906,trucphuong_1906,1,1,6301.0,0.0,24.236232292613927,6473320.497064606,6473320.497064606,4182059.19,4182059.19,58.0,126.56621739726121,54.78787369971697
2102,_j.shop_,_j.shop_,1,1,14000.0,2943.0,40.34125370542858,6464738.352553522,6464738.352553522,1781469.66,1781469.66,37.0,126.26584233937324,262.8879288661881
2103,_duymom66,_duymom66,1,1,2014.0,807.6153846153846,34.92940026744912,6464410.651329368,6464410.651329368,1073282.1,1073282.1,12.0,126.25437279652785,502.3030339674321
2104,hoangnguyen09x3,hoangnguyen09x3,1,1,6994.0,4378.125,40.00399694658477,6462270.400565048,6462270.400565048,8548070.3,8548070.3,34.0,126.17946401977665,24.40082762813676
2105,review.nay.kia,review.nay.kia,1,1,5005.0,14965.0,41.77244409631079,6455216.29580306,6455216.29580306,2035180.96,2035180.96,40.0,125.93257035310705,217.18144099594267
2106,bch.thc.tp,bch.thc.tp,1,1,928.0,173.6,30.875483688562355,6454672.805209165,6454672.805209165,32846624.77,32846624.77,48.0,125.9135481823208,80.34905305976994
2107,ani_unbox,ani_unbox,1,1,415400.0,10218.0,47.91580078079782,6443958.583586219,6443958.583586219,3011722.5,3011722.5,4.0,-78.28227728208785,113.96256074675601
2108,thuongtone,thuongtone,1,1,1809.0,613.3333333333334,34.251536061300115,6416698.694765645,6416698.694765645,5137238.74,5137238.74,48.0,124.58445431679756,24.905596557220637
2109,chiphankim36,chiphankim36,1,1,49800.0,4768.75,43.20749790570114,6411570.579648089,6411570.579648089,3461859.22,3461859.22,13.0,80.24495605436394,85.20598823334267
2110,maitram385,maitram385,1,1,3020.0,0.0,23.095776322672762,6402619.497126627,6402619.497126627,28802797.32,28802797.32,58.0,124.09168239943193,77.77084140129405
2111,hethongnhathuocachau,hethongnhathuocachau,1,1,5103.0,579.7692307692307,35.754934314227896,6397229.542277624,6397229.542277624,16194842.95,16194842.95,38.0,123.90303397971681,60.49835393879122
2112,fuabcua201,fuabcua201,1,1,3659.0,1383.3333333333333,36.85584470797884,6378363.64126166,6378363.64126166,78716177.04,78716177.04,4.0,123.24272744415808,91.89701039721422
2113,ngocyen5541,ngocyen5541,1,1,2107.0,402.7647058823529,33.70675449049034,6371014.066022723,6371014.066022723,44786797.64,44786797.64,31.0,122.98549231079528,85.77479435517256
2114,huyenmyi0407,huyenmyi0407,1,1,5623.0,0.0,24.05968555504421,6363169.011896891,6363169.011896891,9401037.83,9401037.83,57.0,122.71091541639115,32.31418565734151
2115,ghantr29,ghantr29,1,1,2569.0,0.0,22.844999174435827,6361624.891100285,6361624.891100285,7390570.57,7390570.57,57.0,122.65687118850992,13.922411932259186
2116,shopvip999,shopvip999,1,1,2633.0,358.38775510204084,33.835565457751606,6333559.241184547,6333559.241184547,7479685.47,7479685.47,7.0,121.67457344145909,15.32318749782206
2117,thunganvlog,thunganvlog,1,1,1481.0,487.15384615384613,33.51351031846433,6331162.309103983,6331162.309103983,2884614.04,2884614.04,13.0,121.59068081863941,119.48039568939987
2118,xue_review,xue_review,2,2,1236.0,11845.0,36.71532998346082,6310904.6330559235,6310904.6330559235,6351880.71,12703761.42,49.5,120.88166215695733,28.89517048599969
2119,minhchanh36,minhchanh36,1,1,14600.0,1227.6666666666667,38.77989325067225,6271701.93336881,6271701.93336881,5530590.41,5530590.41,57.0,119.50956766790837,13.400224359930684
2120,1990loi67l1,1990loi67l1,1,1,2322.0,436.2,34.00547149948731,6231841.825271323,6231841.825271323,954661.77,954661.77,12.0,118.11446388449632,552.7800757404713
2121,tieu.an2k,tieu.an2k,1,1,679.0,7890.0,37.48476423158432,6224432.719130995,6224432.719130995,7565149.56,7565149.56,45.0,117.85514516958482,17.722278062523923
2122,mocnhien16,mocnhien16,1,1,1040.0,1323.1333333333334,34.82298363004354,6212611.164160624,6212611.164160624,11719171.39,11719171.39,9.0,117.44139074562183,46.9876243173484
2123,lehien.11,lehien.11,1,1,45600.0,4625.0,43.01388475413256,6197768.245572832,6197768.245572832,3897936.8,3897936.8,4.0,90.28235841670977,59.00125024019971
2124,hanggiagoc16,hanggiagoc16,1,1,3194.0,3035.0,38.10678429343161,6169689.340004373,6169689.340004373,5005856.85,5005856.85,50.0,115.93912690015304,23.249416131513506
2125,phamtoanthu,phamtoanthu,1,1,4504.0,1390.3939393939395,37.18750551682754,6158289.796633756,6158289.796633756,3756951.21,3756951.21,28.0,115.54014288218141,63.917215114266966
2126,user3618784778887,user3618784778887,1,1,35700.0,2592.875,41.557449450517566,6155696.6979555385,6155696.6979555385,4149998.82,4149998.82,12.0,115.44938442844386,48.33008309037396
2127,lientocbac69,lientocbac69,1,1,2583.0,578.7241379310345,34.69580283702915,6150175.542998718,6150175.542998718,6847975.86,6847975.86,7.0,115.25614400495515,10.189876998212464
2128,chuyennhatui0912,chuyennhatui0912,2,2,60200.0,5437.0,43.745704851772246,6110048.990897471,6110048.990897471,9022710.125,18045420.25,37.5,42.094162579010955,29.227574878647356
2129,ly.xinh.ne,ly.xinh.ne,1,1,47900.0,4856.5,43.1810948618574,6106594.082507277,6106594.082507277,2123714.43,2123714.43,7.0,78.48082913382439,187.5430894212682
2130,mecasansale38,mecasansale38,2,2,677.0,619.0220735785953,32.68779074536013,6080961.840539944,6080961.840539944,12052476.135,24104952.27,38.5,112.83366441889805,44.46758018439368
2131,phanbinhan83,phanbinhan83,1,1,301800.0,10966.0,47.551759604306895,6067615.480251408,6067615.480251408,21619099.6,21619099.6,7.0,-71.85334104588479,71.93400468791305
2132,caisapnho0,caisapnho0,1,1,6412.0,754.0701754385965,36.597545147133886,6065305.650727944,6065305.650727944,7211663.75,7211663.75,12.0,112.28569777547806,15.895889478652627
2133,hien.huynh5086,hien.huynh5086,1,1,2184.0,518.0,34.22971034449307,6055318.771529252,6055318.771529252,3766898.31,3766898.31,12.0,111.93615700352377,60.75078946129692
2134,tolathao03,tolathao03,1,1,5484.0,9338.0,41.03644177250824,6053816.363690375,6053816.363690375,9314268.33,9314268.33,4.0,111.88357272916309,35.00491773259473
2135,giahan.562013,giahan.562013,1,1,1812.0,987.0,35.138474149126594,6026988.918412603,6026988.918412603,4501479.93,4501479.93,29.0,110.94461214444111,33.88905453617348
2136,cobeo,cobeo,1,1,383.0,9470.0,36.938117319036685,6008854.304434297,6008854.304434297,6645079.16,6645079.16,35.0,110.3099006552004,9.574375868920477
2137,thuyne240801,thuyne240801,1,1,483.0,490.0,31.78860636487884,5978022.616693391,5978022.616693391,22057109.16,22057109.16,40.0,109.23079158426867,72.89752445196045
2138,netchuyenmyphamcaocap,netchuyenmyphamcaocap,4,4,1414.0,286.775,27.832213478921958,5965974.639656686,3324550.3264104407,4447193.96,17788775.84,46.0,108.80911238798402,43.813761595268815
2139,tuiminhthichne,tuiminhthichne,1,1,6612.0,2038.1666666666667,38.49431574640739,5962620.575920354,5962620.575920354,5151057.42,5151057.42,35.0,108.69172015721237,15.755272942004087
2140,mincutene.2345,mincutene.2345,2,2,122900.0,17251.5,45.54684861313603,5943041.730374517,5943041.730374517,11667440.785,23334881.57,10.5,-32.30058240419591,63.20555180869162
2141,tuilaconngua,tuilaconngua,1,1,20300.0,12645.0,43.630456619923116,5934005.920035872,5934005.920035872,1850862.14,1850862.14,37.0,107.69020720125549,220.6076666539774
2142,taphoadoxinh5.0,taphoadoxinh5.0,1,1,1024.0,3629.222222222222,36.67610835727287,5927559.255473122,5927559.255473122,3646976.91,3646976.91,36.0,107.46457394155927,62.53350108194466
2143,jkiiiiiil,jkiiiiiil,1,1,2073.0,761.875,34.86578370085392,5927276.042592094,5927276.042592094,2095279.42,2095279.42,45.0,107.4546614907233,182.88714078011105
2144,mai_ndthebeauty,mai_ndthebeauty,2,2,3527.0,8264.0,40.09663105657587,5924144.918754709,5924144.918754709,3475378.365,6950756.73,26.0,107.3450721564148,68.07628997846142
2145,liu.ctl,liu.ctl,1,1,1462.0,958.6909090909091,34.751673599949605,5909224.434537139,5909224.434537139,976817.81,976817.81,11.0,106.82285520879984,504.9464264515343
2146,.__.shin,.__.shin,2,2,164000.0,15634.5,38.923535151792606,5903586.661090421,5903586.661090421,3138285.38,6276570.76,34.5,-49.60352850288666,107.33544691992661
2147,hang_cm99,hang_cm99,1,1,5114.0,145.25,33.1915261260365,5902178.526305291,5902178.526305291,9765419.01,9765419.01,3.0,106.57624842068516,39.56041701578465
2148,coutdanhda,coutdanhda,1,1,190500.0,69343.0,50.27062330429261,5898967.945516274,5898967.945516274,2581757.78,2581757.78,42.0,-56.648004599880394,128.48649827701013
2149,tinatruong20.05,tinatruong20.05,2,2,1977.0,5043.777777777777,38.308226265432175,5898778.926591026,5898778.926591026,16532323.899999999,33064647.799999997,27.0,106.45726243068589,64.4257057668825
2150,baoha.1012,baoha.1012,1,1,6670.0,3863.5,39.69774832445647,5895030.13211693,5895030.13211693,16113528.0,16113528.0,44.0,106.32605462409252,63.41564595837157
2151,hin.hin.1999,hin.hin.1999,1,1,1299.0,0.0,21.787892855906986,5889595.287110957,5889595.287110957,8195575.62,8195575.62,53.0,106.13583504888351,28.136892877440655
2152,trinhhuyen068,trinhhuyen068,2,2,1618.0,7057.5,34.96972302379588,5880339.380532423,5880339.380532423,6999040.95,13998081.9,53.0,105.81187831863477,15.983760803465048
2153,tuenhishop6,tuenhishop6,1,1,3628.0,2044.2,37.569059032137076,5879274.657483396,5879274.657483396,4048672.0,4048672.0,35.0,105.77461301191885,45.21489163566216
2154,dieuquan8,dieuquan8,1,1,22600.0,2030.0,40.39302206573118,5874980.1051814305,5874980.1051814305,6813705.97,6813705.97,7.0,105.62430368135006,13.777023384215232
2155,bexiuchuyenreview,bexiuchuyenreview,1,1,1150.0,142.3040293040293,30.84018584747652,5867636.018413802,5867636.018413802,22305657.39,22305657.39,8.0,105.36726064448305,73.69440444716791
2156,hp92_p2,hp92_p2,1,1,2681.0,0.0,22.911162210397787,5865019.958422699,5865019.958422699,1800080.05,1800080.05,3.0,105.27569854479447,225.81995219727585
2157,cherry.ling26,cherry.ling26,1,1,139500.0,365.8333333333333,40.03073745385803,5863372.424099234,5863372.424099234,3160546.96,3160546.96,4.0,-41.15611904129801,85.51764926470936
2158,ngc.th4786,ngc.th4786,3,3,4382.0,175.0,33.29661892637626,5856457.999649015,5086234.02563238,6545717.706666667,19637153.12,38.0,104.9760299877155,91.9827456119434
2159,30ngaycogang,30ngaycogang,1,1,16500.0,51.371367061356295,33.09674851655956,5838278.79193809,5838278.79193809,30042487.25,30042487.25,30.0,104.33975771783312,80.5665930941251
2160,anhtayoiii,anhtayoiii,1,1,791600.0,0.0,31.73276058654939,5832260.166131464,5832260.166131464,1228065.84,1228065.84,16.0,-89.68523972639711,374.91429011098165
2161,wuankhongheluatinaoluon,wuankhongheluatinaoluon,1,1,9477.0,1139.2,37.97057345571444,5831727.705672066,5831727.705672066,4158443.76,4158443.76,7.0,104.1104696985223,40.23822473607449
2162,beary.store,beary.store,1,1,2146.0,9571.0,39.62750674543737,5812441.2293318,5812441.2293318,10712364.12,10712364.12,34.0,103.43544302661299,45.74081720691361
2163,taphoaanyenn,taphoaanyenn,1,1,8132.0,704.0277777777778,36.83844595537498,5805468.913771813,5805468.913771813,4426099.28,4426099.28,12.0,103.19141198201342,31.164453088630502
2164,luongdo2908,luongdo2908,1,1,15900.0,3353.0,40.781309720914884,5797724.004022214,5797724.004022214,50237559.05,50237559.05,10.0,102.92034014077744,88.45938354956317
2165,only.ctha_,only.ctha_,1,1,202600.0,9329.0,46.63273629038398,5758511.23082264,5758511.23082264,2732874.67,2732874.67,35.0,-60.20772101109726,110.71259849697535
2166,ponry2k1,ponry2k1,1,1,771400.0,11664.0,49.12217317551134,5719872.119973387,5719872.119973387,3005471.15,3005471.15,28.0,-89.61910686030238,90.31532277304963
2167,hai.anh93,hai.anh93,1,1,44700.0,2535.75,41.86470376467684,5676461.932061343,5676461.932061343,10025928.55,10025928.55,30.0,77.78627975136197,43.382182470656616
2168,linhchibrows,linhchibrows,1,1,5417.0,0.0,24.001805872136813,5659609.793663774,5659609.793663774,5303181.91,5303181.91,51.0,98.08634277823207,6.721019375022222
2169,saahkkuras,saahkkuras,1,1,2549.0,3543.0,38.04499734070574,5642260.834638835,5642260.834638835,940885.31,940885.31,41.0,97.4791292123592,499.6757282392723
2170,nganxumii,nganxumii,1,1,19300.0,16240.0,44.01779192529608,5639479.535018291,5639479.535018291,3265455.51,3265455.51,35.0,97.38178372564018,72.70115969267307
2171,chanchanshop6868,chanchanshop6868,1,1,9056.0,3570.75,40.02538659818195,5633099.659029817,5633099.659029817,12768688.6,12768688.6,4.0,97.15848806604359,55.883490971580144
2172,kimdunng1,kimdunng1,1,1,4740.0,0.0,23.79477356849917,5594247.212525285,5594247.212525285,1397448.83,1397448.83,3.0,95.79865243838495,300.31857284715636
2173,hongnhien1121,hongnhien1121,1,1,2316.0,469.2307692307692,34.13702111379998,5580120.542532962,5580120.542532962,3684018.19,3684018.19,27.0,95.30421898865364,51.46832221620931
2174,tonylee997,tonylee997,1,1,6893.0,0.0,24.37549257829974,5578716.692513196,5578716.692513196,13555789.7,13555789.7,50.0,95.25508423796184,58.84624344302718
2175,chenjiaoen_,chenjiaoen_,1,1,2601.0,6130.0,39.09646960306175,5578711.294068844,5578711.294068844,2343347.76,2343347.76,34.0,95.25489529240954,138.06587265002634
2176,menmen120401,menmen120401,1,1,12700.0,5282.333333333333,41.27855051326757,5550798.886099287,5550798.886099287,27341834.35,27341834.35,40.0,94.27796101347504,79.69851321954452
2177,bumriviu,bumriviu,1,1,1279.0,2124.0,36.023954691171475,5546629.714647436,5546629.714647436,6595530.23,6595530.23,34.0,94.13204001266023,15.903202301789236
2178,bactuday,bactuday,1,1,2653.0,0.0,22.8948841569732,5539341.200847776,5539341.200847776,175739397.94,175739397.94,3.0,93.87694202967214,96.84797986918164
2179,haliyux,haliyux,1,1,1331.0,3008.0,36.73313382681055,5531906.473763419,5531906.473763419,11589750.14,11589750.14,33.0,93.61672658171966,52.268975543562334
2180,natran.lamdep,natran.lamdep,1,1,4777.0,10955.0,41.11962566955938,5529359.9207239505,5529359.9207239505,3490017.42,3490017.42,4.0,93.52759722533824,58.43359087657364
2181,phuonglien.shop,phuonglien.shop,1,1,25000.0,788.1428571428571,38.790038406378784,5517376.163847293,5517376.163847293,2489598.66,2489598.66,40.0,93.10816573465523,121.61709244522538
2182,anhden_daily,anhden_daily,1,1,22500.0,7202.0,42.742444744059924,5510041.598188073,5510041.598188073,2750874.96,2750874.96,4.0,92.85145593658255,100.30141966860148
2183,linhlee23080,linhlee23080,1,1,1456.0,21.0,27.71797644929338,5477981.687532418,5477981.687532418,1824708.05,1824708.05,3.0,91.72935906363463,200.21140573871082
2184,manhthangshop2,manhthangshop2,1,1,31500.0,0.0,26.7321106409118,5462127.309699238,5462127.309699238,999074.0,999074.0,10.0,91.17445583947334,446.71899275721705
2185,ttrangpham_2610,ttrangpham_2610,1,1,1402.0,3749.0,37.223435045837356,5458572.367156169,5458572.367156169,5180569.11,5180569.11,44.0,91.05003285046593,5.366268671516073
2186,tuanvy1999,tuanvy1999,2,2,3284.0,3481.75,37.47156897338927,5444204.552210627,5444204.552210627,4531823.965,9063647.93,48.5,90.54715932737194,103.29594415843934
2187,phamminhphungg,phamminhphungg,1,1,363800.0,45551.0,50.491926520517914,5442248.95358301,5442248.95358301,15310365.8,15310365.8,39.0,-79.05676598401261,64.45382804907895
2188,thanh.hoi10.02,thanh.hoi10.02,1,1,2361.0,4121.0,38.20741463226007,5433072.651497529,5433072.651497529,3047871.09,3047871.09,41.0,90.1575428024135,78.2579541937756
2189,a.hoa.mobile,a.hoa.mobile,1,1,25200.0,9199.8,43.37383961687724,5418784.810982017,5418784.810982017,12249083.58,12249083.58,10.0,89.65746838437057,55.7617124939071
2190,huongshopst,huongshopst,1,1,1928.0,497.3076923076923,33.96069986959092,5411976.546410346,5411976.546410346,5829273.9,5829273.9,26.0,89.41917912436212,7.15865064411631
2191,_trenganhday,_trenganhday,1,1,4494.0,3339.0,38.81390026433228,5405278.694884502,5405278.694884502,629094.62,629094.62,15.0,89.18475432095757,759.2155334096645
2192,duvythai,duvythai,1,1,3111.0,521.8,34.7918175277316,5391157.983551274,5391157.983551274,65324202.61,65324202.61,10.0,88.69052942429457,91.74707418054885
2193,baovivu2770,baovivu2770,1,1,148400.0,105620.0,50.66644198076943,5383002.194308683,5383002.194308683,9059435.66,9059435.66,39.0,-49.21696043105016,40.581263598171155
2194,thuyhienaff,thuyhienaff,1,1,2665.0,3219.0,37.93554932288787,5365480.970870005,5365480.970870005,2597923.49,2597923.49,4.0,87.79183398045015,106.52959917884282
2195,a.ninhh_,a.ninhh_,1,1,1400000.0,0.0,32.617124908654596,5307772.806772656,5307772.806772656,1058620.75,1058620.75,15.0,-94.69222719322735,401.3856762936732
2196,dailybeauty19,dailybeauty19,1,1,1155.0,280.0,32.10025731215469,5267589.49325666,5267589.49325666,1699050.97,1699050.97,3.0,84.36563226398309,210.03128136036207
2197,tentenmakeup,tentenmakeup,1,1,25500.0,10557.0,43.64829217794935,5259271.272675713,5259271.272675713,4693604.99,4693604.99,32.0,84.07449454364993,12.051851058640374
2198,kieuoanhaff9,kieuoanhaff9,1,1,1633.0,1133.96,35.235340510911946,5239665.702023728,5239665.702023728,5024009.99,5024009.99,10.0,83.38829957083047,4.29250165610693
2199,lan_huong_85,lan_huong_85,1,1,1496.0,163.5,31.504598262691847,5212576.265296547,5212576.265296547,6597013.13,6597013.13,3.0,82.44016928537911,20.9858133889064
2200,chanreview18,chanreview18,1,1,2398.0,341.88235294117646,33.60311084114007,5160673.562173609,5160673.562173609,35262798.72,35262798.72,7.0,80.6235746760763,85.36510501293073
2201,daiduongfamily,daiduongfamily,1,1,4099.0,10519.0,40.8066762814611,5136939.891105764,5136939.891105764,1116682.03,1116682.03,37.0,79.79289618870172,360.01813883454037
2202,hangtrinh.luna,hangtrinh.luna,1,1,1300000.0,0.0,32.5021796968353,5129635.8689846555,5129635.8689846555,1276159.52,1276159.52,14.0,-94.47577675647807,301.95882948744963
2203,user7688369448673,user7688369448673,1,1,3341.0,393.4230769230769,34.37795661111997,5121603.697772472,5121603.697772472,13727855.43,13727855.43,14.0,79.25612942203651,62.691887863416454
2204,hamypinky2002,hamypinky2002,1,1,180500.0,0.0,29.439808022689302,5100666.850310683,5100666.850310683,45351864.57,45351864.57,3.0,-60.43804105022185,88.75312647302985
2205,sshinnosukee,sshinnosukee,1,1,22400.0,1506.3333333333333,39.82423280717972,5071385.475414155,5071385.475414155,3024789.9,3024789.9,10.0,77.4984916394954,67.66075142654223
2206,phuonganh15014,phuonganh15014,1,1,27700.0,3782.0,41.86630596179013,5030692.014334774,5030692.014334774,3393905.4,3393905.4,6.0,76.07422050171706,48.22723150547372
2207,samcosmetic260821,samcosmetic260821,2,2,4070.0,780.9285714285714,30.402568942682812,5000888.859821074,5000888.859821074,8086851.195,16173702.39,7.0,75.03111009373757,38.160263487402304
2208,nguyentrinhmytue,nguyentrinhmytue,1,1,967.0,50.06666666666667,28.651096447947193,4932496.1703938,4932496.1703938,5997749.72,5997749.72,3.0,72.637365963783,17.76088698823197
2209,hamimhman86,hamimhman86,1,1,4467.0,369.5,34.71187730042088,4897266.492474886,4897266.492474886,6296640.47,6296640.47,44.0,71.40432723662099,22.22413657238896
2210,namtrh,namtrh,1,1,1300000.0,0.0,32.5021796968353,4876960.652352374,4876960.652352374,1280768.46,1280768.46,13.0,-94.74788852823592,280.7839437545467
2211,thu_thao145,thu_thao145,1,1,1599.0,7351.0,38.680261423970215,4873420.365757883,4873420.365757883,2266374.1,2266374.1,30.0,70.56971280152588,115.03159455263288
2212,lanngoc_hn01,lanngoc_hn01,1,1,4858.0,2150.5555555555557,38.116130698144666,4862050.190872708,4862050.190872708,3602051.73,3602051.73,3.0,70.17175668054479,34.98002125784874
2213,tiepthanthien22,tiepthanthien22,2,2,100500.0,1161.5364583333333,40.87745369376553,4849062.605441382,4849062.605441382,4601111.165,9202222.33,10.0,-32.450869177931,3.676001967347199
2214,59.23,59.23,1,1,1800000.0,0.0,33.006926336555765,4838251.635890973,4838251.635890973,5308892.21,5308892.21,5.0,-96.23691539430703,8.86513712262821
2215,mayqueenslimbot,mayqueenslimbot,1,1,11200.0,694.7142857142857,37.31014472519602,4824900.583590325,4824900.583590325,15494218.59,15494218.59,26.0,68.87152042566137,68.85999409673795
2216,thuytrangbds.2000,thuytrangbds.2000,1,1,1771.0,0.0,22.268322728798427,4779259.798291246,4779259.798291246,164632007.4,164632007.4,3.0,67.27409294019363,97.09700448061764
2217,62kimngan,62kimngan,1,1,52300.0,5901.0,43.679913029325675,4734256.783477099,4734256.783477099,36821026.1,36821026.1,5.0,26.729627091165163,87.142518053083
2218,n230601d,n230601d,1,1,2218.0,531.6666666666666,34.3020376862493,4726488.958208008,4726488.958208008,5397652.66,5397652.66,9.0,65.42711353728026,12.434362565893457
2219,hello_nhung_day,hello_nhung_day,1,1,7302.0,3882.0,39.847031375971035,4716217.400613316,4716217.400613316,3658131.15,3658131.15,35.0,65.06760902146607,28.92422953762378
2220,sontran649,sontran649,1,1,261400.0,0.0,30.0141924204115,4712844.841201592,4712844.841201592,24326123.78,24326123.78,5.0,-74.75905593847655,80.62640442092828
2221,tu_tram_phu_quoc,tu_tram_phu_quoc,1,1,159800.0,0.0,29.250879025320494,4709649.683913608,4709649.683913608,23691382.85,23691382.85,9.0,-58.738989002008445,80.1208324827117
2222,khanh_ly_91,khanh_ly_91,1,1,15900.0,940.2222222222222,38.416148795725064,4705357.432415441,4705357.432415441,12593444.51,12593444.51,31.0,64.6875101345404,62.63645400049934
2223,linenhuyennghiatan,linenhuyennghiatan,1,1,15400.0,1887.75,39.66294610704551,4702291.435009028,4702291.435009028,5515569.63,5515569.63,34.0,64.58020022531596,14.74513512742966
2224,lethikimchunng,lethikimchunng,1,1,7606.0,1322.75,37.90731144049461,4672726.94979163,4672726.94979163,16791732.14,16791732.14,25.0,63.54544324270704,72.17245421238819
2225,meva_2be,meva_2be,1,1,98.0,1607.0,31.53516099395303,4648698.05219602,4648698.05219602,2241048.47,2241048.47,3.0,62.7044318268607,107.43407000902661
2226,hanhsiauth,hanhsiauth,1,1,3707.0,288.25,33.96190854578462,4648521.11639134,4648521.11639134,13524865.17,13524865.17,5.0,62.6982390736969,65.62981546978823
2227,cuong_h_k,cuong_h_k,1,1,3417.0,0.0,23.28728108259691,4648056.17786978,4648056.17786978,1380175.72,1380175.72,9.0,62.68196622544229,236.77278266203524
2228,anhaiden2105,anhaiden2105,1,1,689400.0,6316.5,47.806402899607995,4635600.221921351,4635600.221921351,29185187.8,29185187.8,27.0,-90.58624846143039,84.11659964743707
2229,theanh28trending,theanh28trending,1,1,8600000.0,0.0,35.43273259066617,4618998.128319002,4618998.128319002,2217268.6,2217268.6,13.0,-98.38335065508835,108.31928654557241
2230,tuyetoanh.shop,tuyetoanh.shop,1,1,5177.0,0.0,23.931531034721758,4613465.4304565,4613465.4304565,74367298.34,74367298.34,3.0,61.47129006597747,93.79637887426784
2231,99bachbao,99bachbao,1,1,5879.0,16272.0,42.177875311890006,4598454.605402521,4598454.605402521,10047228.34,10047228.34,22.0,60.94591118908822,54.23161045225612
2232,taphoaso2,taphoaso2,1,1,1421.0,6372.0,38.23135327625532,4586115.694676813,4586115.694676813,3137907.13,3137907.13,28.0,60.514049313688446,46.1520530939618
2233,phamthuy191078,phamthuy191078,1,1,1626.0,157.33333333333334,31.562646461391918,4564373.455418089,4564373.455418089,1902141.28,1902141.28,3.0,59.75307093963311,139.9597497520315
2234,fc.quanglinhvlogs,fc.quanglinhvlogs,2,2,180000.0,0.0,29.43550554251993,4547611.642252307,4547611.642252307,3067175.11,6134350.22,27.5,-64.62968722692649,643.6866402022805
2235,kieuquanh95,kieuquanh95,2,2,3238.0,1400.735294117647,34.33524092319762,4545442.948618868,4545442.948618868,34411454.22,68822908.44,12.5,59.090503201660376,86.79090426100234
2236,macthudii,macthudii,1,1,1364.0,0.0,21.8635689235444,4539476.248861513,4539476.248861513,6181023.08,6181023.08,41.0,58.881668710152944,26.557849888152933
2237,tiemnhabapthui,tiemnhabapthui,1,1,1285.0,0.0,21.771098628444634,4539476.248861513,4539476.248861513,23969531.99,23969531.99,41.0,58.881668710152944,81.06147316203185
2238,didaudaryan,didaudaryan,1,1,54000.0,0.0,27.56810156980277,4535995.226330682,4535995.226330682,5971151.44,5971151.44,34.0,17.59987623820285,24.034831943055167
2239,ngacuibap,ngacuibap,1,1,1914.0,2244.0,36.75105362166178,4520117.131811287,4520117.131811287,3317734.66,3317734.66,9.0,58.20409961339506,36.24106792829801
2240,dau_3689,dau_3689,2,2,260600.0,1672.357142857143,40.58702002737872,4491125.658682502,4491125.658682502,6402918.800000001,12805837.600000001,10.0,-75.87269408228893,192.10848549526185
2241,itsabt13,itsabt13,1,1,4003.0,5139.75,39.4371159518656,4488170.574850636,4488170.574850636,11515925.03,11515925.03,6.0,57.08597011977224,61.02639984926477
2242,yannsama09,yannsama09,1,1,1779.0,2184.375,36.58756353085406,4454886.535943904,4454886.535943904,6218333.21,6218333.21,27.0,55.92102875803663,28.35883209378701
2243,enen.riviu_02,enen.riviu_02,1,1,1025.0,361.3137254901961,32.38827047756614,4430568.5135332,4430568.5135332,7832782.13,7832782.13,26.0,55.06989797366199,43.43557065676739
2244,hphuoc.2003,hphuoc.2003,1,1,2300000.0,8110.0,50.140299659343825,4413177.920523826,4413177.920523826,112855340.32,112855340.32,28.0,-97.31371778750724,96.08952672686085
2245,legamama,legamama,1,1,229100.0,2839.6666666666665,44.60999258112398,4412846.322354552,4412846.322354552,17685093.51,17685093.51,8.0,-73.03367590005948,75.04765061118101
2246,thuanhtichcuc,thuanhtichcuc,1,1,47900.0,4058.6666666666665,42.847141577415734,4411291.057340522,4411291.057340522,12473404.09,12473404.09,12.0,28.931262636257426,64.63442516965293
2247,daobui738,daobui738,1,1,1804.0,292.2692307692308,32.870941551404194,4398500.276684896,4398500.276684896,22963578.01,22963578.01,8.0,53.94750968397136,80.84575376376682
2248,quincyshopne,quincyshopne,1,1,3175.0,0.0,23.17338263819763,4388751.584271888,4388751.584271888,1824708.05,1824708.05,3.0,53.606305449516064,140.51801515710355
2249,tuyentiktok28,tuyentiktok28,1,1,1711.0,160.21186440677965,31.67516711154606,4381253.996328789,4381253.996328789,16252157.41,16252157.41,12.0,53.3438898715076,73.0420159871637
2250,shophuyen0835836,shophuyen0835836,1,1,13000.0,765.1111111111111,37.72069104016397,4376665.431677423,4376665.431677423,16697799.19,16697799.19,29.0,53.183290108709805,73.78896834321421
2251,hoale____,hoale____,1,1,2578.0,0.0,22.850421384425914,4373879.810198607,4373879.810198607,7001385.22,7001385.22,8.0,53.08579335695123,37.528365134026906
2252,tienreviewmenswear,tienreviewmenswear,1,1,2487.0,2660.1014492753625,37.47353826395821,4369611.670660646,4369611.670660646,831918.63,831918.63,8.0,52.93640847312259,425.2450796372532
2253,phukiencamle2,phukiencamle2,1,1,72700.0,3005.0,42.93497773828282,4358294.741684248,4358294.741684248,2659173.5,2659173.5,3.0,-16.071352979945715,63.89659199312297
2254,emchan_day,emchan_day,1,1,1050.0,6000.0,37.65049174263758,4357985.966158724,4357985.966158724,910984.11,910984.11,32.0,52.529508815555346,378.38221526813726
2255,minhlamuaheee,minhlamuaheee,1,1,5078.0,399.5,35.05559950582735,4319659.104281483,4319659.104281483,4867469.4,4867469.4,35.0,51.1880686498519,11.254519560380125
2256,60giay.com,60giay.com,1,1,12000000.0,0.0,35.666666666666664,4313439.86306858,4313439.86306858,4064950.3,4064950.3,12.0,-98.490296047926,6.112979119783578
2257,theanh28entertainment,theanh28entertainment,1,1,14100000.0,0.0,35.666666666666664,4313439.86306858,4313439.86306858,5543087.31,5543087.31,12.0,-98.490296047926,22.183439988633697
2258,tiemnhabi1619,tiemnhabi1619,1,1,4557.0,6849.0,40.17239150730443,4301115.899309811,4301115.899309811,11138057.41,11138057.41,12.0,50.53905647584337,61.38360810164103
2259,hangdumucfc1,hangdumucfc1,1,1,357800.0,0.0,30.501100650826995,4297383.496533799,4297383.496533799,319039.88,319039.88,12.0,-83.18519593307066,1246.9737690892434
2260,mecun023,mecun023,1,1,202.0,2400.4,33.39542883090446,4296103.340213976,4296103.340213976,4843360.15,4843360.15,25.0,50.36361690748914,11.299114516314143
2261,duongminhthi97,duongminhthi97,1,1,1456.0,1561.0,35.651940751722606,4285649.346542602,4285649.346542602,3367669.99,3367669.99,32.0,49.997727128991066,27.25859004203087
2262,ngocsmellie,ngocsmellie,1,1,1385.0,575.3333333333334,33.71870836843596,4284592.9083523145,4284592.9083523145,3662772.78,3662772.78,5.0,49.960751792330996,16.976759567169076
2263,nguyenvo7997,nguyenvo7997,1,1,15800.0,0.0,25.6619686203368,4277029.540138548,4277029.540138548,22906140.94,22906140.94,39.0,49.69603390484918,81.3280222480874
2264,doanbichngoc2002,doanbichngoc2002,2,2,136300.0,8198.0,38.0358010687806,4275243.659433586,4275243.659433586,4429952.005,8859904.01,34.5,-56.08700569914146,3.496638340181108
2265,duyenduong1499,duyenduong1499,1,1,59600.0,2999.5,42.62340183919266,4256568.356232846,4256568.356232846,14006954.8,14006954.8,7.0,-0.013494987819053157,69.61103668134314
2266,_nttnhi06_,_nttnhi06_,1,1,1033.0,1848.0,35.433969484965665,4252271.429337915,4252271.429337915,10210403.5,10210403.5,24.0,48.82950002682703,58.35354176416324
2267,bittngoc_23,bittngoc_23,1,1,12100.0,675.8333333333334,37.37880702903546,4209697.56321631,4209697.56321631,2276309.29,2276309.29,24.0,47.33941471257084,84.93521867655822
2268,hientung63,hientung63,1,1,24800.0,996.5,39.21368319519071,4205137.187800372,4205137.187800372,6634805.17,6634805.17,5.0,47.179801573013,36.620035101944495
2269,kusoc0707,kusoc0707,1,1,19500.0,0.0,25.988298294120117,4198336.0869307555,4198336.0869307555,10458098.05,10458098.05,38.0,46.941763042576426,59.85564423991268
2270,nguyenhongnhung16082001,nguyenhongnhung16082001,1,1,25400.0,2407.0,40.89109002769903,4182150.338231118,4182150.338231118,897937.2,897937.2,12.0,46.375261838089116,365.7508719129933
2271,thaolelmt,thaolelmt,1,1,29600.0,1158.0,39.76740400782787,4159940.5653946246,4159940.5653946246,7973910.85,7973910.85,5.0,45.59791978881185,47.830611055870726
2272,giadinhnhomkinh9195,giadinhnhomkinh9195,1,1,1010.0,110.0,30.163590581900113,4119030.477467694,4119030.477467694,3318226.18,3318226.18,2.0,44.166066711369275,24.13350549442334
2273,thuymakeup304900,thuymakeup304900,1,1,3003.0,3442.8571428571427,38.245788216189105,4116745.0842287582,4116745.0842287582,5256154.52,5256154.52,3.0,44.086077948006526,21.67762441982473
2274,cattuong16_08,cattuong16_08,1,1,14000.0,708.1666666666666,37.6918701863152,4093299.791847953,4093299.791847953,861935.6,861935.6,8.0,43.26549271467835,374.89624420292574
2275,oitramday,oitramday,1,1,157300.0,38152.0,48.86154469612842,4071978.575986811,4071978.575986811,1771475.04,1771475.04,29.0,-63.75861407259037,129.86372847719102
2276,ohnanadaily,ohnanadaily,1,1,62300.0,1231.0,41.03533743188274,4064988.9464391237,4064988.9464391237,1298011.92,1298011.92,30.0,-8.651933787884863,213.17038648143725
2277,hoaisansale,hoaisansale,1,1,1703.0,0.0,22.20762941803087,4062893.543033036,4062893.543033036,1824708.05,1824708.05,2.0,42.201274006156254,122.65992321528014
2278,than84m,than84m,1,1,1281.0,85.66666666666667,30.071347035862395,4061737.3754931535,4061737.3754931535,1501289.3,1501289.3,2.0,42.16080814226037,170.54994500348155
2279,lehoanguyen1987,lehoanguyen1987,1,1,10000.0,369.0,35.95911471030872,4042503.118996573,4042503.118996573,9594694.77,9594694.77,5.0,41.48760916488005,57.86730880031347
2280,nguyenvanhai181,nguyenvanhai181,1,1,5301.0,189.13333333333333,33.735629516206515,4042128.647210493,4042128.647210493,1307003.53,1307003.53,7.0,41.47450265236725,209.2668500451941
2281,mebebull97,mebebull97,1,1,2381.0,725.5555555555555,34.9897534823858,4025461.1135459817,4025461.1135459817,2830030.29,2830030.29,3.0,40.89113897410937,42.24091974457212
2282,thoihgtxrbf,thoihgtxrbf,1,1,4687.0,461.25,35.19823761020876,4020655.5966408444,4020655.5966408444,190114.07,190114.07,19.0,40.722945882429556,2014.8648264911926
2283,.06062000,.06062000,1,1,1636.0,0.0,22.145411879064238,4015785.1427315604,4015785.1427315604,3915422.09,3915422.09,2.0,40.55247999560461,2.5632754381165723
2284,huonghihi.ne,huonghihi.ne,1,1,1975.0,2610.0,37.08079216864205,4011410.917547813,4011410.917547813,3590154.09,3590154.09,25.0,40.39938211417345,11.733669836656324
2285,chichicosmetics2,chichicosmetics2,1,1,6765.0,254.5,34.66381322784355,3997434.203173204,3997434.203173204,5410442.15,5410442.15,29.0,39.910197111062125,26.116311895633082
2286,mecaphe16,mecaphe16,2,2,1304.0,2375.25,36.254180603509376,3979060.6205127365,3979060.6205127365,15474720.7,30949441.4,12.0,39.267121717945756,80.93950468392282
2287,_.trinhthor0_0,_.trinhthor0_0,1,1,1257.0,774.5,34.120876534326186,3968795.823195632,3968795.823195632,3426013.33,3426013.33,30.0,38.90785381184712,15.842976687882063
2288,tuonghan19,tuonghan19,1,1,1101.0,506.6666666666667,33.12693785894501,3909516.6536323545,3909516.6536323545,37783676.21,37783676.21,28.0,36.83308287713239,89.65289499120351
2289,lacmatniemtin87,lacmatniemtin87,1,1,3138.0,622.9285714285714,35.13435638653869,3899265.2089815666,3899265.2089815666,5222003.91,5222003.91,7.0,36.47428231435483,25.330097866940005
2290,dnhnhungg,dnhnhungg,1,1,1239.0,343.0,32.585565874420396,3895688.089995511,3895688.089995511,691318.14,691318.14,22.0,36.34908314984287,463.5159653116451
2291,yeuyeuriviu,yeuyeuriviu,2,2,2021.0,1338.5,35.76144553365091,3892343.3151447247,3892343.3151447247,3570182.34,7140364.68,29.0,36.23201603006536,57.80237652658946
2292,loanvo160485,loanvo160485,1,1,6506.0,526.75,35.95343328517337,3889273.2388893403,3889273.2388893403,838189.35,838189.35,19.0,36.1245633611269,364.00890668550494
2293,hng.vu40,hng.vu40,1,1,2139.0,0.0,22.561001497690295,3873354.1887693885,3873354.1887693885,75143711.41,75143711.41,2.0,35.5673966069286,94.84540473701712
2294,aingoc2102,aingoc2102,1,1,43500.0,355.85714285714283,38.17199690119544,3870605.941450275,3870605.941450275,479791.29,479791.29,19.0,24.571225701847915,706.7270127913899
2295,l.t.kring,l.t.kring,1,1,4122.0,372.8351648351649,34.603914789202925,3843433.496368721,3843433.496368721,74128.98,74128.98,6.0,34.520172372905236,5084.792096651972
2296,kim__hue,kim__hue,1,1,3661.0,0.0,23.394232087579645,3837467.569785591,3837467.569785591,9097728.02,9097728.02,2.0,34.311364942495686,57.81949557791253
2297,liinhousexinchao,liinhousexinchao,1,1,54000.0,629.5625,39.56693637840969,3817913.6193684195,3817913.6193684195,10885792.83,10885792.83,18.0,-1.0170543126706033,64.92755576932636
2298,shopthoitrangbaby7,shopthoitrangbaby7,1,1,7871.0,434.0,35.88906720221329,3802870.07608842,3802870.07608842,8931540.88,8931540.88,4.0,33.10045266309469,57.42201567252503
2299,chuy.bonnie,chuy.bonnie,1,1,398400.0,56488.0,51.03337028716035,3787307.0922021894,3787307.0922021894,1708307.09,1708307.09,27.0,-86.6911899370405,121.69943064523541
2300,nguoihuongnui_,nguoihuongnui_,1,1,3687.0,3996.5,38.84144177501996,3703330.23136246,3703330.23136246,1638572.14,1638572.14,21.0,29.61655809768611,126.00959341115494
2301,kimngan.0052,kimngan.0052,1,1,4497.0,677.8095238095239,35.849227093977014,3688295.2017726656,3688295.2017726656,16193668.24,16193668.24,7.0,29.090332062043295,77.22384362140875
2302,sakurakinomoto992,sakurakinomoto992,1,1,1839.0,2709.0,37.0394556889688,3672860.2805895885,3672860.2805895885,10235462.43,10235462.43,28.0,28.550109820635594,64.11632297311273
2303,huong_lua123.4,huong_lua123.4,1,1,2163.0,2098.0,36.81549572848182,3657408.1515947306,3657408.1515947306,45636617.61,45636617.61,10.0,28.009285305815563,91.98580363065008
2304,_dung_6o,_dung_6o,1,1,4279.0,1926.75,37.7148972958877,3650432.1584664127,3650432.1584664127,44954162.74,44954162.74,4.0,27.765125546324438,91.87965710855454
2305,ahi8889,ahi8889,1,1,3998.0,164.85416666666666,33.043891770640045,3638415.079039188,3638415.079039188,814600.25,814600.25,18.0,27.344527766371563,346.65037594073755
2306,baplun1502,baplun1502,1,1,5787.0,3705.0,39.39957727563909,3633759.9510592916,3633759.9510592916,4501049.03,4501049.03,29.0,27.181598287075197,19.268598790195995
2307,xanw.truonq_04,xanw.truonq_04,1,1,5317.0,1379.121951219512,37.42969967633834,3628514.4907424645,3628514.4907424645,6235956.24,6235956.24,5.0,26.99800717598626,41.813021915265004
2308,hatran...x,hatran...x,1,1,1545.0,154.66666666666666,31.451824539847127,3625328.5554714524,3625328.5554714524,5641816.76,5641816.76,2.0,26.88649944150082,35.741823783169934
2309,khanhlinh171197,khanhlinh171197,1,1,201000.0,13595.0,47.32127931488746,3614421.410884023,3614421.410884023,3074496.18,3074496.18,26.0,-74.82492549633018,17.561421425608113
2310,ponry2001,ponry2001,1,1,14300.0,5242.0,41.44831731820228,3614061.0343638696,3614061.0343638696,912733.64,912733.64,17.0,26.492136202735427,295.96010007518396
2311,shophoangbinh89,shophoangbinh89,1,1,4023.0,0.0,23.540445058394624,3608211.050807096,3608211.050807096,1800080.05,1800080.05,2.0,26.287386778248354,100.44725515440804
2312,shop1k.ne,shop1k.ne,1,1,73200.0,297096.5,51.495222880544055,3602422.2085944014,3602422.2085944014,6102549.13,6102549.13,9.0,-31.10121458972457,40.968566875029786
2313,anabichngoc93,anabichngoc93,1,1,21400.0,0.0,26.13250252431954,3562432.047020908,3562432.047020908,933369.4,933369.4,4.0,24.68512164573178,281.6743989058253
2314,nhunchuche16,nhunchuche16,1,1,715.0,2235.8333333333335,35.21835713392179,3556385.6773072286,3556385.6773072286,2955469.84,2955469.84,2.0,24.473498705752984,20.332328524361756
2315,sarah_.ttn,sarah_.ttn,1,1,7121.0,3179.5,39.43665380686206,3555484.087652291,3555484.087652291,1095612.21,1095612.21,20.0,24.44194306783017,224.52030519560302
2316,tram.anh0905,tram.anh0905,1,1,3107.0,802.2,35.58905740450732,3550333.8081940217,3550333.8081940217,43992280.49,43992280.49,4.0,24.26168328679076,91.92964363599869
2317,ty19861987nk,ty19861987nk,1,1,7278.0,943.5833333333334,37.21080955011663,3545093.9627756015,3545093.9627756015,3364849.85,3364849.85,17.0,24.078288697146043,5.356676250371215
2318,hanahan0705,hanahan0705,1,1,2995.0,1203.25,36.28595863275927,3527945.283419406,3527945.283419406,5843094.66,5843094.66,16.0,23.478084919679212,39.6219727951591
2319,hungluongz,hungluongz,1,1,402000.0,0.0,30.681763447551937,3519127.1789554465,3519127.1789554465,3279191.16,3279191.16,4.0,-87.74433320761786,7.316926865448317
2320,jennynguyen2023,jennynguyen2023,1,1,23000.0,902.0,38.9115665569727,3501951.9305398255,3501951.9305398255,35455580.15,35455580.15,26.0,22.568317568893896,90.1229879310272
2321,baxoaibeauty,baxoaibeauty,1,1,1554.0,48.37931034482759,29.323753756093936,3488930.252979742,3488930.252979742,15522940.58,15522940.58,5.0,22.11255885429096,77.52403782647383
2322,dangymshop,dangymshop,1,1,11900.0,6735.4,41.62986967390438,3468922.4515395486,3468922.4515395486,4269634.69,4269634.69,6.0,21.4122858038842,18.753647480329324
2323,tinthin1200,tinthin1200,1,1,15200.0,1745.5,39.49693244129321,3444006.185915011,3444006.185915011,2232442.84,2232442.84,4.0,20.540216507025367,54.270744325754436
2324,nariviu18,nariviu18,1,1,1575.0,1624.3333333333333,35.84769202410107,3438886.638071699,3438886.638071699,2943146.56,2943146.56,10.0,20.361032332509453,16.843880111485138
2325,tuyt.xinh13,tuyt.xinh13,1,1,1263.0,0.0,21.744334719175548,3420285.119482602,3420285.119482602,14342839.7,14342839.7,2.0,19.70997918189105,76.15336160047438
2326,m.rt.n58,m.rt.n58,1,1,8224.0,1564.142857142857,38.34024037677128,3406755.586008136,3406755.586008136,61661393.27,61661393.27,5.0,19.236445510284767,94.47505901935949
2327,zhuzhu_mei,zhuzhu_mei,2,2,1471.0,0.0,21.980623060763545,3406705.639612316,3406705.639612316,19780131.765,39560263.53,31.0,19.23469738643105,86.0688854578673
2328,lanly.studio,lanly.studio,1,1,69700.0,2239.25,42.32236215655067,3350282.9796452564,3350282.9796452564,18882932.19,18882932.19,22.0,-32.70593728115698,82.25761261050604
2329,hangminii,hangminii,1,1,13400.0,3984.0,40.836849329734825,3344379.045117896,3344379.045117896,1772365.16,1772365.16,9.0,17.05326657912636,88.69582412226474
2330,bikipmuasamm,bikipmuasamm,1,1,2999.0,650.0,35.14316094695762,3340285.0727030886,3340285.0727030886,1079431.68,1079431.68,24.0,16.909977544608086,209.44849355385688
2331,anhtaphoa03,anhtaphoa03,1,1,2276.0,2216.0,36.99624458314298,3316753.133579255,3316753.133579255,2985314.98,2985314.98,25.0,16.08635967527393,11.102284207854513
2332,meemsua120625,meemsua120625,1,1,1756.0,111.86206896551724,31.05177143442952,3295958.4881563247,3295958.4881563247,13812397.98,13812397.98,5.0,15.358547085471358,76.13768085071986
2333,gocnhoxinkxink,gocnhoxinkxink,1,1,1368.0,635.2,33.88350882926602,3295455.45763115,3295455.45763115,608942.17,608942.17,19.0,15.340941017090227,441.17708051507583
2334,banhgaocayphomai151,banhgaocayphomai151,1,1,2269.0,1359.2,36.08219930114529,3252855.124041477,3252855.124041477,109514750.48,109514750.48,19.0,13.849929341451684,97.02975616546236
2335,thanhh__hangg_1006,thanhh__hangg_1006,1,1,2842.0,1328.5,36.388819613122344,3242854.9263277156,3242854.9263277156,644082.47,644082.47,18.0,13.499922421470028,403.4844258884605
2336,cucai.review,cucai.review,1,1,885.0,292.0,31.765505344022188,3224382.8151632873,3224382.8151632873,3694421.59,3694421.59,24.0,12.853398530715051,12.722932761897177
2337,kellytrangdao18,kellytrangdao18,1,1,19600.0,16879.0,44.1135420285144,3196664.8802397177,3196664.8802397177,8346007.6,8346007.6,23.0,11.883270808390108,61.69827499031132
2338,hienhinhy_review,hienhinhy_review,1,1,5629.0,1350.0,37.47843369202729,3178390.5766226626,3178390.5766226626,2000679.89,2000679.89,4.0,11.243670181793183,58.86552329081805
2339,uni_glowup,uni_glowup,1,1,1793.0,3227.0,37.32574746544005,3178239.3674959526,3178239.3674959526,9237319.65,9237319.65,4.0,11.238377862358325,65.59348936792556
2340,kiwiiu14,kiwiiu14,1,1,1370.0,1282.571428571429,35.19217188774249,3157829.7975859856,3157829.7975859856,2890174.83,2890174.83,2.0,10.524042915509478,9.260857329727196
2341,huyennguyenthu806,huyennguyenthu806,1,1,809.0,4361.0,36.65276583533592,3093820.387343356,3093820.387343356,14760927.88,14760927.88,16.0,8.283713557017455,79.04047487736011
2342,muathuxaithiet01,muathuxaithiet01,1,1,10700.0,1072.6666666666667,38.04690838314417,3033654.421076014,3033654.421076014,2879597.29,2879597.29,23.0,6.177904737660499,5.349954023467432
2343,lebuuda1987,lebuuda1987,1,1,449400.0,1924.7142857142856,44.93146737226452,3005245.9148248895,3005245.9148248895,5196527.24,5196527.24,22.0,-90.63786319369194,42.168187021282904
2344,tamhermong,tamhermong,1,1,26000.0,1993.0,40.57616732415296,3004226.8231861135,3004226.8231861135,2237151.2,2237151.2,8.0,5.147938811513968,34.28805452157696
2345,chamsuckhoechudong,chamsuckhoechudong,1,1,1422.0,253.6,32.23893431591874,2996097.8920281716,2996097.8920281716,524689.84,524689.84,14.0,4.863426220985991,471.0226620794052
2346,ngocat6868,ngocat6868,1,1,6011.0,306.0,34.82232731139815,2991894.3793484466,2991894.3793484466,8104862.92,8104862.92,24.0,4.716303277195629,63.08519454455565
2347,shoppcuaaboo,shoppcuaaboo,1,1,1893.0,156.8421052631579,31.79255015143765,2991322.474430479,2991322.474430479,891485.57,891485.57,17.0,4.696286605066759,235.5435662778568
2348,luongtoanthang712,luongtoanthang712,1,1,828900.0,0.0,31.804176048298764,2988215.3188477485,2988215.3188477485,2643193.35,2643193.35,8.0,-94.95294794741605,13.053224761168089
2349,reviewsanphamhuuich11,reviewsanphamhuuich11,1,1,519.0,496.7692307692308,31.92537010853486,2987643.7431496363,2987643.7431496363,17855471.81,17855471.81,3.0,4.567531010237266,83.26762924586288
2350,_emmo_8,_emmo_8,1,1,1096.0,736.7142857142857,33.81549673687105,2952726.0449609617,2952726.0449609617,11190066.14,11190066.14,2.0,3.345411573633656,73.61297057569526
2351,hotboylyhong,hotboylyhong,1,1,52700.0,5713.0,43.631477673833444,2931897.0092314645,2931897.0092314645,2568737.71,2568737.71,19.0,-22.112792923642317,14.137655931849286
2352,mebap2525,mebap2525,1,1,1211.0,662.3636363636364,33.77239728454107,2931401.273529314,2931401.273529314,13256953.56,13256953.56,8.0,2.5990445735259793,77.88782120822853
2353,ngocna009,ngocna009,1,1,8896.0,1313.5,38.13722470730195,2922347.2429887066,2922347.2429887066,9962654.38,9962654.38,3.0,2.282153504604718,70.66698159422945
2354,nghienmakeup_2,nghienmakeup_2,1,1,2812.0,935.0,35.71916919213193,2913258.8031950514,2913258.8031950514,2633423.69,2633423.69,22.0,1.9640581118267961,10.626285252072424
2355,unichaas,unichaas,1,1,2998.0,4267.0,38.642544202607276,2873104.504054344,2873104.504054344,10322123.53,10322123.53,2.0,0.5586576419020305,72.16556752393039
2356,ngc.hin.662,ngc.hin.662,1,1,5737.0,590.3888888888889,35.97026771223226,2838575.949220824,2838575.949220824,12595487.67,12595487.67,5.0,-0.6498417772711604,77.46354866448118
2357,heyvi.review,heyvi.review,1,1,14800.0,0.0,25.560563212209686,2832786.3990908014,2832786.3990908014,47393030.86,47393030.86,3.0,-0.8524760318219545,94.02277856535719
2358,lng.th.thm741,lng.th.thm741,1,1,1054.0,1109.2857142857142,34.515859954165265,2809440.485364429,2809440.485364429,1830923.76,1830923.76,17.0,-1.66958301224499,53.44388153903411
2359,chufly2004,chufly2004,1,1,110900.0,0.0,28.684293205675925,2728272.573980124,2728272.573980124,2733576.17,2733576.17,20.0,-65.55832638798762,0.19401676375733565
2360,minhnhi7252,minhnhi7252,1,1,1546.0,237.15,32.24420587821122,2636149.516554299,2636149.516554299,13577958.97,13577958.97,3.0,-7.734766920599551,80.58508261529754
2361,quimandep,quimandep,1,1,9970.0,128.63636363636363,34.00241982433313,2635978.465850186,2635978.465850186,1899597.35,1899597.35,20.0,-7.740753695243492,38.76511597840384
2362,mihadayroi,mihadayroi,1,1,746100.0,2364.0,46.10022000455801,2635411.374334464,2635411.374334464,5373362.87,5373362.87,17.0,-95.05485065799726,50.954152211677005
2363,anhduong9024,anhduong9024,1,1,1130.0,416.1111111111111,32.80154051341111,2616715.3040850223,2616715.3040850223,18937472.52,18937472.52,12.0,-8.414964357024221,86.1823413799202
2364,kenhcuachus25,kenhcuachus25,1,1,107900.0,16651.0,46.73375627252033,2616572.2502570166,2616572.2502570166,7523514.11,7523514.11,19.0,-66.0500356778515,65.22140834720896
2365,didireview_,didireview_,1,1,4359.0,0.0,23.664832619125452,2588624.3526700656,2588624.3526700656,2996812.33,2996812.33,2.0,-9.398147656547708,13.620738717727262
2366,kaxinhhh,kaxinhhh,1,1,104100.0,22132.0,47.20774944785469,2584939.051421973,2584939.051421973,1310279.89,1310279.89,19.0,-65.23617029787934,97.28144125160718
2367,meoocte2302,meoocte2302,1,1,1595.0,180.78571428571428,31.78989720778577,2583387.76084429,2583387.76084429,657268.53,657268.53,15.0,-9.581428370449867,293.0490572619215
2368,floral.moon.beauty,floral.moon.beauty,3,3,6376.0,0.0,24.254582357318913,2581077.69225914,888.225196800872,1269485.0466666666,3808455.14,19.333333333333332,-9.662280770930124,103.29340420664866
2369,vanphamreview,vanphamreview,1,1,131100.0,3833.0,44.302339795927494,2577574.885974877,2577574.885974877,9158568.46,9158568.46,7.0,-72.47441006586706,71.8561378098289
2370,myythanhh7407,myythanhh7407,1,1,2549.0,139.0,32.030573045720004,2565148.2262760154,2565148.2262760154,2045232.55,2045232.55,15.0,-10.21981208033947,25.42085868308791
2371,unboxwvy,unboxwvy,1,1,9910.0,4975.666666666667,40.78253697890631,2562074.1775534805,2562074.1775534805,2101773.04,2101773.04,16.0,-10.327403785628185,21.900610998106647
2372,tieentiton,tieentiton,1,1,121800.0,763.0,41.18581963520949,2544647.8462029556,2544647.8462029556,2062570.11,2062570.11,19.0,-70.75117418157522,23.372671496871224
2373,iab_1.0m,iab_1.0m,1,1,29100.0,1065.0,39.585297053560744,2514733.968082238,2514733.968082238,2330612.45,2330612.45,14.0,-11.98431111712167,7.900134493928314
2374,dungcucamtaygiatot.vn,dungcucamtaygiatot.vn,1,1,1636.0,263.0,32.52371435840295,2502570.3806505906,2502570.3806505906,4726505.69,4726505.69,23.0,-12.410036677229334,47.05242001622153
2375,kenhvyne2,kenhvyne2,1,1,2532.0,769.0,35.193181014490264,2479597.7424262846,2479597.7424262846,7974450.97,7974450.97,7.0,-13.21407901508005,68.90572464794671
2376,thuydam900,thuydam900,2,2,8673.0,0.0,24.7317359287353,2464185.084312999,2464185.084312999,306199231.25,612398462.5,1.5,-13.753522049045046,98.47002336624527
2377,khanhlinhthp,khanhlinhthp,1,1,170000.0,2513.5,43.92021447461378,2431093.6168152215,2431093.6168152215,2435775.45,2435775.45,11.0,-79.9792290379923,0.192211198482138
2378,nguyenhuuthangrv,nguyenhuuthangrv,1,1,34100.0,1887.0,40.89512898865439,2418098.7885292848,2418098.7885292848,3786660.74,3786660.74,15.0,-15.366542401475039,36.14165739787703
2379,hny..98,hny..98,1,1,1248.0,556.5,33.495438969455,2402645.4113912163,2402645.4113912163,3958739.01,3958739.01,5.0,-15.90741060130743,39.30780975148912
2380,mimireview03_,mimireview03_,1,1,1084.0,630.0,33.507612843804964,2402223.223071395,2402223.223071395,621173.52,621173.52,14.0,-15.922187192501186,286.7233785289809
2381,letanhungtikkuk92,letanhungtikkuk92,1,1,1434.0,0.0,21.94113767196756,2375029.439301503,2375029.439301503,1902141.28,1902141.28,1.0,-16.873969624447405,24.860832592913543
2382,ngandali2021,ngandali2021,1,1,680400.0,0.0,31.497969906114072,2374591.4067995385,2374591.4067995385,957119.64,957119.64,7.0,-95.11400945102976,148.09765755089285
2383,lengocly07,lengocly07,1,1,20000.0,0.0,26.02756553509743,2344414.278025135,2344414.278025135,9095781.29,9095781.29,4.0,-17.94550026912028,74.22525670661616
2384,minhlinh1991,minhlinh1991,1,1,3577.0,1284.25,36.68247175982438,2341779.357984123,2341779.357984123,37277946.44,37277946.44,3.0,-18.03772247055571,93.7180569703503
2385,myumminess,myumminess,1,1,1400000.0,0.0,32.617124908654596,2340990.788229678,2340990.788229678,638079.76,638079.76,6.0,-97.65900921177033,266.8805900111418
2386,meo.review56,meo.review56,1,1,1007.0,3251.0,36.44538499392997,2336378.898893937,2336378.898893937,2161350.09,2161350.09,3.0,-18.226738538712205,8.098123932062167
2387,nghggkhanh,nghggkhanh,1,1,1000000.0,0.0,32.095239513341745,2328914.1073625013,2328914.1073625013,399627.01,399627.01,6.0,-96.7395202496925,482.7719471120086
2388,lamnhidangyeu,lamnhidangyeu,1,1,24200.0,0.0,26.32321411118245,2313319.2469786303,2313319.2469786303,4004514.34,4004514.34,3.0,-19.033826355747948,42.232214681527886
2389,juixcisweet,juixcisweet,1,1,1814.0,1940.5,36.397529018564974,2278186.900725631,2278186.900725631,2263650.02,2263650.02,14.0,-20.26345847460292,0.6421876437255536
2390,nanayno99,nanayno99,2,2,1076.0,1280.25,33.92881677033616,2270488.383102804,2270488.383102804,12228803.205,24457606.41,12.0,-20.53290659140187,93.37293132141937
2391,chang.mon.9x,chang.mon.9x,1,1,1983.0,117.36363636363636,31.32882234814187,2253876.605573852,2253876.605573852,916162.02,916162.02,16.0,-21.11431880491518,146.01288378815923
2392,lien19911909,lien19911909,1,1,1123.0,253.0,31.86869071789981,2242724.657228936,2242724.657228936,4688877.49,4688877.49,1.0,-21.50463699698724,52.16926306963639
2393,mvzui_21,mvzui_21,1,1,14600.0,191.0,35.3250382115647,2236574.548404433,2236574.548404433,1440194.3,1440194.3,3.0,-21.71989080584486,55.296722699460254
2394,shopdogiareiii,shopdogiareiii,1,1,1337.0,618.2,33.79757098973493,2233696.8856226895,2233696.8856226895,2063368.72,2063368.72,2.0,-21.820609003205877,8.254858376581842
2395,trngiaha33,trngiaha33,1,1,14000.0,0.0,25.474377487670917,2219607.8937261403,2219607.8937261403,2563478.17,2563478.17,17.0,-22.313723719585095,13.414207317937086
2396,mit_11.08,mit_11.08,1,1,57200.0,839.0,40.1900192140755,2216839.1878317734,2216839.1878317734,10697027.19,10697027.19,3.0,-45.74169819992163,79.27611897720368
2397,emhanunbox,emhanunbox,2,2,1289.0,1716.75,34.41427664383225,2179719.107662791,2179719.107662791,2456981.875,4913963.75,13.5,-23.70983123180232,92.10511894626524
2398,nhimmini2770,nhimmini2770,1,1,109500.0,11307.0,46.036241608293146,2171579.9519973486,2171579.9519973486,777732.62,777732.62,16.0,-72.2355074630476,179.21934816072758
2399,ngocnguyen0525,ngocnguyen0525,1,1,2090.0,465.5,33.96300941683382,2166978.5644890466,2166978.5644890466,797563.76,797563.76,10.0,-24.155750242883375,171.6997277420236
2400,tran_thuy_phuong,tran_thuy_phuong,1,1,1642.0,12.0,26.925129373664607,2162795.282500599,2162795.282500599,74131000.27,74131000.27,1.0,-24.30216511247904,97.08246850221465
2401,jewel.r.viu,jewel.r.viu,1,1,3348.0,709.3333333333334,35.47620144679073,2157281.619231846,2157281.619231846,1046622.26,1046622.26,12.0,-24.495143326885394,106.1184537802441
2402,phuongatk89,phuongatk89,1,1,5419.0,457.0,35.406087442260436,2150335.357635288,2150335.357635288,2743192.36,2743192.36,2.0,-24.738262482764924,21.611936917348075
2403,vong_phu92,vong_phu92,1,1,2918.0,2605.0,37.68239288705513,2120881.603621801,2120881.603621801,10776422.31,10776422.31,6.0,-25.769143873236967,80.31924192824435
2404,xuannamkhvlgmail.com,xuannamkhvlgmail.com,1,1,934.0,886.0,33.91066636056534,2114132.167322519,2114132.167322519,3000688.16,3000688.16,4.0,-26.00537414371185,29.545089173060934
2405,van.ben.tre,van.ben.tre,1,1,2725.0,524.0,34.59422728816443,2075892.866948499,2075892.866948499,484170.56,484170.56,10.0,-27.34374965680253,328.75239398043925
2406,shopmedua1408,shopmedua1408,1,1,3250.0,337.8,34.0521988483156,2068104.78748258,2068104.78748258,39407132.45,39407132.45,2.0,-27.61633243810971,94.7519531138009
2407,.caigicungco1996,.caigicungco1996,1,1,915.0,133.0,30.36102808628456,2065796.4646808521,2065796.4646808521,2398439.06,2398439.06,1.0,-27.697123736170177,13.869128503900697
2408,trinhtheu92,trinhtheu92,1,1,1955.0,0.0,22.421555345349706,2053445.9095585211,2053445.9095585211,3000800.48,3000800.48,1.0,-28.129393165451766,31.570061946986854
2409,nguyenthivananh993,nguyenthivananh993,1,1,25700.0,0.0,26.416488074739053,2038851.144316024,2038851.144316024,350543.34,350543.34,2.0,-28.640209948939166,481.6259822012376
2410,embeiu1706,embeiu1706,1,1,1101.0,0.0,21.531600865386107,2023580.2446784608,2023580.2446784608,4352611.57,4352611.57,18.0,-29.174691436253873,53.508825399771176
2411,miecualinh,miecualinh,1,1,905500.0,0.0,31.9412698713469,2017094.6199561777,2017094.6199561777,15098830.57,15098830.57,6.0,-96.88135564004567,86.64072286522666
2412,nguyen.thai.sang4408,nguyen.thai.sang4408,1,1,14700.0,0.0,25.550048279990072,2014914.40593201,2014914.40593201,2098258.96,2098258.96,4.0,-29.477995792379662,3.972081409245599
2413,vanh140424,vanh140424,1,1,1991.0,0.0,22.449842786731693,2010750.6075112482,2010750.6075112482,18247080.47,18247080.47,1.0,-29.623728737106315,88.98042560388156
2414,m.an1036,m.an1036,1,1,2752.0,1536.5238095238096,36.60949661707201,2004506.7641232922,2004506.7641232922,961490.31,961490.31,3.0,-29.842263255684777,108.47914360398411
2415,nhanhaykhocc11,nhanhaykhocc11,1,1,22600.0,0.0,26.217122481946507,1999092.7366729772,1999092.7366729772,97412752.21,97412752.21,2.0,-30.031754216445794,97.94781207663306
2416,anh.ngan.spa.1995,anh.ngan.spa.1995,1,1,38900.0,406.4,38.24518790685579,1992643.0209968467,1992643.0209968467,2689284.59,2689284.59,2.0,-30.257494265110374,25.904345400765234
2417,menhim3731,menhim3731,1,1,5518.0,1105.5,37.0759597027508,1978294.0099984761,1978294.0099984761,402279.18,402279.18,10.0,-30.759709650053342,391.7714135736471
2418,nh.kun36,nh.kun36,1,1,1212.0,161.625,31.156972155076808,1975333.987918762,1975333.987918762,2712238.67,2712238.67,14.0,-30.86331042284333,27.169610485689223
2419,sandeal_beauty,sandeal_beauty,2,2,10900.0,172.6,30.52760432118504,1958846.9538666022,1958846.9538666022,124683794.17,249367588.34,1.0,-31.44035661466892,98.97722714781241
2420,ao.dii,ao.dii,1,1,14200.0,0.0,25.496377029748096,1937840.525158581,1937840.525158581,56095597.08,56095597.08,11.0,-32.17558161944967,96.54546769081546
2421,thuynambolero,thuynambolero,1,1,3237.0,471.0,34.66312095628149,1906374.5379549693,1906374.5379549693,4654384.43,4654384.43,2.0,-33.27689117157608,59.04131756570504
2422,dung.200397,dung.200397,1,1,18500.0,0.0,25.90664944049312,1884533.174724097,1884533.174724097,6706323.08,6706323.08,11.0,-34.04133888465661,71.89915916302535
2423,in4.luv.lap,in4.luv.lap,1,1,91500.0,1229.0,41.62849495370012,1842248.7168523488,1842248.7168523488,24112494.97,24112494.97,2.0,-71.81258793887118,92.35977563025138
2424,hana_3689,hana_3689,2,2,155700.0,617.4423076923078,38.487375986515374,1836598.5658824726,1836598.5658824726,1665608.4900000002,3331216.9800000004,4.0,-83.48594738448644,21.812030633384833
2425,m.ken807,m.ken807,1,1,2888.0,3608.0,38.272422925093444,1822445.1113258475,1822445.1113258475,376640.89,376640.89,9.0,-36.21442110359535,383.8680981573316
2426,vycatlai,vycatlai,1,1,772100.0,0.0,31.69407408956129,1819667.7925469568,1819667.7925469568,16168501.75,16168501.75,10.0,-96.70051170889037,88.74560042307596
2427,cuongbanhang0,cuongbanhang0,1,1,15400.0,0.0,25.62219843409828,1802255.6864304284,1802255.6864304284,1568037907.76,1568037907.76,5.0,-36.921050974935014,99.8850630027813
2428,juhihi_phuong,juhihi_phuong,1,1,1510.0,1045.0,34.96203253656367,1801892.1985455023,1801892.1985455023,848377.43,848377.43,10.0,-36.93377305090743,112.3927552558184
2429,namoinam,namoinam,1,1,95900.0,0.0,28.4588920411558,1795142.4264053886,1795142.4264053886,9896171.52,9896171.52,5.0,-73.79354122035929,81.8602332954978
2430,liinhousee,liinhousee,1,1,11700.0,282.1764705882353,35.70485071425079,1767996.3360698838,1767996.3360698838,6134671.43,6134671.43,8.0,-38.12012823755407,71.18026032455525
2431,utthuy6659,utthuy6659,1,1,4673.0,167.95454545454547,33.32028282749192,1739674.0719087482,1739674.0719087482,6202659.02,6202659.02,3.0,-39.111407483193815,71.95276950902344
2432,toctrangtrang,toctrangtrang,1,1,2188.0,501.0,34.17056017135064,1726732.6304697793,1726732.6304697793,915848.51,915848.51,13.0,-39.56435793355773,88.53911008380406
2433,phimtruyentrungquoc3,phimtruyentrungquoc3,1,1,1908.0,127.0,31.414730437838205,1710096.937906016,1710096.937906016,2852221.17,2852221.17,1.0,-40.14660717328945,40.043326376894676
2434,yeutiktoknhieukkk,yeutiktoknhieukkk,1,1,1512.0,0.0,22.023234196290986,1704758.0024513665,1704758.0024513665,60308952.61,60308952.61,13.0,-40.33346991420217,97.17329197627501
2435,duongngochieu0,duongngochieu0,1,1,25600.0,1161.0,39.54703892775076,1656818.1929836427,1656818.1929836427,999549.45,999549.45,3.0,-42.01136324557251,65.7565008898402
2436,sysy.review,sysy.review,1,1,4902.0,99.41666666666669,32.426055296960115,1631804.3993509335,1631804.3993509335,940032.14,940032.14,9.0,-42.88684602271733,73.59027738678525
2437,maivyri.vui.1,maivyri.vui.1,1,1,1137.0,236.0731707317073,31.759527792612552,1611629.8312245174,1611629.8312245174,10016561.31,10016561.31,3.0,-43.59295590714189,83.91034825878265
2438,haivochongreview,haivochongreview,1,1,1070.0,8348.0,38.294348009888466,1599233.1613059116,1599233.1613059116,1254156.77,1254156.77,7.0,-44.026839354293095,27.514613767616275
2439,nhien1987a,nhien1987a,1,1,1647.0,110.88235294117646,30.936206243870405,1593595.8132151482,1593595.8132151482,339477.33,339477.33,8.0,-44.224146537469814,369.4262834031209
2440,gu.xinhxinh,gu.xinhxinh,1,1,2220.0,209.0,32.57099407444332,1569915.7221961354,1569915.7221961354,5229926.59,5229926.59,12.0,-45.052949723135264,69.98206962985047
2441,kieuchii2,kieuchii2,1,1,21600.0,1152.0,39.26905586658716,1568477.0784881238,1568477.0784881238,679393.91,679393.91,9.0,-45.10330225291567,130.86416516275864
2442,tam_nguyen_93,tam_nguyen_93,1,1,2030.0,382.3333333333333,33.55238733241302,1566776.9153398331,1566776.9153398331,2857096.64,2857096.64,7.0,-45.16280796310584,45.16192090233836
2443,mebicoca,mebicoca,1,1,1323.0,285.6666666666667,32.34788303548181,1526478.048764748,1526478.048764748,2389984.83,2389984.83,1.0,-46.573268293233824,36.13022017529927
2444,anroibao_678,anroibao_678,1,1,5379.0,2373.0,38.45723482713637,1514508.2769693169,1514508.2769693169,382669.05,382669.05,7.0,-46.992210306073915,295.77495932041455
2445,uaanhbi,uaanhbi,1,1,6391.0,0.0,24.258226462005876,1506766.3892208105,1506766.3892208105,46849484.43,46849484.43,4.0,-47.263176377271634,96.78381436305422
2446,seoyoon.skin,seoyoon.skin,2,2,65300.0,881.45,40.4650067021131,1499850.9498945198,1499850.9498945198,7155701.04,14311402.08,10.5,-67.84393063013282,86.69706600394167
2447,lehaiminh866,lehaiminh866,1,1,5307.0,114.8,32.81445647733612,1492958.5207085186,1492958.5207085186,4043426.06,4043426.06,3.0,-47.746451775201855,63.07689324462339
2448,thao.mai1294,thao.mai1294,1,1,2060.0,896.4285714285714,35.1583731655618,1475238.3230533202,1475238.3230533202,185261.62,185261.62,2.0,-48.36665869313379,696.3000232068144
2449,cuahangonline79,cuahangonline79,1,1,5537.0,2676.0,38.72570576698928,1467403.0940679992,1467403.0940679992,0.0,0.0,9.0,-48.640891707620035,
2450,mecherry2602,mecherry2602,1,1,3054.0,401.46153846153845,34.276239642294506,1464024.74274118,1464024.74274118,5161195.44,5161195.44,3.0,-48.75913400405871,71.6339991430129
2451,sususansales,sususansales,1,1,1534.0,1026.5,34.95326143195523,1461964.633673039,1461964.633673039,3870861.83,3870861.83,1.0,-48.83123782144364,62.23154692987223
2452,mebimgenz08,mebimgenz08,1,1,1147.0,204.0,31.50254697071391,1458028.803561604,1458028.803561604,1806800.54,1806800.54,8.0,-48.96899187534386,19.303278293153262
2453,tranphuongloan92,tranphuongloan92,1,1,3609.0,3980.0,38.800587259998636,1456266.7326182232,1456266.7326182232,3691214.73,3691214.73,3.0,-49.030664358362195,60.547764377332136
2454,muahchtui,muahchtui,1,1,21.0,304.25,26.109557599293314,1432313.6686813296,1432313.6686813296,964578.75,964578.75,8.0,-49.869021596153466,48.49110751002234
2455,hoabenho199x,hoabenho199x,1,1,391600.0,4689.2,46.37478582714163,1422676.1778664263,1422676.1778664263,6338805.43,6338805.43,10.0,-94.91382367463484,77.5560838145741
2456,shop_annhien16,shop_annhien16,1,1,2380.0,416.0,33.9556760270818,1414277.2948690355,1414277.2948690355,3452071.24,3452071.24,1.0,-50.50029467958376,59.031051315469504
2457,2mithidoiten_07,2mithidoiten_07,1,1,1659.0,390.0,33.27638151537381,1404977.389577836,1404977.389577836,179124410.03,179124410.03,9.0,-50.82579136477574,99.21564158154517
2458,toptran1502,toptran1502,1,1,11400.0,517.5,36.79038599938596,1388342.1783060208,1388342.1783060208,26706469.26,26706469.26,7.0,-51.40802375928928,94.8014761337792
2459,huynhcam66,huynhcam66,1,1,4164.0,291.5,34.16297384319302,1368803.8097431718,1368803.8097431718,8393035.82,8393035.82,3.0,-52.09186665898899,83.69119542560023
2460,_itc_13,_itc_13,1,1,6313.0,0.0,24.239182930874968,1360068.0256248272,1360068.0256248272,1803480.72,1803480.72,8.0,-52.39761910313104,24.58649485175382
2461,thcte52,thcte52,1,1,3559.0,205.0,33.26699032079194,1344550.6334091576,1344550.6334091576,548726968.45,548726968.45,10.0,-52.94072783067948,99.75496909925766
2462,vothuylam1907,vothuylam1907,1,1,11500.0,787.6666666666666,37.584551450148325,1340330.5005527341,1340330.5005527341,6892763.05,6892763.05,6.0,-53.088432480654305,80.55452521971237
2463,cobalonganzzz,cobalonganzzz,1,1,2405.0,288.75,33.29425137116112,1320053.4580321827,1320053.4580321827,132927.29,132927.29,6.0,-53.798128968873606,893.0642970545646
2464,thoangha12,thoangha12,1,1,2379.0,300.55,33.35169565601291,1296958.6724075763,1296958.6724075763,3813622.88,3813622.88,2.0,-54.606446465734834,65.991428276527
2465,duongthuy2190,duongthuy2190,1,1,1204.0,387.75,32.768779134371876,1264450.0794086175,1264450.0794086175,1325091.9,1325091.9,2.0,-55.7442472206984,4.576423762863727
2466,minhdayn2_review,minhdayn2_review,1,1,566.0,741.3333333333334,32.80345872100456,1264016.3204800033,1264016.3204800033,1328097.23,1328097.23,7.0,-55.759428783199894,4.82501642744912
2467,myphamonline,myphamonline,1,1,9863.0,586.0,36.79673359413895,1248842.2643583266,1248842.2643583266,3104812.46,3104812.46,1.0,-56.29052074745857,59.77720778799224
2468,mypham_chinhhang6789,mypham_chinhhang6789,1,1,167.0,239.5,28.81897862039484,1232947.548833578,1232947.548833578,25247699.97,25247699.97,6.0,-56.84683579082478,95.11659457970984
2469,thutra93,thutra93,1,1,19700.0,0.0,26.00412468225011,1230370.1658966655,1230370.1658966655,61672456.8,61672456.8,7.0,-56.93704419361671,98.00499245572998
2470,moon56030,moon56030,1,1,1791.0,298.1,32.89637260361929,1211818.269334629,1211818.269334629,13049753.41,13049753.41,4.0,-57.58636057328799,90.71386078141511
2471,minhanhforever,minhanhforever,1,1,139500.0,0.0,29.040156984175702,1211450.7976064212,1211450.7976064212,701220.12,701220.12,1.0,-87.84207084839434,72.76326834524103
2472,hng.hnh.shop3,hng.hnh.shop3,1,1,16100.0,190.9214659685864,35.47595620110118,1210107.6104085569,1210107.6104085569,3794575.0,3794575.0,2.0,-57.64623363570052,68.10953504915422
2473,pajtiktok7,pajtiktok7,1,1,41700.0,0.0,27.167189669953512,1202634.4367744573,1202634.4367744573,282821.85,282821.85,6.0,-59.62378389726042,325.2268474923198
2474,asia.man65,asia.man65,1,1,10200.0,475.5,36.460660197830045,1185375.5508210997,1185375.5508210997,6682930.73,6682930.73,1.0,-58.51185572126152,82.26263897215198
2475,thanhhuong6112,thanhhuong6112,1,1,2140.0,734.3777777777777,34.84677105075698,1181508.1689556253,1181508.1689556253,4313151.46,4313151.46,2.0,-58.64721408655311,72.60684722266569
2476,kenmihuynh,kenmihuynh,1,1,1849.0,54.0,29.793834247269572,1170099.398954221,1170099.398954221,1523715.87,1523715.87,7.0,-59.046521036602265,23.207507253027366
2477,dy7s8bx64wd5,dy7s8bx64wd5,2,2,4413.0,1467.5357142857144,37.24973161107901,1169885.563656116,1169885.563656116,20108627.07,40217254.14,1.0,-59.05400527203595,98.10369777159083
2478,yeumakup,yeumakup,1,1,1147.0,110.2,30.364050947164312,1136882.190519507,1136882.190519507,1542390.71,1542390.71,6.0,-60.20912333181726,26.290907799911018
2479,chamchi58,chamchi58,1,1,7711.0,87990.0,45.73985546682218,1136117.7233940498,1136117.7233940498,347944.33,347944.33,3.0,-60.23587968120826,226.52284444297445
2480,chonchondayy,chonchondayy,1,1,2565.0,67.28571428571429,30.703996827909304,1134545.6192249877,1134545.6192249877,885318.03,885318.03,6.0,-60.29090332712542,28.151193218666027
2481,tiemnhonhaxuyen,tiemnhonhaxuyen,1,1,3070.0,260.15384615384613,33.47936483947015,1129202.2677510362,1129202.2677510362,1766185.99,1766185.99,5.0,-60.47792062871373,36.06549513219521
2482,i_hanh_09,i_hanh_09,1,1,7235.0,562.5,36.24013530316903,1127792.531816346,1127792.531816346,585113.17,585113.17,6.0,-60.52726138642789,92.74776054286149
2483,lamnguyenlatui,lamnguyenlatui,1,1,143200.0,0.0,29.080759590793054,1119048.9251437297,1119048.9251437297,2759443.55,2759443.55,3.0,-89.0595775474775,59.44657301854463
2484,thanhtruc.le_j,thanhtruc.le_j,1,1,4042.0,0.0,23.547751377227165,1112253.540469913,1112253.540469913,800860.93,800860.93,6.0,-61.071126083553054,38.88223270798252
2485,trangbong3006,trangbong3006,1,1,5937.0,2700.0,38.85048682854045,1092837.9437291105,1092837.9437291105,14111322.86,14111322.86,5.0,-61.75067196948114,92.25559535012219
2486,uyen.vu_,uyen.vu_,1,1,1248.0,454.0,33.117295507245004,1076854.8982936097,1076854.8982936097,622228.48,622228.48,5.0,-62.31007855972366,73.06422526555033
2487,fc.ngoctrinh1989,fc.ngoctrinh1989,1,1,48500.0,0.0,27.401490466538043,1072061.2031112032,1072061.2031112032,1954047.86,1954047.86,3.0,-69.05390341534671,45.13638969358698
2488,conamquyhoii,conamquyhoii,1,1,28900.0,296.5,37.1991566237135,1058263.8727489219,1058263.8727489219,5483954.76,5483954.76,1.0,-62.96076445378773,80.70254188696259
2489,thanhhuyen_lamdep,thanhhuyen_lamdep,1,1,42600.0,302.0,37.83506274057968,1047100.671736271,1047100.671736271,1711372.63,1711372.63,8.0,-65.58824083495824,38.81515612784627
2490,miino.o,miino.o,1,1,1103.0,0.0,21.53441328993085,1046223.0891947746,1046223.0891947746,34998872.49,34998872.49,6.0,-63.38219187818288,97.01069487454573
2491,3105_i,3105_i,1,1,1065.0,102.33333333333331,30.112544158977872,1037156.3921184676,1037156.3921184676,935512.48,935512.48,6.0,-63.699526275853636,10.865051433463252
2492,tienichchubo,tienichchubo,1,1,1771.0,874.0,34.87692859209622,1034189.2439612802,1034189.2439612802,2161171.06,2161171.06,1.0,-63.8033764613552,52.146812295308074
2493,phuongthuongda,phuongthuongda,1,1,1968.0,185.0,32.15831385189811,1032211.6136635096,1032211.6136635096,10626597.55,10626597.55,6.0,-63.87259352177716,90.28652766036566
2494,tiemdoxinh5730,tiemdoxinh5730,1,1,722.0,0.0,20.87787480793755,1027471.3566520659,1027471.3566520659,1801702.82,1801702.82,6.0,-64.0385025171777,42.97220688969861
2495,hinihuongnoi1901,hinihuongnoi1901,1,1,1078.0,900.0,34.161992213246045,1025934.2106157129,1025934.2106157129,235454.43,235454.43,5.0,-64.09230262845004,335.7251679722964
2496,thuynhi1306,thuynhi1306,1,1,919.0,872.0,33.85596980776772,1019695.3364012915,1019695.3364012915,1208044.17,1208044.17,5.0,-64.31066322595478,15.591220774544063
2497,ngoanxinhiu143,ngoanxinhiu143,1,1,1187.0,237.0,31.83348363931832,1014716.0066503896,1014716.0066503896,821529.36,821529.36,6.0,-64.48493976723637,23.515489044772504
2498,nhibang3022,nhibang3022,1,1,604.0,0.0,20.601507228787682,991896.9115180715,991896.9115180715,2107972.39,2107972.39,1.0,-65.2836080968675,52.94545050857751
2499,minh.tuyet2040,minh.tuyet2040,1,1,1229.0,116.77272727272728,30.57794793611775,984152.3912049748,984152.3912049748,1050905.78,1050905.78,2.0,-65.55466630782587,6.351986073863365
2500,thuymipham613,thuymipham613,1,1,2781.0,469.5925925925926,34.42213519736974,972181.7878408319,972181.7878408319,750093.76,750093.76,2.0,-65.97363742557089,29.60803564621467
2501,10th2_.29,10th2_.29,1,1,1173.0,568.5,33.439025707559885,964743.5219190173,964743.5219190173,2300439.85,2300439.85,6.0,-66.23397673283439,58.06264954421576
2502,tiemnhabedau,tiemnhabedau,1,1,4487.0,224.0,33.790494630279305,959603.3663844356,959603.3663844356,1999859.73,1999859.73,2.0,-66.41388217654475,52.016466355646074
2503,emthichsubinhyen,emthichsubinhyen,1,1,851.0,406.0,32.31649826747865,958221.4637766308,958221.4637766308,831961.42,831961.42,2.0,-66.46224876781794,15.17618975368242
2504,xinbaby811,xinbaby811,1,1,6685.0,639.0,36.35446058242719,936653.9110367795,936653.9110367795,3380524.41,3380524.41,1.0,-67.21711311371271,72.2926446480894
2505,callmexuefang,callmexuefang,1,1,9109.0,0.0,24.807803639549984,934101.4904877938,934101.4904877938,193194.87,193194.87,5.0,-67.30644783292723,383.5022226458673
2506,ngoc_hoang_house,ngoc_hoang_house,1,1,955.0,0.0,21.31115907304068,933435.4211286161,933435.4211286161,770344.09,770344.09,5.0,-67.32976026049843,21.1712315633675
2507,teresa_phuonguyen,teresa_phuonguyen,1,1,29700.0,0.0,26.640848966776943,929827.6572728568,929827.6572728568,319039.88,319039.88,3.0,-67.45603199545,191.44558895673381
2508,tp.lm.review11,tp.lm.review11,1,1,1083.0,166.5,31.037548882602234,904069.0277735703,904069.0277735703,0.0,0.0,1.0,-68.35758402792504,
2509,nhilaystyle,nhilaystyle,1,1,2000000.0,713.9444444444445,45.4029413359457,886689.3693397617,886689.3693397617,0.0,0.0,1.0,-99.37931744146218,
2510,co.chip,co.chip,1,1,105300.0,6679.0,44.99582449114795,881536.1561084808,881536.1561084808,1845107.06,1845107.06,6.0,-88.27967123882362,52.223034900290244
2511,mi.nhon19th12,mi.nhon19th12,1,1,6170.0,177.5,33.85352870478287,870718.6471990707,870718.6471990707,781273.41,781273.41,5.0,-69.52484734803252,11.448647305054275
2512,vuflystore,vuflystore,1,1,5791.0,233.5,34.263094983306736,864120.6530124126,864120.6530124126,179512.35,179512.35,4.0,-69.75577714456556,381.37114410925636
2513,linhdanvuhihi,linhdanvuhihi,1,1,2747.0,1118.0,36.01528376733265,857526.3584454716,857526.3584454716,630378.23,630378.23,4.0,-69.98657745440849,36.033625153183294
2514,review_1104,review_1104,1,1,601.0,502.0,32.171945366546815,849422.1007119559,849422.1007119559,2661361.43,2661361.43,1.0,-70.27022647508154,68.08317385467046
2515,shop_mai_duong,shop_mai_duong,2,2,1879.0,359.75,28.483588843104247,847979.6466616602,847979.6466616602,4706893.32,9413786.64,3.5,-70.32071236684189,232.60944447925718
2516,shopkeongot02,shopkeongot02,1,1,4549.0,230.6,33.8655867467486,844407.5230952897,844407.5230952897,2233340.0,2233340.0,5.0,-70.44573669166486,62.19082078432797
2517,taphoangochan8386,taphoangochan8386,1,1,190.0,265.0,29.20556416309397,844277.0118716401,844277.0118716401,4578105.74,4578105.74,2.0,-70.45030458449261,81.55837676497966
2518,shopmypham.mai97,shopmypham.mai97,1,1,694.0,718.5555555555555,33.06117367544268,832772.1580233854,832772.1580233854,1171727.18,1171727.18,4.0,-70.8529744691815,28.927810821680733
2519,chidepthichreview,chidepthichreview,1,1,2157.0,538.0,34.28080208648461,824424.7966653716,824424.7966653716,2419419.48,2419419.48,1.0,-71.145132116712,65.92468550904734
2520,tientien9665,tientien9665,1,1,1298.0,0.0,21.78669928007936,824142.5822609987,824142.5822609987,1398839.3,1398839.3,2.0,-71.15500962086504,41.08382697991122
2521,thaobinh1977,thaobinh1977,1,1,10200.0,193.0,34.78811231516065,814250.0941822691,814250.0941822691,2715538.99,2715538.99,6.0,-71.50124670362058,70.01515731570221
2522,megaumeo8386,megaumeo8386,1,1,3176.0,2709.5,37.88693974338319,809010.7925565813,809010.7925565813,10719798.19,10719798.19,4.0,-71.68462226051965,92.45311545779593
2523,phuongle71_,phuongle71_,1,1,1286.0,343.0,32.64326895171293,793155.3820776851,793155.3820776851,7702402.18,7702402.18,1.0,-72.23956162728102,89.70249328012
2524,vuongluan286,vuongluan286,1,1,2623.0,295.7894736842105,33.47345946469093,791054.0736561212,791054.0736561212,110812189.69,110812189.69,1.0,-72.31310742203577,99.28613081659236
2525,hobingg28,hobingg28,1,1,48600.0,350.0,38.31314415596292,791033.6605472104,791033.6605472104,684060.29,684060.29,5.0,-77.21302212415443,15.638003274128124
2526,tuyt.hoa9138,tuyt.hoa9138,1,1,3382.0,619.3333333333334,35.23970987092938,776736.0960869,776736.0960869,1298779.27,1298779.27,1.0,-72.81423663695851,40.19491117325117
2527,giadinhcathy,giadinhcathy,1,1,1292.0,192.5,31.579579708726886,776136.5570480276,776136.5570480276,1525784.17,1525784.17,6.0,-72.83522050331904,49.13195638620188
2528,thudongg2511,thudongg2511,1,1,12200.0,5389.0,41.253459138858226,772969.9578914675,772969.9578914675,0.0,0.0,6.0,-72.94605147379863,
2529,hoccachsong1minh1,hoccachsong1minh1,1,1,2775.0,257.0,33.30010620102517,770377.1615351127,770377.1615351127,1985454.69,1985454.69,1.0,-73.03679934627107,61.19895531158595
2530,nuochoadanong,nuochoadanong,2,2,6402.0,281.0,34.76196091648663,766907.7537810123,766907.7537810123,2235594.575,4471189.15,1.0,-73.15822861766458,70.05852146526672
2531,lambotrecon2025,lambotrecon2025,1,1,5505.0,5803.714285714285,40.15728514387156,766078.8792337674,766078.8792337674,1092804.0,1092804.0,2.0,-73.18723922681815,29.897870136477593
2532,bo.an3729,bo.an3729,1,1,16300.0,339.3333333333333,36.56130804979896,761634.3700473834,761634.3700473834,2352646.6,2352646.6,1.0,-73.34279704834158,67.62648627093489
2533,ghtt.3108,ghtt.3108,1,1,16500.0,412.0,36.9404176689507,746752.3072294589,746752.3072294589,632690.56,632690.56,4.0,-73.86366924696894,18.028046321642428
2534,hai...tg,hai...tg,1,1,73700.0,0.0,28.050500060788362,727888.7417143844,727888.7417143844,548968.5,548968.5,4.0,-86.1730768195368,32.59207799980953
2535,tongthingoan123,tongthingoan123,1,1,67200.0,0.0,27.90729418727812,727888.7417143844,727888.7417143844,282821.85,282821.85,4.0,-84.83565121428366,157.36651595850338
2536,hoanganhkhoa0,hoanganhkhoa0,1,1,65500.0,0.0,27.86755202563194,727888.7417143844,727888.7417143844,41538537.38,41538537.38,4.0,-84.4420726961811,98.24767845084298
2537,1987nguyenthuong,1987nguyenthuong,1,1,3900.0,0.0,23.4922949810645,727133.8071503704,727133.8071503704,1398839.3,1398839.3,1.0,-74.55031674973705,48.01877476916967
2538,met5macgi_,met5macgi_,1,1,2959.0,107.75,31.79169092778461,720815.0280098799,720815.0280098799,771195.35,771195.35,4.0,-74.77147401965422,6.532757490060089
2539,khathanhduy.vlogger,khathanhduy.vlogger,1,1,46700.0,19392.0,45.71845279592425,717263.3310816168,717263.3310816168,7496069.28,7496069.28,5.0,-78.4974590253905,90.4314740927579
2540,tuithaonee,tuithaonee,1,1,3798.0,116.33333333333331,32.320148618270004,713639.5926105977,713639.5926105977,3283941.01,3283941.01,1.0,-75.02261425862909,78.26880597314391
2541,sushi.mua.g,sushi.mua.g,1,1,3042.0,123.0,32.078837871509876,712510.3025540254,712510.3025540254,2812214.73,2812214.73,4.0,-75.0621394106091,74.6637305127114
2542,.huongdang94,.huongdang94,1,1,6628.0,15473.0,42.27013479217589,712278.8763009162,712278.8763009162,714673.22,714673.22,2.0,-75.07023932946794,0.3350263633893796
2543,hanaah.28,hanaah.28,1,1,9040.0,0.0,24.796011112017403,711174.900820039,711174.900820039,23451777.99,23451777.99,1.0,-75.10887847129864,96.9675011373411
2544,dung.nguyen6789,dung.nguyen6789,1,1,388.0,135.75,29.07046085010097,708275.6663150082,708275.6663150082,6750511.19,6750511.19,0.0,-75.21035167897472,89.50782175779183
2545,duy2004.06,duy2004.06,1,1,5649.0,125.6,33.07726972275895,708068.0735057765,708068.0735057765,3029188.67,3029188.67,1.0,-75.21761742729782,76.62515773552737
2546,gicungduocc18,gicungduocc18,1,1,1530.0,0.0,22.0415779914453,675421.301635845,675421.301635845,5465036.05,5465036.05,4.0,-76.36025444274543,87.64104581458626
2547,lua.8386,lua.8386,1,1,2553.0,0.0,22.835312637339147,646055.8313493341,646055.8313493341,2200237.61,2200237.61,1.0,-77.3880459027733,70.6369971855297
2548,dungtran12031995,dungtran12031995,1,1,13500.0,0.0,25.417973493950825,643342.8078158811,643342.8078158811,21287344.41,21287344.41,6.0,-77.48300172644416,96.9778155723658
2549,mycutii41,mycutii41,1,1,25600.0,0.0,26.410441317591594,642123.4457279594,642123.4457279594,282821.85,282821.85,3.0,-77.52567939952142,127.04166800689532
2550,mintureview,mintureview,1,1,2260.0,356.0,33.586318030468384,639129.6905337564,639129.6905337564,234407.87,234407.87,3.0,-77.63046083131853,172.65709574245798
2551,lacdariviu,lacdariviu,1,1,693.0,0.0,20.814378998189788,638824.6534169102,638824.6534169102,8010721.02,8010721.02,0.0,-77.64113713040814,92.02537884140534
2552,hoanglinhmientay,hoanglinhmientay,1,1,221500.0,0.0,29.757294016981962,638391.8817257353,638391.8817257353,2533305.28,2533305.28,3.0,-95.96501745184636,74.80004140181103
2553,nihi2.3,nihi2.3,1,1,2065.0,289.70588235294116,33.06407688774045,611040.5200716024,611040.5200716024,100174.31,100174.31,1.0,-78.61358179749391,509.97726869454095
2554,ttp07zz,ttp07zz,1,1,2963.0,11773.0,40.51304875677451,607215.3254260656,607215.3254260656,1686853.62,1686853.62,2.0,-78.7474636100877,64.00308134465956
2555,xuxuclothes,xuxuclothes,1,1,3473.0,24631.0,42.133200132817684,589712.3024010503,589712.3024010503,27041.74,27041.74,2.0,-79.36006941596324,2080.7483630899874
2556,taphoa_khanh,taphoa_khanh,1,1,2592.0,356.0,33.79882500923563,582577.2228070467,582577.2228070467,234363.26,234363.26,3.0,-79.60979720175337,148.57873320547202
2557,boysnl.store,boysnl.store,1,1,40800.0,0.0,27.13334801961837,564991.6860253391,564991.6860253391,1001864.89,1001864.89,1.0,-80.61303038148347,43.606000004118414
2558,bngocdth,bngocdth,1,1,2818.0,0.0,22.988434718332737,564379.525223618,564379.525223618,4395227.79,4395227.79,3.0,-80.24671661717338,87.15926563561298
2559,santu1k,santu1k,1,1,7383.0,3645.3333333333335,39.74709266179388,553294.2695275784,553294.2695275784,36040.81,36040.81,1.0,-80.63470056653476,1435.1882200416096
2560,lyzuki,lyzuki,1,1,15400.0,0.0,25.62219843409828,524007.27857668966,524007.27857668966,179392.85,179392.85,3.0,-81.65974524981586,192.10042572861164
2561,daudautoday,daudautoday,1,1,15600.0,137.36363636363637,34.8180193653398,518887.2521365563,518887.2521365563,8148003.41,8148003.41,1.0,-81.83894617522053,93.6317251475407
2562,huynhhang170293,huynhhang170293,1,1,868.0,126.8,30.191155120659573,515088.04524951824,515088.04524951824,1100312.6,1100312.6,3.0,-81.97191841626686,53.18711743830633
2563,thongminh.123,thongminh.123,1,1,11300.0,0.0,25.14208398729722,509163.9978263749,509163.9978263749,282821.85,282821.85,2.0,-82.17926007607689,80.02993680522736
2564,tuyetgiangaytho,tuyetgiangaytho,2,2,3733.0,603.0357142857142,35.26310359859584,505452.0184199753,505452.0184199753,11177417.725,22354835.45,2.0,-82.30917935530087,67.14583196336693
2565,thichreview666,thichreview666,1,1,182200.0,289.0,40.00748203364178,504259.6283075461,504259.6283075461,1004023.0,1004023.0,2.0,-96.12533765296068,49.77608796735274
2566,thoitrangnunamshop,thoitrangnunamshop,1,1,5354.0,2936.4285714285716,38.84638168085882,501416.09038331854,501416.09038331854,385803.97,385803.97,1.0,-82.45043683658385,29.966545026304054
2567,quynhanh010,quynhanh010,1,1,6775.0,6153.111111111111,40.58799432749275,488601.4871990799,488601.4871990799,967992.38,967992.38,1.0,-82.8989479480322,49.5242424120033
2568,phuongthuy6997,phuongthuy6997,1,1,7381.0,5957.666666666667,40.66078416051278,486591.41860258626,486591.41860258626,490686.02,490686.02,1.0,-82.96930034890948,0.8344646536727824
2569,m.2.con.tp.xy.knh78,m.2.con.tp.xy.knh78,1,1,2604.0,1351.3,36.28486431228592,475445.09862809617,475445.09862809617,40548.66,40548.66,1.0,-83.35942154801663,1072.5297423591708
2570,emmenxinhdep7,emmenxinhdep7,1,1,75200.0,0.0,28.08175090056925,474482.24089896213,474482.24089896213,565643.69,565643.69,2.0,-91.1665540258172,16.116408741523806
2571,chin_taphoa,chin_taphoa,1,1,73600.0,0.0,28.048394112532748,474482.24089896213,474482.24089896213,35045726.25,35045726.25,2.0,-90.97452259159584,98.64610526968617
2572,vuian.mc,vuian.mc,1,1,25500.0,0.0,26.404370894941597,459853.708451488,459853.708451488,1131287.38,1131287.38,2.0,-83.90512020419791,59.351291583267894
2573,24.bt,24.bt,1,1,40200.0,1009.3333333333334,39.98664675002007,459632.0371489379,459632.0371489379,27042.78,27042.78,1.0,-83.99291412914145,1599.6478806873329
2574,wyn._.247,wyn._.247,1,1,171500.0,0.0,29.360476038903364,458309.6967827259,458309.6967827259,1156850.12,1156850.12,1.0,-96.25869635279408,60.382966742249565
2575,anhlonglanhreview,anhlonglanhreview,1,1,25800.0,0.0,26.422511350187257,440156.7014288039,440156.7014288039,3055244.64,3055244.64,1.0,-84.59451544999187,85.59340565838276
2576,shopyeucaidep,shopyeucaidep,1,1,4975.0,0.0,23.869810769332926,426108.6189853462,426108.6189853462,1131287.38,1131287.38,2.0,-85.08619833551288,62.334184353285515
2577,oanhkieu1812,oanhkieu1812,1,1,43100.0,267.0,37.62469899697231,421695.0684857419,421695.0684857419,4047350.29,4047350.29,1.0,-86.30224835545154,89.58095943591425
2578,yu.i.bn.nhaz,yu.i.bn.nhaz,1,1,2197.0,963.8888888888888,35.39309670789857,415871.65021290106,415871.65021290106,787436.78,787436.78,1.0,-85.44449224254846,47.18666173900322
2579,chan.chan4200,chan.chan4200,1,1,11300.0,1377.6666666666667,38.59690936967595,413072.9935328005,413072.9935328005,198106.59,198106.59,1.0,-85.54244522635199,108.51047586695654
2580,shop_ngoc_dong_nat,shop_ngoc_dong_nat,1,1,2452.0,2387.478260869565,37.2503918574766,412225.21728592826,412225.21728592826,45071.06,45071.06,1.0,-85.5721173949925,814.6117648130048
2581,p.cao.vn2,p.cao.vn2,1,1,285400.0,119.5,39.0689520146444,404950.86656096927,404950.86656096927,224695.58,224695.58,2.0,-98.01355566508285,80.22199927607356
2582,cauembeauty02,cauembeauty02,1,1,28600.0,267.0,36.98860568485944,399557.2650334558,399557.2650334558,0.0,0.0,0.0,-86.01549572382905,
2583,anhngocnguyen1809,anhngocnguyen1809,1,1,676.0,0.0,20.775911849250907,392353.89659200597,392353.89659200597,25672992.27,25672992.27,2.0,-86.26761361927979,98.47172510136075
2584,vimereview,vimereview,1,1,14100.0,156.11111111111111,34.89773148996123,391995.6953395993,391995.6953395993,526954.41,526954.41,2.0,-86.28015066311403,25.611079839032136
2585,htvan03,htvan03,1,1,2057.0,510.0,34.1079181304754,383761.7209200807,383761.7209200807,1005460.65,1005460.65,2.0,-86.56833976779717,61.832248639458875
2586,chuotbachthinghiem,chuotbachthinghiem,1,1,1269.0,109.5,30.50894673849432,379178.02464836295,379178.02464836295,529821.22,529821.22,2.0,-86.72876913730731,28.43283539146224
2587,van19902345678910,van19902345678910,1,1,3647.0,829.0,35.898625583364044,372877.5781507293,372877.5781507293,264125.31,264125.31,1.0,-86.94928476472448,41.17449711681523
2588,dinhvangfc,dinhvangfc,2,2,8249.0,80.11111111111111,32.83577499115095,362556.49592541525,362556.49592541525,2301316.38,4602632.76,0.5,-87.31052264261047,84.43200118866065
2589,duongvedqe0,duongvedqe0,1,1,6572.0,4146.7,39.80642518685876,358301.51792981924,358301.51792981924,895903.39,895903.39,1.0,-87.45944687245633,60.0066790762094
2590,chutieumymy.16,chutieumymy.16,2,2,1117.0,109.875,26.57660310688731,355737.86508509127,355737.86508509127,2592263.77,5184527.54,0.5,-87.5491747220218,86.27695606818409
2591,nanaphamspa,nanaphamspa,1,1,1573.0,752.3255813953489,34.41446647127691,354638.0437208948,354638.0437208948,160628.85,160628.85,1.0,-87.58766846976867,120.78103884880878
2592,hanniehappy.7391,hanniehappy.7391,1,1,75.0,44.5,24.48962111043951,340901.49985057017,340901.49985057017,1882129.28,1882129.28,2.0,-88.06844750523005,81.88745568792329
2593,ngocquyen.686,ngocquyen.686,1,1,5966.0,310.0,34.834768319138135,329209.2612491554,329209.2612491554,1153203.34,1153203.34,0.0,-88.47767585627956,71.4526267978763
2594,tiemnoidiatrung90,tiemnoidiatrung90,1,1,21600.0,2651.6666666666665,40.81985602609143,323829.2682364428,323829.2682364428,563587.72,563587.72,1.0,-88.6659756117245,42.54146129435843
2595,lananh_phng24,lananh_phng24,2,2,61900.0,0.0,27.779872507026333,322096.4106195455,322096.4106195455,1953398.915,3906797.83,0.5,-92.71510541409752,83.52639369516606
2596,myhontentui,myhontentui,1,1,1798.0,485.7142857142857,33.80866679312426,319130.8983903486,319130.8983903486,2498053.34,2498053.34,1.0,-88.8304185563378,87.22481648889257
2597,hiensanseo.94,hiensanseo.94,1,1,2920.0,2353.4285714285716,37.49450285813178,306594.61193054984,306594.61193054984,220625.68,220625.68,1.0,-89.26918858243076,38.96596802808715
2598,trannie11200,trannie11200,1,1,1913.0,3101.1,37.352126807902266,303701.7559213345,303701.7559213345,189323.47,189323.47,1.0,-89.37043854275329,60.41421379046903
2599,bimbeauty01,bimbeauty01,1,1,11100.0,220.5,35.16599001225442,286174.86466010986,286174.86466010986,179478.19,179478.19,1.0,-89.98387973689617,59.44826759179478
2600,phuongday2897,phuongday2897,1,1,21100.0,3554.0,41.328489917740725,280066.22153868695,280066.22153868695,108101.83,108101.83,1.0,-90.19768224614596,159.0763001317248
2601,songbi68,songbi68,1,1,1944.0,424.5882352941176,33.679906318723,275550.1644221033,275550.1644221033,8748326.73,8748326.73,0.0,-90.35574424522638,96.85025293491634
2602,kamkam_cb,kamkam_cb,1,1,2433.0,191.66666666666663,32.55269679636366,272002.4913294741,272002.4913294741,1578340.25,1578340.25,1.0,-90.47991280346841,82.76654914366695
2603,nhacoyen,nhacoyen,1,1,514800.0,0.0,31.065378618142432,270156.30213486205,270156.30213486205,0.0,0.0,1.0,-99.26530920165344,
2604,honghong_565,honghong_565,1,1,6885.0,0.0,24.373691647227794,268411.9495757573,268411.9495757573,0.0,0.0,0.0,-90.6055817648485,
2605,hoatran7221,hoatran7221,1,1,2089.0,154.66666666666666,31.919455953119947,264581.6208756541,264581.6208756541,392428.83,392428.83,1.0,-90.7396432693521,32.57844463780755
2606,chn.t91,chn.t91,1,1,16700.0,94.85714285714286,34.24056599259605,263239.19907605567,263239.19907605567,0.0,0.0,0.0,-90.78662803233804,
2607,bongdayyyy01,bongdayyyy01,1,1,40.0,168.5,25.9801933565393,254467.51678609315,254467.51678609315,1696629.78,1696629.78,1.0,-91.09363691248674,85.00158845578596
2608,yenoanh91k,yenoanh91k,1,1,4645.0,157.0,33.18619406198488,252706.34913381454,252706.34913381454,165593.51,165593.51,1.0,-91.1552777803165,52.60643314693585
2609,phuong2004k,phuong2004k,1,1,6238.0,2250.25,38.58817883851966,251883.85300234903,251883.85300234903,43533.31,43533.31,1.0,-91.1840651449178,478.6002787344887
2610,hienlamdep90,hienlamdep90,1,1,11100.0,720.0,37.36268228788429,246021.78362734924,246021.78362734924,0.0,0.0,1.0,-91.38923757304278,
2611,minhanh08455,minhanh08455,1,1,2319.0,1042.1875,35.62210520566113,245940.3313681364,245940.3313681364,30021.9,30021.9,1.0,-91.39208840211522,719.2030863074501
2612,anhthucuti734,anhthucuti734,1,1,3927.0,0.0,23.502993298152127,242166.93171442137,242166.93171442137,19467144.21,19467144.21,0.0,-91.52415738999524,98.75602230557256
2613,bemeunboxx,bemeunboxx,1,1,2387.0,940.5,35.47601905446057,241994.61164476388,241994.61164476388,4064918.75,4064918.75,1.0,-91.53018859243328,94.0467540305753
2614,kshappyreview68,kshappyreview68,1,1,3027.0,112.0,31.898273688541884,234843.99670678118,234843.99670678118,98872648.12,98872648.12,0.0,-91.78046011526266,99.7624782979194
2615,chipmunbap,chipmunbap,1,1,2433.0,909.2307692307692,35.4427464720391,234745.86839463367,234745.86839463367,570326.62,570326.62,1.0,-91.78389460618781,58.84009966172828
2616,nhanhyeu1986,nhanhyeu1986,1,1,3169.0,2560.0,37.77791919981952,224615.34859292678,224615.34859292678,76545.93,76545.93,1.0,-92.13846279924756,193.4386564941164
2617,hang19_hb,hang19_hb,1,1,21500.0,261.6842105263158,36.50873587021268,223026.8026962926,223026.8026962926,37533.2,37533.2,1.0,-92.19406190562975,494.2120647754325
2618,ba.nu.tictoc,ba.nu.tictoc,1,1,17700.0,84.5,34.117942020291274,220027.26022032928,220027.26022032928,1327465.57,1327465.57,1.0,-92.29904589228848,83.42501190292045
2619,hoathan.79,hoathan.79,1,1,4588.0,2259.6,38.11947551638834,216213.31370992764,216213.31370992764,273057.37,273057.37,1.0,-92.43253402015253,20.817623889833982
2620,luna.6686,luna.6686,1,1,12700.0,0.0,25.323230561540065,213547.74830923058,213547.74830923058,2003486.07,2003486.07,0.0,-92.52582880917693,89.34119126122845
2621,my230502,my230502,1,1,26300.0,605.1666666666666,38.37767621645355,211881.69352004761,211881.69352004761,49545.92,49545.92,1.0,-92.58414072679832,327.6471070070908
2622,th.thuong204,th.thuong204,1,1,10500.0,0.0,25.028204643563654,211320.8439383079,211320.8439383079,1001552.41,1001552.41,0.0,-92.60377046215923,78.90067041640808
2623,tai_xieu,tai_xieu,1,1,13200.0,0.0,25.383119543422655,210448.23061898866,210448.23061898866,282821.85,282821.85,1.0,-92.63431192833539,25.58982602688276
2624,q_uh11,q_uh11,1,1,70600.0,0.0,27.98384817525641,207616.6173455501,207616.6173455501,3362736.52,3362736.52,1.0,-95.88295659654717,93.825962393701
2625,buithiyviet,buithiyviet,1,1,15300.0,0.0,25.612094485193115,205949.6110645248,205949.6110645248,2102726.74,2102726.74,0.0,-92.79176361274163,90.20559318779934
2626,ngocthai9998,ngocthai9998,1,1,1126.0,277.0,32.04087250244167,203403.30518421854,203403.30518421854,6647693.29,6647693.29,0.0,-92.88088431855235,96.94024233202525
2627,ngocna735,ngocna735,1,1,11600.0,0.0,25.182721672294374,203099.54179407863,203099.54179407863,1302018.13,1302018.13,0.0,-92.89151603720724,84.40117406091122
2628,nguyet.review92,nguyet.review92,1,1,1390.0,740.7142857142857,34.19384902971957,202404.26584019416,202404.26584019416,3286991.64,3286991.64,1.0,-92.9158506955932,93.84226405150838
2629,diencf1991,diencf1991,1,1,3425.0,59.25,30.919294470035812,202336.2762787212,202336.2762787212,0.0,0.0,0.0,-92.91823033024475,
2630,taphoamebong568,taphoamebong568,1,1,7661.0,1133.75,37.631746418458754,202031.23773478268,202031.23773478268,78018.49,78018.49,1.0,-92.9289066792826,158.95302220638038
2631,emsontaphoa20,emsontaphoa20,1,1,1307.0,0.0,21.79740854042442,201931.89114828207,201931.89114828207,8867090.47,8867090.47,0.0,-92.93238380981012,97.72268150605345
2632,levanthuan477,levanthuan477,1,1,1365.0,222.0,31.928868445477672,200481.1283481669,200481.1283481669,250455.93,250455.93,1.0,-92.98316050781416,19.953531007164848
2633,me.minh.hieu.83,me.minh.hieu.83,1,1,626.0,1340.25,34.060520888667526,200338.69793430954,200338.69793430954,13520.87,13520.87,1.0,-92.98814557229916,1381.6997570001747
2634,duynguyenthanh653,duynguyenthanh653,1,1,1908.0,171.5,31.970069561941735,197980.79808872918,197980.79808872918,226642.81,226642.81,1.0,-93.07067206689447,12.646336281866086
2635,kiun689,kiun689,1,1,3124.0,2546.0,37.745540625936705,196011.17708167344,196011.17708167344,313639.03,313639.03,1.0,-93.13960880214144,37.504213974366195
2636,suny2336,suny2336,1,1,1464.0,53.0,29.397774180732466,192214.3838192982,192214.3838192982,1164145.52,1164145.52,1.0,-93.27249656632458,83.48880096886012
2637,ongthiviet323,ongthiviet323,1,1,1344.0,705.6,34.05141882178647,191375.0594860981,191375.0594860981,305194.21,305194.21,0.0,-93.30187291798657,37.29400715495288
2638,thu91qb,thu91qb,1,1,3266.0,814.1428571428571,35.69391510869101,190883.55313543143,190883.55313543143,198074.48,198074.48,0.0,-93.31907564025991,3.630415621724
2639,thu56.789,thu56.789,1,1,11100.0,0.0,25.114388372220542,185915.27828317208,185915.27828317208,1000942.89,1000942.89,0.0,-93.49296526008898,81.42598542428608
2640,thegioidotieudung,thegioidotieudung,1,1,10900.0,0.0,25.086189218788903,185915.27828317208,185915.27828317208,7813595.66,7813595.66,0.0,-93.49296526008898,97.62061813314803
2641,bunbo.0711,bunbo.0711,1,1,1482.0,79.5,30.159867286690478,185798.39926481215,185798.39926481215,3736442.84,3736442.84,0.0,-93.49705602573157,95.02739885979864
2642,leejcuin,leejcuin,1,1,3182.0,182.0,32.87301633709931,183178.8191265354,183178.8191265354,657018.38,657018.38,1.0,-93.58874133057127,72.11968116835095
2643,tuyenngoc9488,tuyenngoc9488,1,1,13600.0,0.0,25.42941957726849,183085.89742099232,183085.89742099232,0.0,0.0,0.0,-93.59199359026526,
2644,bandoxinn.10,bandoxinn.10,1,1,1081.0,106.0,30.20055152402013,180547.69186898798,180547.69186898798,694200.89,694200.89,1.0,-93.68083078458542,73.99201089053804
2645,nhunghaiphongreview,nhunghaiphongreview,1,1,154700.0,109.08108108108108,37.95076772684236,178687.90299711694,178687.90299711694,10922153.64,10922153.64,1.0,-98.38291490500346,98.3639865461816
2646,lehang849890gmail.com,lehang849890gmail.com,1,1,1183.0,0.0,21.642922678520925,175538.27268363276,175538.27268363276,2797678.61,2797678.61,0.0,-93.85616045607286,93.72557405070798
2647,my_hoai5,my_hoai5,1,1,1510.0,276.0,32.488952914192275,173090.4176611942,173090.4176611942,379614.34,379614.34,1.0,-93.94183538185821,54.40361455755487
2648,emareviewmoingay,emareviewmoingay,1,1,6883.0,1099.0,37.407781085921386,171691.52034634876,171691.52034634876,93074.75,93074.75,0.0,-93.9907967878778,84.46627076231606
2649,tham.store1,tham.store1,1,1,6217.0,77.0,32.32439596421103,171482.71514638292,171482.71514638292,12202546.75,12202546.75,0.0,-93.9981049698766,98.5946973311421
2650,phuongtocxinh1,phuongtocxinh1,1,1,1356.0,1443.3636363636365,35.395922594853516,170709.72441829072,170709.72441829072,222175.71,222175.71,0.0,-94.02515964535982,23.164541966225414
2651,hoaphuyen2,hoaphuyen2,1,1,25600.0,119.5,35.328957177591654,165316.45314315776,165316.45314315776,265854.59,265854.59,1.0,-94.21392413998947,37.81696485166656
2652,taphoa887,taphoa887,1,1,1671.0,112.5,30.98534977966953,161979.29457194227,161979.29457194227,506296.96,506296.96,1.0,-94.33072468998202,68.00705764222992
2653,tony.store08,tony.store08,1,1,886.0,368.1428571428572,32.19722718666617,160423.85277630907,160423.85277630907,58580.37,58580.37,0.0,-94.38516515282919,173.8525768551975
2654,tientien_thanhly,tientien_thanhly,1,1,1298.0,923.4285714285714,34.49758502896675,160075.2504544829,160075.2504544829,60050.41,60050.41,0.0,-94.3973662340931,166.56812243993488
2655,thuy.khenh.0210,thuy.khenh.0210,1,1,3543.0,571.8,35.16344267316494,155085.2507643851,155085.2507643851,79577.39,79577.39,0.0,-94.57201622324652,94.88607349950168
2656,lenhr3,lenhr3,1,1,9601.0,1209.0,38.10132416078812,151005.7110545813,151005.7110545813,95111.28,95111.28,0.0,-94.71480011308965,58.767404933022995
2657,dogiadung_megau,dogiadung_megau,1,1,2312.0,2319.6666666666665,37.10563418065152,146963.95638552413,146963.95638552413,141076.29,141076.29,0.0,-94.85626152650664,4.173391847435257
2658,quangthai150990,quangthai150990,1,1,2062.0,180.2,32.181984604545846,145889.70218476505,145889.70218476505,3028694.48,3028694.48,0.0,-94.89386042353323,95.18308290426293
2659,ngocmai07119x,ngocmai07119x,1,1,6234.0,0.0,24.219653931918852,143550.639513844,143550.639513844,282821.85,282821.85,1.0,-94.97572761701547,49.24344087493805
2660,taphoadaudau1,taphoadaudau1,1,1,1940.0,0.0,22.409614934483717,142981.2803188351,142981.2803188351,617084.48,617084.48,1.0,-94.99565518884077,76.82954523198589
2661,tienkhoa1603,tienkhoa1603,1,1,2170.0,427.6315789473685,33.86366945239854,142836.20264886803,142836.20264886803,157635.43,157635.43,0.0,-95.00073290728962,9.388262112858744
2662,tiengiao1,tiengiao1,1,1,2334.0,123.66666666666669,31.67804975730453,142576.82102558253,142576.82102558253,996661.48,996661.48,1.0,-95.00981126410461,85.69455889620792
2663,emphuongtaphoa69,emphuongtaphoa69,1,1,1685.0,1374.0,35.64102654060722,142236.26447775282,142236.26447775282,0.0,0.0,1.0,-95.02173074327865,
2664,tamtanluongtamkute,tamtanluongtamkute,1,1,299100.0,1242.0,43.485177960922236,142081.3788307322,142081.3788307322,4733167.89,4733167.89,1.0,-99.33495844077892,96.9981758067168
2665,mebaobieu97,mebaobieu97,1,1,2494.0,586.5,34.666237928811,135794.1323530822,135794.1323530822,40037.72,40037.72,0.0,-95.24720536764212,239.1654978182629
2666,langtudaohoa1989,langtudaohoa1989,1,1,13300.0,0.0,25.394824766218733,135262.45482517718,135262.45482517718,0.0,0.0,0.0,-95.2658140811188,
2667,lientaphoa05,lientaphoa05,1,1,3424.0,3227.0,38.32874080607574,134644.23943296558,134644.23943296558,13508.1,13508.1,0.0,-95.28745161984621,896.7666765345649
2668,taphoanhangan68,taphoanhangan68,1,1,1434.0,682.0,34.088654898094134,130382.72065349747,130382.72065349747,75070.72,75070.72,0.0,-95.43660477712758,73.67985900960782
2669,nghiatruong310,nghiatruong310,1,1,58700.0,0.0,27.697543345745473,128821.5521541194,128821.5521541194,96818026.0,96818026.0,0.0,-96.92759500824928,99.86694466157147
2670,shopthoctit,shopthoctit,1,1,1755.0,1270.3333333333333,35.558223056371716,128223.73007908225,128223.73007908225,69094.73,69094.73,0.0,-95.51216944723213,85.57671486534828
2671,hongtuyet65,hongtuyet65,1,1,1473.0,0.0,21.982729037613165,127898.1788210675,127898.1788210675,0.0,0.0,0.0,-95.52356374126263,
2672,linhtong6519,linhtong6519,1,1,1840.0,0.0,22.327572981834333,120198.35421380684,120198.35421380684,282821.85,282821.85,1.0,-95.79305760251677,57.50032954886376
2673,utchaureview7,utchaureview7,1,1,9191.0,89.0,33.197027337624434,119176.354929087,119176.354929087,0.0,0.0,0.0,-95.82882757748196,
2674,mongthu12334,mongthu12334,1,1,2077.0,346.0,33.402526929073716,118868.44113446008,118868.44113446008,59091.59,59091.59,0.0,-95.8396045602939,101.15965932624269
2675,hamster.review,hamster.review,1,1,8663.0,0.0,24.729946735191113,115127.56417504475,115127.56417504475,1414109.23,1414109.23,1.0,-95.97053525387344,91.85865124612441
2676,vit131092,vit131092,1,1,1234.0,147.33333333333334,31.01364320153413,114493.12632630901,114493.12632630901,1030695.51,1030695.51,1.0,-95.99274057857919,88.8916634238264
2677,dodientu7,dodientu7,1,1,1683.0,0.0,22.189316906476446,114304.37085848975,114304.37085848975,282821.85,282821.85,1.0,-95.99934701995286,59.584321063422166
2678,ngoctramvinhlong1,ngoctramvinhlong1,1,1,2294.0,0.0,22.669461913174846,113115.81844771343,113115.81844771343,282821.85,282821.85,1.0,-96.04094635433003,60.00456879561694
2679,duong.chau.nhi,duong.chau.nhi,1,1,4918.0,516.8571428571429,35.484269325659696,112112.85651769808,112112.85651769808,0.0,0.0,0.0,-96.07605002188056,
2680,mebopreview68,mebopreview68,1,1,1684.0,412.46666666666664,33.40355405639556,110939.44221008763,110939.44221008763,105052.73,105052.73,0.0,-96.11711952264693,5.603578517271878
2681,tap_hoa_em_tam,tap_hoa_em_tam,1,1,994.0,812.0,33.84499414950141,110678.31957005008,110678.31957005008,0.0,0.0,0.0,-96.12625881504825,
2682,nguyenlevi,nguyenlevi,1,1,63500.0,4212.0,43.35341759056245,108539.25746441213,108539.25746441213,962627.07,962627.07,1.0,-97.6070084968476,88.72468260585981
2683,gianggiadung123,gianggiadung123,1,1,2049.0,429.2,33.781517767248374,108058.5765796498,108058.5765796498,25528.5,25528.5,0.0,-96.21794981971226,323.2860394447374
2684,shopbaoanh8386,shopbaoanh8386,1,1,3755.0,1914.0,37.49998120575739,107012.5894475313,107012.5894475313,141132.95,141132.95,0.0,-96.2545593693364,24.176041493123122
2685,vinhung20,vinhung20,1,1,14000.0,0.0,25.474377487670917,106561.19054962049,106561.19054962049,1602788.85,1602788.85,0.0,-96.27035833076329,93.35151410932137
2686,xxrentvietnam,xxrentvietnam,1,1,6993.0,103.0,33.04225808188588,105492.48807407418,105492.48807407418,2369122.27,2369122.27,1.0,-96.3077629174074,95.5471910669231
2687,temgaomebap,temgaomebap,1,1,1932.0,831.8,34.91981192273631,105160.45799948167,105160.45799948167,133604.03,133604.03,0.0,-96.31938397001814,21.289456613335933
2688,thegioidecor6,thegioidecor6,1,1,46600.0,976.0,40.15334045757028,101166.54724805229,101166.54724805229,831605.0,831605.0,1.0,-96.96066167065938,87.83478367156854
2689,shopcaigicungcols,shopcaigicungcols,1,1,7219.0,719.3333333333334,36.693728691496304,101089.76712500336,101089.76712500336,66007.4,66007.4,0.0,-96.46185815062488,53.14914255826372
2690,nguyenhoaithoitrang,nguyenhoaithoitrang,1,1,3196.0,1655.0,36.97957734345279,99387.70292197433,99387.70292197433,11998.08,11998.08,0.0,-96.5214303977309,728.3633958264516
2691,m.ca.po0,m.ca.po0,1,1,1394.0,26.5,28.065857416596817,98496.61659477215,98496.61659477215,579788.67,579788.67,1.0,-96.55261841918298,83.01163480915001
2692,kenhme2conn,kenhme2conn,1,1,1505.0,0.0,22.01604149576952,96349.1693210514,96349.1693210514,282821.85,282821.85,0.0,-96.6277790737632,65.93291171772924
2693,.t.h.u.y.k.i.e.u,.t.h.u.y.k.i.e.u,1,1,3049.0,136.0,32.267968389556565,92525.67540038259,92525.67540038259,306052.43,306052.43,0.0,-96.76160136098662,69.7680311179419
2694,h.linh1831,h.linh1831,1,1,1621.0,432.25,33.43144200949459,87732.1685643196,87732.1685643196,18001.4,18001.4,0.0,-96.92937410024882,387.36303045496226
2695,kiuphan589,kiuphan589,1,1,2952.0,419.88235294117646,34.306867616519774,87607.29660449877,87607.29660449877,40015.66,40015.66,0.0,-96.93374461884254,118.93252942597663
2696,anan90658,anan90658,1,1,1901.0,379.0,33.434348055916864,83761.49749903714,83761.49749903714,40578.32,40578.32,0.0,-97.0683475875337,106.41933303063591
2697,ngagiadung12,ngagiadung12,1,1,3551.0,872.5,35.952339539393776,83475.77317422803,83475.77317422803,2631578.95,2631578.95,0.0,-97.07834793890203,96.82792062255142
2698,giadungtienich1260,giadungtienich1260,1,1,3575.0,981.0,36.18070684933022,82302.47535786168,82302.47535786168,69055.24,69055.24,0.0,-97.11941336247484,19.18353387499873
2699,maimp.review,maimp.review,1,1,902.0,617.5714285714286,33.1857935909549,81508.24328060115,81508.24328060115,10059288.66,10059288.66,0.0,-97.14721148517896,99.18972159925471
2700,simbi95,simbi95,1,1,1315.0,680.3333333333334,33.949835998532905,81061.6397257302,81061.6397257302,42039.6,42039.6,0.0,-97.16284260959944,92.8221004142052
2701,nghihayngu,nghihayngu,1,1,10900.0,377.6071428571428,36.13556973524029,79640.36075257488,79640.36075257488,16144557.11,16144557.11,1.0,-97.21258737365987,99.5067045803118
2702,shopmevabe521,shopmevabe521,1,1,2392.0,218.5,32.769038415636146,78872.63077256281,78872.63077256281,67538.15,67538.15,0.0,-97.2394579229603,16.782338237814955
2703,chi.thanh35,chi.thanh35,1,1,3328.0,0.0,23.246358714179184,77268.63763199108,77268.63763199108,282821.85,282821.85,0.0,-97.29559768288031,72.67939601130851
2704,thanhthuong2386,thanhthuong2386,1,1,2242.0,442.3333333333333,33.977044154472395,74457.48432611277,74457.48432611277,16509.97,16509.97,0.0,-97.39398804858605,350.98497650881717
2705,thuyngareview99,thuyngareview99,1,1,5015.0,925.0,36.59627619094037,74149.17254349108,74149.17254349108,17233559.25,17233559.25,0.0,-97.40477896097781,99.56973964885697
2706,huongheli5,huongheli5,1,1,1251.0,442.6666666666667,33.07406827686232,72010.10467580824,72010.10467580824,21004.22,21004.22,0.0,-97.47964633634672,242.83636657685093
2707,mylinh100102_,mylinh100102_,1,1,1623.0,311.0,32.822279163948984,71804.13726357404,71804.13726357404,240226.29,240226.29,0.0,-97.48685519577491,70.10979220318724
2708,meken289,meken289,1,1,667.0,1100.0,33.79138525620202,71055.80669734241,71055.80669734241,22543.51,22543.51,0.0,-97.51304676559303,215.19407003320433
2709,b.bumm24,b.bumm24,1,1,2956.0,0.0,23.062564177353238,68880.52250898344,68880.52250898344,52270770.91,52270770.91,0.0,-97.58918171218558,99.86822363376353
2710,tanluong999,tanluong999,1,1,4693.0,616.3333333333334,35.73869064830778,67099.92171030871,67099.92171030871,18013.66,18013.66,0.0,-97.6515027401392,272.4946607758152
2711,onnihuyen,onnihuyen,1,1,12400.0,313.5,35.99024324968307,66469.34669833643,66469.34669833643,16520.02,16520.02,0.0,-97.67357286555823,302.3563330936429
2712,hangkhenh65,hangkhenh65,1,1,1060.0,0.0,21.47279297069944,65732.7261936688,65732.7261936688,1399637.58,1399637.58,0.0,-97.69935458322159,95.3035895053869
2713,shopmayman1,shopmayman1,1,1,1701.0,31.0,28.656450589813097,64694.00528352469,64694.00528352469,179512.35,179512.35,0.0,-97.73570981507663,63.9612509760333
2714,nhmt1504,nhmt1504,1,1,652.0,82.0,28.944548310861062,62125.77814643958,62125.77814643958,331722.66,331722.66,0.0,-97.8255977648746,81.27177138081565
2715,gaoboreview,gaoboreview,1,1,4892.0,146.0,33.13222373249196,61153.1738934737,61153.1738934737,550958.67,550958.67,0.0,-97.85963891372842,88.90058778937562
2716,mylove.698,mylove.698,1,1,3833.0,87.0,31.798921232422956,60564.21776316953,60564.21776316953,383955.83,383955.83,0.0,-97.88025237828907,84.22625389926503
2717,ngocdayroi6868,ngocdayroi6868,1,1,2719.0,978.0,35.750624133176196,60037.29330645135,60037.29330645135,11998.08,11998.08,0.0,-97.8986947342742,400.39084008817537
2718,tun.nam741,tun.nam741,1,1,2399.0,839.0,35.27147503182,59451.16735142087,59451.16735142087,18027.95,18027.95,0.0,-97.91920914270027,229.77220011937501
2719,hoanghonghy90,hoanghonghy90,1,1,1126.0,0.0,21.566394870635737,59363.361719323686,59363.361719323686,87372.63,87372.63,0.0,-97.92228233982368,32.05725669546209
2720,hangnishop.69,hangnishop.69,1,1,957.0,521.75,32.96423209570724,59096.82231660197,59096.82231660197,27032.49,27032.49,0.0,-97.93161121891893,118.61405411266948
2721,vinvin.vmc,vinvin.vmc,1,1,1205.0,226.35294117647055,31.771623678782206,55865.59273276528,55865.59273276528,2006283.72,2006283.72,0.0,-98.0447042543532,97.21546897002358
2722,huynhnhu.229,huynhnhu.229,1,1,21700.0,274.5,36.6117581870671,55264.32304587495,55264.32304587495,15001.88,15001.88,0.0,-98.06574869339438,268.3826496804064
2723,na_ry_2002,na_ry_2002,1,1,1351.0,140.8,31.07019571372922,53964.57445447478,53964.57445447478,0.0,0.0,0.0,-98.11123989409339,
2724,ngockem0203,ngockem0203,1,1,1501.0,0.0,22.0119163558075,53608.335590421295,53608.335590421295,2103526.93,2103526.93,0.0,-98.12370825433526,97.4515022923704
2725,taphoaquyenquyen.22,taphoaquyenquyen.22,1,1,3545.0,624.0,35.32664777109172,52308.88241199433,52308.88241199433,30003.75,30003.75,0.0,-98.1691891155802,74.34114872972322
2726,truong7570,truong7570,1,1,1788.0,414.5,33.50557929036765,52209.55589144476,52209.55589144476,301571.32,301571.32,0.0,-98.17266554379943,82.68749299786042
2727,noihoai95,noihoai95,1,1,804.0,0.0,21.044509032165635,51988.07154154177,51988.07154154177,2893021.67,2893021.67,0.0,-98.18041749604603,98.20298368032819
2728,sonvuive2,sonvuive2,1,1,3096.0,446.0,34.49277449425568,51388.32834399271,51388.32834399271,39004.02,39004.02,0.0,-98.20140850796025,31.751363946569395
2729,huynh6886,huynh6886,1,1,1321.0,240.0,32.02256619931119,51159.75376036014,51159.75376036014,0.0,0.0,0.0,-98.2094086183874,
2730,minhxucm1,minhxucm1,1,1,12000.0,112.5,34.04242534157269,51131.79693072326,51131.79693072326,1663585.72,1663585.72,0.0,-98.21038710742468,96.92641044485984
2731,yeuhangviet1,yeuhangviet1,1,1,2051.0,0.0,22.49587143770362,51079.99602384133,51079.99602384133,282821.85,282821.85,0.0,-98.21220013916555,81.9391620471186
2732,builanh._8,builanh._8,1,1,1557.0,0.0,22.06869321498523,50535.18952071902,50535.18952071902,2250483.43,2250483.43,0.0,-98.23126836677484,97.75447404557345
2733,bangtan_01306,bangtan_01306,1,1,12600.0,326.6666666666667,36.09139410642946,50468.87520070388,50468.87520070388,21005.08,21005.08,0.0,-98.23358936797536,140.26985472420895
2734,loanleo96,loanleo96,1,1,265.0,388.1666666666667,30.427539394256314,49924.90615592259,49924.90615592259,45037.99,45037.99,0.0,-98.25262828454271,10.850653317171993
2735,khuyen.taphoa,khuyen.taphoa,1,1,2126.0,355.8,33.490514042018624,48583.20009123104,48583.20009123104,19516.84,19516.84,0.0,-98.29958799680692,148.92964276609862
2736,minhanhnangluong,minhanhnangluong,1,1,3817.0,654.0,35.52854324116054,47646.467611261185,47646.467611261185,0.0,0.0,0.0,-98.33237363360587,
2737,goitolawihgc2,goitolawihgc2,1,1,3563.0,497.0,34.911712611518595,47377.3598526276,47377.3598526276,24003.0,24003.0,0.0,-98.34179240515803,97.38099342843644
2738,vy.thao.doan99,vy.thao.doan99,1,1,4574.0,514.0,35.36152284649716,46647.6891721669,46647.6891721669,24022.63,24022.63,0.0,-98.36733087897416,94.18227384831262
2739,thanhhang1998kin,thanhhang1998kin,1,1,4388.0,77.0,31.784091907341043,45618.20855994319,45618.20855994319,189637.94,189637.94,0.0,-98.40336270040198,75.9445770398354
2740,thune12082008,thune12082008,1,1,3139.0,477.0,34.638963389393865,44126.494351993104,44126.494351993104,90105.42,90105.42,0.0,-98.45557269768025,51.027924455606446
2741,salimhwg,salimhwg,1,1,1200000.0,0.0,32.378029417534684,43751.574508781545,43751.574508781545,0.0,0.0,0.0,-99.94895649640641,
2742,m.hoa.em.chip,m.hoa.em.chip,1,1,1574.0,424.6666666666667,33.352966987266605,42828.28813956649,42828.28813956649,45075.02,45075.02,0.0,-98.50100991511516,4.984427872541175
2743,h.thanh.tm181,h.thanh.tm181,1,1,2977.0,0.0,23.073540494749565,42783.16560673134,42783.16560673134,0.0,0.0,0.0,-98.5025892037644,
2744,shopgiadung163,shopgiadung163,2,2,5793.0,673.9027777777778,36.230756129063245,42630.81834112979,42630.81834112979,28662616.93,57325233.86,0.0,-98.50792135806046,99.86269870824042
2745,mebanhbao47,mebanhbao47,1,1,2549.0,1431.5,36.35900128298493,41307.710789270306,41307.710789270306,4783444.05,4783444.05,0.0,-98.55423012237553,99.13644415284276
2746,shopngoan89,shopngoan89,1,1,3556.0,517.0,34.98195071895269,40868.38965269874,40868.38965269874,181694.67,181694.67,0.0,-98.56960636215555,77.50710593068099
2747,phuongbi.review,phuongbi.review,1,1,587.0,534.5,32.25198330516686,40784.52378353807,40784.52378353807,0.0,0.0,0.0,-98.57254166757617,
2748,yn.yn3838,yn.yn3838,1,1,3210.0,368.0,34.19192346698745,40074.364645812944,40074.364645812944,90048.06,90048.06,0.0,-98.59739723739655,55.49669293729044
2749,mt.nh7,mt.nh7,1,1,1224.0,185.4,31.42620646044914,39988.80305432969,39988.80305432969,13522.67,13522.67,0.0,-98.60039189309846,195.71677083245908
2750,thazh.trucc,thazh.trucc,1,1,943.0,597.0,33.19171443793148,39188.112226503006,39188.112226503006,22543.51,22543.51,0.0,-98.62841607207238,73.83323283065951
2751,38hbegai,38hbegai,1,1,4283.0,595.0,35.53146999042923,37351.04433091896,37351.04433091896,350775.7,350775.7,0.0,-98.69271344841783,89.35187234152224
2752,huongthao0311,huongthao0311,1,1,146.0,0.0,18.407085671315567,36844.48675188976,36844.48675188976,669271.9,669271.9,0.0,-98.71044296368386,94.49484032545071
2753,hanbeauty92,hanbeauty92,1,1,8522.0,262.3333333333333,35.07809327352575,35032.47738910633,35032.47738910633,36051.27,36051.27,0.0,-98.77386329138128,2.8259548440142788
2754,kieu_bao_ngoc.88888,kieu_bao_ngoc.88888,1,1,4303.0,288.85714285714283,34.19699891739833,33927.747040626135,33927.747040626135,73523.71,73523.71,0.0,-98.81252885357809,53.85468573249889
2755,emgao.0403,emgao.0403,1,1,1550.0,0.0,22.06170873101806,32850.58713000342,32850.58713000342,1000600.36,1000600.36,0.0,-98.85022945044987,96.71691232151831
2756,huyenbishop6688,huyenbishop6688,1,1,1379.0,0.0,21.880520477098017,32568.436226205264,32568.436226205264,22990876.39,22990876.39,0.0,-98.86010473208282,99.85834191061821
2757,2004thinhi,2004thinhi,1,1,1945.0,57.5,29.98713038690905,32329.281815603506,32329.281815603506,810450.43,810450.43,0.0,-98.86847513645388,96.01094889719492
2758,changiu.t02,changiu.t02,1,1,1416.0,126.0,30.937860524452166,30015.55944394167,30015.55944394167,17667973.81,17667973.81,0.0,-98.94945541946205,99.83011317671891
2759,hunh.79,hunh.79,1,1,3965.0,514.1428571428571,35.14047340309695,29778.91283878567,29778.91283878567,60039.09,60039.09,0.0,-98.9577380506425,50.400792485719435
2760,sch.hay.mi.ngy79,sch.hay.mi.ngy79,1,1,1167.0,315.5,32.337706889359445,28688.939841090316,28688.939841090316,0.0,0.0,0.0,-98.99588710556185,
2761,090502thuong,090502thuong,1,1,2600.0,0.0,22.86359642026537,28626.425215732157,28626.425215732157,0.0,0.0,0.0,-98.99807511744937,
2762,tranv.intage92,tranv.intage92,1,1,5147.0,0.0,23.922518506683012,28590.500558100648,28590.500558100648,1481961.04,1481961.04,0.0,-98.99933248046648,98.07076570932657
2763,hunggiaydep0,hunggiaydep0,1,1,5570.0,218.66666666666663,34.081131343929414,27952.302321243198,27952.302321243198,24019.32,24019.32,0.0,-99.02166941875649,16.374245071230987
2764,reviewcungnana,reviewcungnana,1,1,1565.0,0.0,22.07663715916944,27209.962545903563,27209.962545903563,2957786.23,2957786.23,0.0,-99.04765131089339,99.08005648718219
2765,phmkhuyen28,phmkhuyen28,1,1,1140.0,228.75,31.70521035216774,26004.043902070585,26004.043902070585,13515.81,13515.81,0.0,-99.08985846342753,92.39722889024473
2766,taphoamebo996,taphoamebo996,1,1,688.0,235.36363636363637,30.9756523166753,25332.057236385903,25332.057236385903,36044.92,36044.92,0.0,-99.1133779967265,29.72086708366698
2767,maily180,maily180,1,1,2992.0,287.0,33.62158688907556,24850.986357618396,24850.986357618396,18013.66,18013.66,0.0,-99.13021547748336,37.95634178516968
2768,monngon86,monngon86,1,1,240.0,815.0,31.652542368892746,24781.819894853834,24781.819894853834,13526.11,13526.11,0.0,-99.13263630368012,83.21468548499038
2769,bon.tran66,bon.tran66,1,1,1297.0,78.0,29.918192268700793,24402.574161436285,24402.574161436285,773792.42,773792.42,0.0,-99.14590990434974,96.84636686394055
2770,thu.hoai.clothing,thu.hoai.clothing,1,1,869.0,346.3333333333333,32.053862997230475,24357.686475757233,24357.686475757233,31536.07,31536.07,0.0,-99.14748097334851,22.762454307853726
2771,chamchiep99,chamchiep99,1,1,423.0,235.0,30.219738903058442,24033.874284556085,24033.874284556085,15004.33,15004.33,0.0,-99.15881440004053,60.17959005537791
2772,phucmyphamchodadep,phucmyphamchodadep,1,1,851.0,368.0,32.13406379832697,23809.69495892533,23809.69495892533,13508.1,13508.1,0.0,-99.16666067643762,76.26235339481741
2773,binhnguyen.2025,binhnguyen.2025,1,1,6462.0,91.0,32.69159348979568,23176.03403679451,23176.03403679451,540324.19,540324.19,0.0,-99.18883880871219,95.7107169240758
2774,lienmoon888,lienmoon888,1,1,356500.0,0.0,30.495454945085896,23003.062862002127,23003.062862002127,1065772.24,1065772.24,0.0,-99.90966539128526,97.84165302879326
2775,gaokisd39,gaokisd39,1,1,4043.0,279.0,34.035955037856006,22388.88767835128,22388.88767835128,15001.88,15001.88,0.0,-99.21638893125771,49.24054637386301
2776,mecuasau2014,mecuasau2014,1,1,1156.0,213.0,31.59463041886375,22293.640926096825,22293.640926096825,1280160.02,1280160.02,0.0,-99.21972256758662,98.25852701398246
2777,chitrainghiem.12,chitrainghiem.12,1,1,2222.0,243.0,32.85169243725999,21678.40489876026,21678.40489876026,9017.4,9017.4,0.0,-99.2412558285434,140.4063798740242
2778,pomofficial27,pomofficial27,1,1,757400.0,234.0,41.82597829089163,21003.87866550733,21003.87866550733,1012626.58,1012626.58,0.0,-99.96117582501756,97.92580215843167
2779,maiichii07,maiichii07,1,1,2093.0,0.0,22.527297583590947,20972.063159024583,20972.063159024583,0.0,0.0,0.0,-99.26597778943413,
2780,tragiang512,tragiang512,1,1,552000.0,427.0,42.451210709860426,20684.173952832833,20684.173952832833,451708.73,451708.73,0.0,-99.94754013852543,95.42090453889772
2781,loctam88,loctam88,1,1,1950.0,0.0,22.417585413027677,20097.093859916033,20097.093859916033,0.0,0.0,0.0,-99.29660171490295,
2782,mydiemgiadung,mydiemgiadung,1,1,1044.0,424.0,32.71374869598004,20084.276266582994,20084.276266582994,48006.0,48006.0,0.0,-99.2970503306696,58.16298740452653
2783,cachuapham1993,cachuapham1993,1,1,704.0,0.0,20.83877059281183,20065.89858486621,20065.89858486621,710915.07,710915.07,0.0,-99.29769354952968,97.17745488432729
2784,vtd20102003,vtd20102003,1,1,142000.0,0.0,29.067707276731852,20014.365336238665,20014.365336238665,0.0,0.0,0.0,-99.80267527133286,
2785,_doanhaimy,_doanhaimy,1,1,1200000.0,0.0,32.378029417534684,19835.535896137717,19835.535896137717,0.0,0.0,0.0,-99.97685854145452,
2786,v.tri.bt.n5,v.tri.bt.n5,1,1,1092.0,42.0,28.51946051535141,18881.453815589277,18881.453815589277,0.0,0.0,0.0,-99.33914911645438,
2787,hoai_decor,hoai_decor,1,1,847000.0,0.0,31.837680546298657,18808.855499318302,18808.855499318302,881399.66,881399.66,0.0,-99.96891098264575,97.86602419391467
2788,dtt_083,dtt_083,1,1,2705.0,37.0,29.69548122075717,18036.95736661954,18036.95736661954,199956.93,199956.93,0.0,-99.36870649216831,90.97957876897812
2789,_vithuthuy_2005,_vithuthuy_2005,1,1,1820.0,0.0,22.310630686549825,17972.9436575631,17972.9436575631,0.0,0.0,0.0,-99.37094697198529,
2790,min45873,min45873,2,2,27200.0,504.0,38.09000408292657,17428.119718070768,17428.119718070768,5745820.5200000005,11491641.040000001,0.0,-99.39001580986752,99.56358962476848
2791,hoang_thi_tham_16,hoang_thi_tham_16,1,1,1300.0,0.0,21.789085513952262,17233.529254609664,17233.529254609664,0.0,0.0,0.0,-99.39682647608866,
2792,phucdimo,phucdimo,1,1,37200.0,0.0,26.990075902206545,17094.302329717488,17094.302329717488,1847565.8,1847565.8,0.0,-99.40169941845988,99.07476625028903
2793,selinaquynh91,selinaquynh91,1,1,1061.0,0.0,21.47425415941934,17083.53732575536,17083.53732575536,0.0,0.0,0.0,-99.40207619359856,
2794,thudinh6880,thudinh6880,1,1,2590.0,191.0,32.64319827114145,16191.477490990235,16191.477490990235,69008.63,69008.63,0.0,-99.43329828781535,76.53702516483774
2795,tugkuvhlubkojntoblicag,tugkuvhlubkojntoblicag,1,1,1653.0,0.0,22.161436256838343,15989.140048489442,15989.140048489442,0.0,0.0,0.0,-99.44038009830287,
2796,phuongminhtruc,phuongminhtruc,1,1,1689.0,0.0,22.19483339733523,15930.531639330306,15930.531639330306,197650.47,197650.47,0.0,-99.44243139262345,91.94004869336749
2797,hangmelinh,hangmelinh,1,1,1519.0,0.0,22.03039369596652,15879.59782461482,15879.59782461482,0.0,0.0,0.0,-99.44421407613848,
2798,mebebun86,mebebun86,1,1,1279.0,250.5,32.05186495155349,15533.851328750414,15533.851328750414,12008.01,12008.01,0.0,-99.45631520349374,29.362411663134967
2799,shop.me_nhi,shop.me_nhi,1,1,13500.0,0.0,25.417973493950825,15390.71523245755,15390.71523245755,0.0,0.0,0.0,-99.46132496686398,
2800,lamthuynhannn,lamthuynhannn,1,1,14900.0,971.0,38.375291254136684,12892.125938450783,12892.125938450783,604051.05,604051.05,0.0,-99.54877559215421,97.86572245202608
2801,tramgosie99,tramgosie99,1,1,47400.0,178.0,37.02099200703095,12868.173610611473,12868.173610611473,901568.73,901568.73,0.0,-99.6199273617119,98.57269077970223
2802,dorischamchi,dorischamchi,1,1,793.0,0.0,21.02316839679528,12359.929998020756,12359.929998020756,18741814.62,18741814.62,0.0,-99.56740245006928,99.93405158332517
2803,thamdinh.86,thamdinh.86,1,1,1557.0,227.0,32.1741282108624,12292.062281616176,12292.062281616176,12003.95,12003.95,0.0,-99.56977782014343,2.4001456321975274
2804,lienbui7750,lienbui7750,1,1,1602.0,276.0,32.58062812082036,12252.108006562203,12252.108006562203,2707930.45,2707930.45,0.0,-99.57117621977032,99.54754716811274
2805,ngocchau8240,ngocchau8240,1,1,1548.0,29.333333333333332,28.410793638296017,12155.680916515339,12155.680916515339,765418.98,765418.98,0.0,-99.57455116792197,98.41189188743199
2806,myphamchi7dung,myphamchi7dung,1,1,1368.0,0.0,21.868107483363435,11835.075180684025,11835.075180684025,0.0,0.0,0.0,-99.58577236867606,
2807,quynhnhung899,quynhnhung899,1,1,1040.0,156.0,30.854274799995775,11035.991645291526,11035.991645291526,0.0,0.0,0.0,-99.6137402924148,
2808,oanhoanh_63,oanhoanh_63,1,1,3183.0,186.0,32.91374862474628,10996.233760766216,10996.233760766216,15001.88,15001.88,0.0,-99.61513181837319,26.70096174102035
2809,suzystyle11,suzystyle11,1,1,1605.0,55.4,29.621239640935265,10771.0048236471,10771.0048236471,2900046.08,2900046.08,0.0,-99.62301483117236,99.62859194210986
2810,shop.xinh985,shop.xinh985,1,1,1446.0,0.0,21.954054207776803,10665.89802186984,10665.89802186984,98038.36,98038.36,0.0,-99.62669356923456,89.1206890630669
2811,thanhnhandethuong,thanhnhandethuong,1,1,11300.0,791.0,37.565191831319524,10237.65645553931,10237.65645553931,7108810.49,7108810.49,0.0,-99.64168202405612,99.85598636410494
2812,tin.tin.shop43,tin.tin.shop43,1,1,1430.0,251.0,32.228524685383974,9056.406745041375,9056.406745041375,12001.5,12001.5,0.0,-99.68302576392355,24.53937636927572
2813,hoanganhdau890,hoanganhdau890,1,1,2003.0,69.0,30.366721420201724,9000.01277556023,9000.01277556023,0.0,0.0,0.0,-99.68499955285539,
2814,giadinhtomken,giadinhtomken,1,1,3318.0,1881.0,37.27577648485714,8942.826662543104,8942.826662543104,2471178.89,2471178.89,0.0,-99.68700106681099,99.63811496210445
2815,coutmientay.5,coutmientay.5,1,1,818.0,0.0,21.071251965544537,7953.095630362405,7953.095630362405,66004.39,66004.39,0.0,-99.72164165293731,87.95065656941546
2816,duongthuy9488,duongthuy9488,1,1,2853.0,162.74418604651163,32.49685594288849,7881.454738662566,7881.454738662566,0.0,0.0,0.0,-99.7241490841468,
2817,giadung.luongthao,giadung.luongthao,1,1,3187.0,47.0,30.384551535671328,7687.3440196205065,7687.3440196205065,0.0,0.0,0.0,-99.73094295931328,
2818,_nhmyee_,_nhmyee_,2,2,17500.0,74.42307692307692,33.661352566874264,7671.5953406013605,7671.5953406013605,263115.315,526230.63,0.0,-99.73149416307896,97.39283636673362
2819,moitapxaykenh.03,moitapxaykenh.03,1,1,650.0,245.66666666666663,30.96707206422507,7478.961645897878,7478.961645897878,54005.04,54005.04,0.0,-99.73823634239358,86.1513635655156
2820,ngochuong2403,ngochuong2403,1,1,1555.0,0.0,22.066700855415895,7341.384322819971,7341.384322819971,0.0,0.0,0.0,-99.7430515487013,
2821,lucanhshop,lucanhshop,1,1,11500.0,0.0,25.169293731865512,7305.527197837199,7305.527197837199,0.0,0.0,0.0,-99.74430654807568,
2822,vttuyenn123,vttuyenn123,1,1,1429.0,0.0,21.935723873412044,7294.377463330172,7294.377463330172,0.0,0.0,0.0,-99.74469678878344,
2823,gia.ho214,gia.ho214,1,1,1442.0,0.0,21.949760636283642,7170.774455079918,7170.774455079918,65061.29,65061.29,0.0,-99.7490228940722,88.97843179088531
2824,ucamle1990,ucamle1990,1,1,1056.0,0.0,21.466934411471815,7070.5830004162335,7070.5830004162335,143017.88,143017.88,0.0,-99.75252959498543,95.0561545168924
2825,thu_110808,thu_110808,1,1,3173.0,351.0,34.0861598020551,7001.67451275811,7001.67451275811,70082.0,70082.0,0.0,-99.75494139205347,90.00931121720541
2826,thuytien11922.tiktok,thuytien11922.tiktok,1,1,338.0,26.0,25.837510198235996,6731.9145730835835,6731.9145730835835,14510229.85,14510229.85,0.0,-99.76438298994206,99.95360573441859
2827,bezi_review,bezi_review,1,1,6218.0,28.25,30.499065119748657,6705.157621544995,6705.157621544995,358615.17,358615.17,0.0,-99.76531948324592,98.130263808543
2828,ro_titsieuquay,ro_titsieuquay,1,1,2270.0,0.0,22.653156357370495,6508.234715018771,6508.234715018771,0.0,0.0,0.0,-99.77221178497435,
2829,chihoahoa2907,chihoahoa2907,1,1,2220.0,0.0,22.618625730187368,6404.371898400499,6404.371898400499,109070.51,109070.51,0.0,-99.77584698355598,94.1282277873272
2830,nthn321,nthn321,1,1,1722.0,0.0,22.224828300128976,6246.771468000555,6246.771468000555,0.0,0.0,0.0,-99.78136299861998,
2831,em.beriview,em.beriview,1,1,5388.0,100.0,32.58343021688767,6075.531687444526,6075.531687444526,1269717.06,1269717.06,0.0,-99.78735639093944,99.52150507551309
2832,dao.thich.review,dao.thich.review,1,1,8453.0,23.375,30.635937231122075,6059.044025089718,6059.044025089718,0.0,0.0,0.0,-99.78793345912186,
2833,tuiminhanhne.03,tuiminhanhne.03,1,1,12300.0,178.0,34.928681000691924,6049.884402139101,6049.884402139101,0.0,0.0,0.0,-99.78825404592513,
2834,happysiro,happysiro,1,1,801.0,204.0,30.946234403530426,5811.357427895088,5811.357427895088,440751.74,440751.74,0.0,-99.79660249002367,98.68148962318446
2835,thm.m.phm2,thm.m.phm2,1,1,1519.0,0.0,22.03039369596652,5752.1000126204135,5752.1000126204135,45005.63,45005.63,0.0,-99.7986764995583,87.21915455328497
2836,tiem.em.seooo,tiem.em.seooo,1,1,285.0,259.0,29.789288157647487,5612.20563418354,5612.20563418354,871359.51,871359.51,0.0,-99.80357280280357,99.35592535919146
2837,vienvien.992,vienvien.992,1,1,1596.0,18.0,27.587413837693557,5395.71238188646,5395.71238188646,232721.15,232721.15,0.0,-99.81115006663399,97.68146883861374
2838,tjnkyeupain,tjnkyeupain,1,1,2597.0,0.0,22.861806400780534,5281.118885444017,5281.118885444017,0.0,0.0,0.0,-99.81516083900947,
2839,xxdux__,xxdux__,1,1,61100.0,337.0,38.597910630685824,5251.2517529839015,5251.2517529839015,0.0,0.0,0.0,-99.87967671924423,
2840,thaothidinh1998,thaothidinh1998,1,1,8510.0,0.0,24.702311545713464,5037.596230127423,5037.596230127423,0.0,0.0,0.0,-99.82368413194554,
2841,dodanhnhatminh86,dodanhnhatminh86,1,1,184.0,93.0,27.21997068083316,5004.688343069535,5004.688343069535,1519885.06,1519885.06,0.0,-99.82483590799256,99.67071928826844
2842,ngocbg196,ngocbg196,1,1,3192.0,0.0,23.18166272666192,4834.972669936247,4834.972669936247,0.0,0.0,0.0,-99.83077595655223,
2843,dnthu0908,dnthu0908,1,1,4306.0,0.0,23.645862556721767,4770.3774978587335,4770.3774978587335,9605763.46,9605763.46,0.0,-99.83303678757494,99.95033838259995
2844,bethone.029821,bethone.029821,1,1,12300.0,0.0,25.27359664210881,4601.0548552424625,4601.0548552424625,24456853.28,24456853.28,0.0,-99.8389630800665,99.9811870529599
2845,22ngoclinh0,22ngoclinh0,1,1,1545.0,171.0,31.637536628956788,4585.36150697822,4585.36150697822,45005.63,45005.63,0.0,-99.83951234725576,89.81158244651121
2846,ngnga88,ngnga88,1,1,1201.0,0.0,21.666325411517942,4578.339693531513,4578.339693531513,2124695.66,2124695.66,0.0,-99.8397581107264,99.7845178592057
2847,kimoanh240125,kimoanh240125,1,1,1202.0,0.0,21.66761526748538,4474.073807995572,4474.073807995572,1000942.89,1000942.89,0.0,-99.84340741672015,99.55301407775667
2848,hoaibe19982,hoaibe19982,1,1,1235.0,62.5,29.435762768444913,4473.285292947773,4473.285292947773,493375.21,493375.21,0.0,-99.84343501474683,99.09332994396947
2849,li_nhtyy0,li_nhtyy0,1,1,1690.0,0.0,22.195750907986923,4435.3394722426365,4435.3394722426365,701220.12,701220.12,0.0,-99.84476311847152,99.36748257134398
2850,thaophan2572020,thaophan2572020,1,1,2362.0,0.0,22.714751312033464,4356.37494730397,4356.37494730397,0.0,0.0,0.0,-99.84752687684436,
2851,yen_nhi150520,yen_nhi150520,1,1,1328.0,56.0,29.347290864160076,4164.488019949973,4164.488019949973,0.0,0.0,0.0,-99.85424291930175,
2852,mydunghangngoai,mydunghangngoai,1,1,2110.0,139.0,31.737530379229895,4151.344712584558,4151.344712584558,0.0,0.0,0.0,-99.85470293505955,
2853,beiucuaanh.aiu,beiucuaanh.aiu,1,1,3174.0,0.0,23.17289419488971,4065.8533315370105,4065.8533315370105,0.0,0.0,0.0,-99.8576951333962,
2854,tuyentrang1405,tuyentrang1405,1,1,2639.0,0.0,22.886680615386286,3844.298399326381,3844.298399326381,98038.36,98038.36,0.0,-99.86544955602358,96.07878140829122
2855,buivinh.cogiaomamnon93,buivinh.cogiaomamnon93,1,1,1489.0,0.0,21.999474697827996,3760.2191966076825,3760.2191966076825,0.0,0.0,0.0,-99.86839232811873,
2856,zoezoeshop,zoezoeshop,1,1,1228.0,0.0,21.700780465660365,3716.2877932582815,3716.2877932582815,32321.38,32321.38,0.0,-99.86992992723596,88.50207573668489
2857,ngocanhtran164,ngocanhtran164,1,1,4208.0,201.0,33.49023998607868,3662.9856952106315,3662.9856952106315,2404890.82,2404890.82,0.0,-99.87179550066763,99.84768598787322
2858,hlubkuvuatuskawg,hlubkuvuatuskawg,1,1,26100.0,438.0,37.76528996620331,3610.4009430073966,3610.4009430073966,0.0,0.0,0.0,-99.87363596699474,
2859,tuyethoaxinhdep71,tuyethoaxinhdep71,1,1,1814.0,0.0,22.305511699357336,3602.5752621879883,3602.5752621879883,8215856.6,8215856.6,0.0,-99.87390986582342,99.95615094764206
2860,theohhoang,theohhoang,1,1,2033.0,0.0,22.482205695456074,3585.9088996066957,3585.9088996066957,87372.63,87372.63,0.0,-99.87449318851377,95.89584415668075
2861,me3con_2000,me3con_2000,1,1,947.0,161.0,30.767474951918604,3168.315630961974,3168.315630961974,3852311.39,3852311.39,0.0,-99.88910895291633,99.9177554639226
2862,be16tay,be16tay,1,1,863.0,175.0,30.777841341378043,3094.1031002837544,3094.1031002837544,0.0,0.0,0.0,-99.89170639149006,
2863,duongvy0210,duongvy0210,1,1,2136.0,0.0,22.558825600614078,3018.7630731027566,3018.7630731027566,8209605.24,8209605.24,0.0,-99.8943432924414,99.96322888878512
2864,tuyetnhii165,tuyetnhii165,1,1,2322.0,0.0,22.68827091279728,2946.9568470792206,2946.9568470792206,4976775.39,4976775.39,0.0,-99.89685651035222,99.9407858178008
2865,chuyenhangthai1,chuyenhangthai1,1,1,4674.0,0.0,23.773029496811144,2914.877388828012,2914.877388828012,0.0,0.0,0.0,-99.89797929139102,
2866,xyoojhmoob886,xyoojhmoob886,1,1,7133.0,0.0,24.428570527721885,2889.1297968581503,2889.1297968581503,560259.73,560259.73,0.0,-99.89888045710997,99.48432313761722
2867,my1505202,my1505202,1,1,21300.0,207.0,36.059795060292934,2881.8742929518094,2881.8742929518094,234363.26,234363.26,0.0,-99.89913439974669,98.77033870711996
2868,thaovu.97,thaovu.97,1,1,1311.0,0.0,21.802144579864294,2757.8605232045743,2757.8605232045743,12016705.54,12016705.54,0.0,-99.90347488168784,99.97704977862671
2869,hoashop6688,hoashop6688,1,1,1309.0,0.0,21.799778367793703,2757.8605232045743,2757.8605232045743,0.0,0.0,0.0,-99.90347488168784,
2870,thaisang8787,thaisang8787,1,1,1431.0,0.0,21.93789166092279,2718.8947538517145,2718.8947538517145,99197.45,99197.45,0.0,-99.9048386836152,97.25910821916118
2871,khietnhinhi,khietnhinhi,1,1,79200.0,0.0,28.162133219089252,2705.420297754012,2705.420297754012,0.0,0.0,0.0,-99.9521769139286,
2872,_iamngi,_iamngi,1,1,1171.0,0.0,21.627122354673137,2644.641781609528,2644.641781609528,0.0,0.0,0.0,-99.90743753764366,
2873,trieuthihue5622,trieuthihue5622,1,1,1094.0,0.0,21.521717024948753,2593.8928057237526,2593.8928057237526,62224.09,62224.09,0.0,-99.90921375179967,95.83136883846151
2874,uyennhi.shop,uyennhi.shop,1,1,718.0,0.0,20.86926978330648,2556.741870942656,2556.741870942656,0.0,0.0,0.0,-99.910514034517,
2875,hieuhoang1974,hieuhoang1974,1,1,3849.0,0.0,23.471883478322244,2530.199005327211,2530.199005327211,128979.36,128979.36,0.0,-99.91144303481356,98.03829154887478
2876,cogainhieuseo,cogainhieuseo,1,1,2923.0,0.0,23.04515719088875,2427.8088608204766,2427.8088608204766,2604531.89,2604531.89,0.0,-99.91502668987128,99.9067852127232
2877,camnhungcamnhung4,camnhungcamnhung4,1,1,1731.0,0.0,22.232909050912053,2417.8813088288643,2417.8813088288643,0.0,0.0,0.0,-99.91537415419099,
2878,tongkhothailan2,tongkhothailan2,1,1,910.0,229.0,31.358065753271912,2406.067672167163,2406.067672167163,0.0,0.0,0.0,-99.91578763147415,
2879,_gthuonggg,_gthuonggg,1,1,103600.0,279.0,39.06650072272296,2312.1146624623566,2312.1146624623566,0.0,0.0,0.0,-99.96875520726401,
2880,thuylinh19945,thuylinh19945,1,1,3267.0,0.0,23.217673902584686,2258.273858662829,2258.273858662829,0.0,0.0,0.0,-99.9209604149468,
2881,duthivananh2000,duthivananh2000,1,1,1051.0,0.0,21.459579956197064,2194.9861049485226,2194.9861049485226,0.0,0.0,0.0,-99.9231754863268,
2882,thoitrangdep568,thoitrangdep568,1,1,6545.0,0.0,24.29515229986982,2106.125677024217,2106.125677024217,1531074.58,1531074.58,0.0,-99.92628560130416,99.86244133992321
2883,mewmew.shopme,mewmew.shopme,1,1,471.0,191.0,30.002036093414418,2088.937666793781,2088.937666793781,0.0,0.0,0.0,-99.92688718166221,
2884,nhtv1399,nhtv1399,1,1,28600.0,122.0,35.53904991132683,2072.56974329453,2072.56974329453,0.0,0.0,0.0,-99.92746005898469,
2885,tuyet_biii_97,tuyet_biii_97,1,1,4946.0,0.0,23.86074483610853,2028.3922713164843,2028.3922713164843,0.0,0.0,0.0,-99.92900627050393,
2886,shopmaihuynh,shopmaihuynh,1,1,5834.0,0.0,24.116812513152716,2005.8931446136799,2005.8931446136799,0.0,0.0,0.0,-99.92979373993852,
2887,trucxanh94,trucxanh94,1,1,1665.0,0.0,22.17264872767678,1987.8892859477498,1987.8892859477498,0.0,0.0,0.0,-99.93042387499183,
2888,tuyenhuynhkim5,tuyenhuynhkim5,1,1,2080.0,0.0,22.517638308182317,1853.599784707827,1853.599784707827,0.0,0.0,0.0,-99.93512400753522,
2889,lanchi.universe,lanchi.universe,1,1,32600.0,0.0,26.785348430163896,1839.981726649422,1839.981726649422,0.0,0.0,0.0,-99.93560063956727,
2890,dungbazic1,dungbazic1,1,1,1348.0,0.0,21.845280703283322,1774.9747932987475,1774.9747932987475,18212297.76,18212297.76,0.0,-99.93787588223454,99.9902539766443
2891,hangia789,hangia789,1,1,1301.0,0.0,21.790277255625536,1769.8617680052007,1769.8617680052007,7110191.05,7110191.05,0.0,-99.93805483811981,99.97510809828373
2892,phuong.gemini,phuong.gemini,1,1,479.0,40.0,27.154458940941815,1738.3083660855975,1738.3083660855975,136561.21,136561.21,0.0,-99.939159207187,98.72708482439076
2893,kimhong_review,kimhong_review,1,1,302000.0,0.0,30.23812504886975,1731.0005369182386,1731.0005369182386,0.0,0.0,0.0,-99.99197549419972,
2894,nguyanh_06,nguyanh_06,1,1,2375.0,0.0,22.723261007254912,1716.1586991305699,1716.1586991305699,710915.07,710915.07,0.0,-99.93993444553043,99.7585986327269
2895,quinz.ne,quinz.ne,1,1,1451.0,0.0,21.95940451219017,1708.5343611266374,1708.5343611266374,0.0,0.0,0.0,-99.94020129736056,
2896,mypham6688,mypham6688,1,1,1364.0,0.0,21.8635689235444,1677.8075957174553,1677.8075957174553,784306.9,784306.9,0.0,-99.94127673414988,99.78607766988694
2897,heppyshop678,heppyshop678,1,1,4201.0,54.166666666666664,31.07190989771269,1675.1548010540264,1675.1548010540264,0.0,0.0,0.0,-99.94136958196312,
2898,minhlatiny1111,minhlatiny1111,2,2,820.0,86.0,29.2015885903093,1658.2503109942409,1658.2503109942409,0.0,0.0,0.0,-99.9419612391152,
2899,bong_09072017,bong_09072017,1,1,3073.0,0.0,23.12275181497128,1628.351354319492,1628.351354319492,0.0,0.0,0.0,-99.94300770259882,
2900,nguyenanhhoa26,nguyenanhhoa26,1,1,2297.0,0.0,22.671488107730084,1475.769961201135,1475.769961201135,1001742.03,1001742.03,0.0,-99.94834805135795,99.85267964036598
2901,chibituenhi,chibituenhi,1,1,310800.0,0.0,30.282675143073902,1360.3266528437894,1360.3266528437894,0.0,0.0,0.0,-99.99387240246466,
2902,duanon0108,duanon0108,1,1,1758.0,0.0,22.256901735677957,1350.7211924648734,1350.7211924648734,350543.34,350543.34,0.0,-99.95272475826373,99.61467783342714
2903,taygay68,taygay68,1,1,2578.0,140.0,32.061360381516685,1268.7669854461878,1268.7669854461878,0.0,0.0,0.0,-99.95559315550938,
2904,m.ni.a.trung0,m.ni.a.trung0,1,1,1037.0,405.0,32.6181972226358,1254.4100430017784,1254.4100430017784,0.0,0.0,0.0,-99.95609564849494,
2905,dothuydobo,dothuydobo,1,1,319800.0,0.0,30.326951606929875,1242.9270169592728,1242.9270169592728,1520530.17,1520530.17,0.0,-99.99455879354677,99.918256997363
2906,khaduyle,khaduyle,1,1,240100.0,0.0,29.88235929337687,1217.5416350589026,1217.5416350589026,0.0,0.0,0.0,-99.99290063186555,
2907,xuyendo84,xuyendo84,1,1,3224.0,0.0,23.19712987096539,1206.6650600306496,1206.6650600306496,892176.56,892176.56,0.0,-99.95776672289894,99.86475041890468
2908,trangtran131,trangtran131,1,1,2338.0,0.0,22.698917384191645,1134.023480619981,1134.023480619981,950561.04,950561.04,0.0,-99.9603091781783,99.88069956237425
2909,linhngoc_097,linhngoc_097,1,1,5705.0,0.0,24.082137181009525,1121.6025876732479,1121.6025876732479,6998028.82,6998028.82,0.0,-99.96074390943144,99.98397259261826
2910,phuongtha2007,phuongtha2007,1,1,1795.0,0.0,22.289189210027015,1104.2646536582793,1104.2646536582793,7118878.4,7118878.4,0.0,-99.96135073712196,99.98448822143587
2911,taphoathaomyst,taphoathaomyst,1,1,1632.0,0.0,22.141617255247517,1085.4808910244365,1085.4808910244365,784414.98,784414.98,0.0,-99.96200816881414,99.86161905130567
2912,toilatranha9x,toilatranha9x,1,1,33600.0,0.0,26.83221014718842,1009.1451370198671,1009.1451370198671,129077.45,129077.45,0.0,-99.96467992020432,99.21818633927161
2913,phungshine9,phungshine9,1,1,23700.0,231.0,36.4286388359565,987.250541037177,987.250541037177,0.0,0.0,0.0,-99.96544623106371,
2914,eu92.lk,eu92.lk,1,1,1187.0,0.0,21.648153886553732,955.6211054263533,955.6211054263533,0.0,0.0,0.0,-99.96655326131008,
2915,xinet0901,xinet0901,1,1,2701.0,0.0,22.922685678792124,903.4707776272384,903.4707776272384,2975798.8,2975798.8,0.0,-99.96837852278306,99.96963938631781
2916,thaothichdep1,thaothichdep1,1,1,1915.0,682.4117647058823,34.538146681623246,877.390923688294,877.390923688294,6480076.28,6480076.28,0.0,-99.96929131767091,99.9864601759952
2917,cogai.m68,cogai.m68,1,1,5145.0,0.0,23.921915805408105,873.8963850511755,873.8963850511755,73280.82,73280.82,0.0,-99.9694136265232,98.80746915079392
2918,mai960425,mai960425,1,1,1678.0,68.33333333333333,30.074456519220185,867.7420374908221,867.7420374908221,0.0,0.0,0.0,-99.96962902868782,
2919,lythichskincare,lythichskincare,1,1,398000.0,0.0,30.666252839958254,789.3606258707363,789.3606258707363,604051.05,604051.05,0.0,-99.99722335458236,99.86932219952755
2920,giadungnhagao39,giadungnhagao39,1,1,3713.0,0.0,23.416101942579974,774.3647383494836,774.3647383494836,63061.02,63061.02,0.0,-99.97289723415777,98.77203898961754
2921,pt.hoaa,pt.hoaa,1,1,113.0,74.5,26.061099404340343,766.3528249014498,766.3528249014498,0.0,0.0,0.0,-99.97317765112845,
2922,honglieu1989,honglieu1989,1,1,8138.0,0.0,24.632991753164056,730.2966485363346,730.2966485363346,65457.33,65457.33,0.0,-99.97443961730124,98.88431647221734
2923,nhatminh_399,nhatminh_399,1,1,4603.0,0.0,23.749292710348477,712.570858756453,712.570858756453,0.0,0.0,0.0,-99.97506001994353,
2924,dungamy_,dungamy_,1,1,55500.0,0.0,27.610598019321515,652.4634079084938,652.4634079084938,0.0,0.0,0.0,-99.98354146358429,
2925,van.korea,van.korea,1,1,67800.0,0.0,27.92108120012799,641.225179820412,641.225179820412,0.0,0.0,0.0,-99.98675936206861,
2926,ngannguyen6596,ngannguyen6596,1,1,2683.0,46.0,30.078452049874134,634.5823609201718,634.5823609201718,44992.8,44992.8,0.0,-99.97778961736779,98.58959131034261
2927,giai_tri592,giai_tri592,1,1,8184.0,0.0,24.641733307633753,627.5704761588566,627.5704761588566,1981002.59,1981002.59,0.0,-99.97803503333445,99.96832056256126
2928,nevabedau,nevabedau,1,1,2940.0,45.0,30.180253768903764,626.6184114967657,626.6184114967657,0.0,0.0,0.0,-99.97806835559761,
2929,ttnthuy923,ttnthuy923,1,1,509500.0,0.0,31.04932739997663,624.2185869139454,624.2185869139454,1850535.19,1850535.19,0.0,-99.99828477719004,99.96626821309385
2930,tuanngocvo83,tuanngocvo83,1,1,304300.0,0.0,30.249892900695706,612.1146898200367,612.1146898200367,0.0,0.0,0.0,-99.9971838298858,
2931,thuong22m,thuong22m,1,1,7076.0,0.0,24.41612799423809,611.8460219521996,611.8460219521996,1399605.76,1399605.76,0.0,-99.97858538923167,99.95628440240543
2932,thuykool_,thuykool_,1,1,1316.0,143.75,31.06783818952627,585.3022130814812,585.3022130814812,4140417.65,4140417.65,0.0,-99.97951442254215,99.98586369147853
2933,triu.thi.phuong2,triu.thi.phuong2,1,1,697.0,6592.0,37.19079190751839,582.6814913182814,582.6814913182814,31340850.83,31340850.83,0.0,-99.97960614780385,99.99814082427282
2934,ngochan150896,ngochan150896,1,1,1775.0,15.5,27.48960832836248,576.8524542892653,576.8524542892653,0.0,0.0,0.0,-99.97981016409987,
2935,nhhh761,nhhh761,1,1,2257.0,118.0,31.539453291667535,565.4922937856011,565.4922937856011,0.0,0.0,0.0,-99.98020776971751,
2936,hakieu1998,hakieu1998,1,1,75600.0,107.0,36.804652385513904,537.4460706715726,537.4460706715726,318560.35,318560.35,0.0,-99.99004729498758,99.83128908834024
2937,kimkhuya92,kimkhuya92,1,1,8323.0,226.0,34.76510616062403,520.8662040733561,520.8662040733561,4586795.52,4586795.52,0.0,-99.98176968285742,99.9886442244525
2938,ngocshop097,ngocshop097,1,1,6284.0,18.0,29.712415131236376,483.80436189319175,483.80436189319175,0.0,0.0,0.0,-99.98306684733375,
2939,hieu180900,hieu180900,1,1,1664.0,329.6666666666667,32.96910488102544,481.0217433922238,481.0217433922238,13783026.5,13783026.5,0.0,-99.98316423898127,99.99651004267174
2940,giayxinh886,giayxinh886,1,1,6546.0,0.0,24.295389228261246,404.08494501373923,404.08494501373923,860635.04,860635.04,0.0,-99.98585702692452,99.95304804868115
2941,nguyenkhanhha1993,nguyenkhanhha1993,1,1,5462.0,21.0,29.767875182091785,388.0841697787136,388.0841697787136,261937.54,261937.54,0.0,-99.98641705405775,99.8518409504118
2942,phanthithuytin1,phanthithuytin1,1,1,1229.0,117.0,30.5815362581348,363.8260590515278,363.8260590515278,0.0,0.0,0.0,-99.98726608793321,
2943,userr8cd2zyxjm,userr8cd2zyxjm,1,1,2832.0,343.0,33.867083328463174,350.7204481475257,350.7204481475257,0.0,0.0,0.0,-99.98772478431485,
2944,bao_boi8386,bao_boi8386,1,1,4142.0,0.0,23.5856484911514,345.9845131323529,345.9845131323529,0.0,0.0,0.0,-99.98789054204038,
2945,hue.hoang019,hue.hoang019,1,1,1640.0,0.0,22.149197242044867,335.8222678965562,335.8222678965562,529821.22,529821.22,0.0,-99.98824622062362,99.93661592718075
2946,tuyetthichchamda,tuyetthichchamda,1,1,647.0,0.0,20.70800591104881,320.5858971303581,320.5858971303581,629623.2,629623.2,0.0,-99.98877949360043,99.94908289638464
2947,thuanthuyfamily2001,thuanthuyfamily2001,1,1,41900.0,0.0,27.1746108066267,286.9165270232652,286.9165270232652,0.0,0.0,0.0,-99.99041329026652,
2948,ntha.7,ntha.7,1,1,4930.0,109.0,32.60454590456313,275.276165636865,275.276165636865,0.0,0.0,0.0,-99.9903653342027,
2949,quyene07,quyene07,1,1,4912.0,141.0,33.07414073262638,255.0308420149893,255.0308420149893,0.0,0.0,0.0,-99.99107392052947,
2950,dinovux,dinovux,1,1,297000.0,0.0,30.212230515350996,236.45837108336377,236.45837108336377,0.0,0.0,0.0,-99.99888538141577,
2951,phuonganhxinhnee24,phuonganhxinhnee24,1,1,143400.0,0.0,29.08292433767302,206.41387549447958,206.41387549447958,0.0,0.0,0.0,-99.99798480177341,
2952,.kienstoreskincare,.kienstoreskincare,1,1,1536.0,122.0,31.004380830583795,203.2350218861324,203.2350218861324,468592.79,468592.79,0.0,-99.99288677423398,99.95662864938957
2953,maymay270900,maymay270900,1,1,2666.0,1370.0,36.34690922676003,196.21563285775522,196.21563285775522,13276805.55,13276805.55,0.0,-99.99313245284998,99.99852211714543
2954,thlll7,thlll7,1,1,4065.0,316.3333333333333,34.27733154410906,195.14730785442896,195.14730785442896,0.0,0.0,0.0,-99.9931698442251,
2955,.d24921,.d24921,1,1,13700.0,444.0,36.79089607424291,193.67608861631925,193.67608861631925,0.0,0.0,0.0,-99.99322133689843,
2956,..2272826268385,..2272826268385,1,1,7102.0,0.0,24.42181591944136,192.79187659781593,192.79187659781593,0.0,0.0,0.0,-99.99325228431908,
2957,hongphuc405,hongphuc405,1,1,2831.0,16.0,28.26892353842884,190.4421669697141,190.4421669697141,161007.21,161007.21,0.0,-99.99333452415607,99.88171823673629
2958,ngoc_han_review,ngoc_han_review,1,1,36100.0,0.0,26.943520965885604,188.18961155887095,188.18961155887095,0.0,0.0,0.0,-99.99341336359544,
2959,hoang71banhang,hoang71banhang,1,1,2737.0,275.0,33.40425346229881,187.9730001482539,187.9730001482539,1059510.71,1059510.71,0.0,-99.99342094499481,99.98225850872727
2960,tieuuuyeuuu1234,tieuuuyeuuu1234,1,1,560.0,0.0,20.484391110241766,180.47382876569588,180.47382876569588,0.0,0.0,0.0,-99.99368341599319,
2961,yangho0910,yangho0910,1,1,100500.0,0.0,28.531560781090377,180.03579177273025,180.03579177273025,0.0,0.0,0.0,-99.99749203872157,
2962,quynhtram.288,quynhtram.288,1,1,100400.0,0.0,28.530016693087713,180.03579177273025,180.03579177273025,1448416.04,1448416.04,0.0,-99.99748954075218,99.98757016031301
2963,kimskincare,kimskincare,1,1,40600.0,0.0,27.125726315815125,172.94698105045347,172.94698105045347,0.0,0.0,0.0,-99.99403631099825,
2964,megame2026,megame2026,1,1,6919.0,109.0,33.13015694389363,170.26880186266283,170.26880186266283,0.0,0.0,0.0,-99.9940405919348,
2965,k275926,k275926,1,1,1128.0,103.75,30.226947902064094,163.96152171891958,163.96152171891958,9043846.2,9043846.2,0.0,-99.99426134673983,99.99818703770396
2966,goctixiuriviu,goctixiuriviu,1,1,6399.0,0.0,24.260166489415095,145.28151025066754,145.28151025066754,0.0,0.0,0.0,-99.99491514714123,
2967,quangcuon.review,quangcuon.review,1,1,3059.0,200.0,32.98651186885461,139.5085716408186,139.5085716408186,0.0,0.0,0.0,-99.99511719999258,
2968,gaibegao204,gaibegao204,1,1,1225.0,163.0,31.18917756733946,132.49325229740188,132.49325229740188,4061635.42,4061635.42,0.0,-99.9953627361696,99.99673793340375
2969,mylaiskinshop95,mylaiskinshop95,1,1,30500.0,0.0,26.682073989720568,131.56065065158975,131.56065065158975,0.0,0.0,0.0,-99.9953953772272,
2970,duongmiushop,duongmiushop,1,1,12100.0,0.0,25.248171079554748,129.20378310576677,129.20378310576677,0.0,0.0,0.0,-99.9954778675913,
2971,beautytips4.0,beautytips4.0,1,1,273400.0,0.0,30.08380975592624,113.52463553650907,113.52463553650907,1379736.89,1379736.89,0.0,-99.99941867414137,99.99177200839092
2972,usero61rsr48ma,usero61rsr48ma,1,1,1081.0,0.0,21.503192530758017,111.87030407665809,111.87030407665809,0.0,0.0,0.0,-99.99608453935733,
2973,nhulan323,nhulan323,1,1,7345.0,0.0,24.473991309607726,108.74546708369945,108.74546708369945,0.0,0.0,0.0,-99.99619390865206,
2974,minhtuan1_0,minhtuan1_0,1,1,1826.0,304.0,32.962732080368276,105.55841290498535,105.55841290498535,1500611.06,1500611.06,0.0,-99.99630545554832,99.99296563808446
2975,.chibong19,.chibong19,1,1,2069.0,0.0,22.509417826966498,97.54679714577664,97.54679714577664,0.0,0.0,0.0,-99.9965858620999,
2976,_h.nqzoc.05_,_h.nqzoc.05_,1,1,2229.0,0.0,22.62489824621876,83.08823488550681,83.08823488550681,0.0,0.0,0.0,-99.997091911779,
2977,huongmit2206,huongmit2206,1,1,2633.0,37.0,29.653652572317256,79.2465492236185,79.2465492236185,360558.87,360558.87,0.0,-99.99722637077718,99.97802118993118
2978,kimnguu55,kimnguu55,1,1,8199.0,0.0,24.64457319560098,75.68555433250097,75.68555433250097,0.0,0.0,0.0,-99.99735100559836,
2979,thuyreview1111,thuyreview1111,1,1,4722.0,71.0,31.7488698976334,72.21702302107691,72.21702302107691,0.0,0.0,0.0,-99.99747240419427,
2980,qunh.anh.clothes,qunh.anh.clothes,1,1,3473.0,0.0,23.31248735289181,61.60145654867296,61.60145654867296,0.0,0.0,0.0,-99.99784394902079,
2981,thichreview_hp,thichreview_hp,1,1,3282.0,0.0,23.22477688421549,58.11613540361614,58.11613540361614,0.0,0.0,0.0,-99.99796593526086,
2982,nhanh996600,nhanh996600,1,1,152600.0,0.0,29.179371478867154,55.808220055107455,55.808220055107455,0.0,0.0,0.0,-99.99948799798115,
2983,meomeokol,meomeokol,1,1,4971.0,58.25,31.465799200439466,53.68597017925287,53.68597017925287,1910961.99,1910961.99,0.0,-99.99812099104372,99.9971906311868
2984,anhchuhr90,anhchuhr90,1,1,1758.0,0.0,22.256901735677957,52.161172221237706,52.161172221237706,1399605.76,1399605.76,0.0,-99.99817435897226,99.99627315250395
2985,nhathaientertainment,nhathaientertainment,1,1,1900000.0,0.0,33.09078734728854,49.427324416531235,49.427324416531235,5163761.14,5163761.14,0.0,-99.99996357986622,99.99904280381922
2986,trang.nhunnn,trang.nhunnn,1,1,2311.0,0.0,22.680908841229584,49.0032444264056,49.0032444264056,0.0,0.0,0.0,-99.99828488644506,
2987,showbiz.store,showbiz.store,1,1,12200.0,0.0,25.26093595870741,47.33498325010086,47.33498325010086,0.0,0.0,0.0,-99.99834327558624,
2988,nguyendiemnguye1,nguyendiemnguye1,1,1,1714.0,0.0,22.217609896355047,46.36050603068736,46.36050603068736,6303782.27,6303782.27,0.0,-99.99837738228892,99.9992645604806
2989,tenbui28,tenbui28,1,1,3969.0,2755.0,38.2635435048993,45.41035132021333,45.41035132021333,0.0,0.0,0.0,-99.9984106377038,
2990,hongcao0111,hongcao0111,1,1,457800.0,0.0,30.883369173355835,38.618294750449756,38.618294750449756,0.0,0.0,0.0,-99.99988190123929,
2991,minchimoah,minchimoah,1,1,38900.0,0.0,27.059383584837065,37.26011821825316,37.26011821825316,26760468.54,26760468.54,0.0,-99.99869589586235,99.99986076432793
2992,h1985_.hien,h1985_.hien,1,1,7176.0,26.0,30.572307483250462,35.598222627568774,35.598222627568774,0.0,0.0,0.0,-99.99875406220802,
2993,sansalecungsvy,sansalecungsvy,1,1,1064.0,94.0,29.95458774029104,32.887493589859616,32.887493589859616,0.0,0.0,0.0,-99.99884893772436,
2994,huyentrang95dh19,huyentrang95dh19,1,1,17900.0,0.0,25.855514045873917,32.11815853547962,32.11815853547962,0.0,0.0,0.0,-99.99887586445126,
2995,hongnhung19932,hongnhung19932,1,1,980.0,72.25,29.34323141583385,29.54635596895858,29.54635596895858,0.0,0.0,0.0,-99.99896587754108,
2996,nguyenthikimtich94,nguyenthikimtich94,1,1,17000.0,0.0,25.775503956361025,28.519960430039735,28.519960430039735,0.0,0.0,0.0,-99.99900180138495,
2997,zoe.nngg,zoe.nngg,1,1,64900.0,0.0,27.853278661813736,28.015222664508478,28.015222664508478,0.0,0.0,0.0,-99.9993956654587,
2998,hanthichunbox,hanthichunbox,1,1,1813.0,0.0,22.304656889905303,23.590674953250698,23.590674953250698,0.0,0.0,0.0,-99.99917432637663,
2999,smailing9x,smailing9x,1,1,3882.0,0.0,23.485121553374206,22.33294064030244,22.33294064030244,0.0,0.0,0.0,-99.99921834707757,
3000,vera..03_74,vera..03_74,1,1,877.0,0.0,21.179147015395436,19.906803013745236,19.906803013745236,0.0,0.0,0.0,-99.99930326189453,
3001,huynhphuong4379,huynhphuong4379,1,1,597.0,0.0,20.583456547956605,19.84579096716988,19.84579096716988,0.0,0.0,0.0,-99.99930539731615,
3002,djsae78,djsae78,1,1,520.0,0.0,20.369658475394175,19.84579096716988,19.84579096716988,0.0,0.0,0.0,-99.99930539731615,
3003,tam_ngoc_868677,tam_ngoc_868677,1,1,1272.0,0.0,21.755339468061877,18.811169693899842,18.811169693899842,0.0,0.0,0.0,-99.99934160906072,
3004,hoa.tyro1,hoa.tyro1,2,2,1763.0,31.0,28.635257971036523,18.48572571879491,18.48572571879491,0.0,0.0,0.0,-99.99935299959984,
3005,josiaomi74e,josiaomi74e,1,1,5212.0,0.0,23.941979887614664,18.409025322534543,18.409025322534543,379454.46,379454.46,0.0,-99.99935568411371,99.99514855476399
3006,emvienriviu,emvienriviu,1,1,1057.0,35.0,28.138268946197492,15.986569815523028,15.986569815523028,343499.79,343499.79,0.0,-99.99944047005646,99.99534597391879
3007,linhchiibi,linhchiibi,1,1,336400.0,0.0,30.40544253752517,15.453149626713127,15.453149626713127,0.0,0.0,0.0,-99.99993568843793,
3008,fbhong_hanh,fbhong_hanh,1,1,358.0,0.0,19.79200392640233,13.25167922927744,13.25167922927744,0.0,0.0,0.0,-99.99953619122697,
3009,hl_709,hl_709,1,1,342.0,0.0,19.721288467785534,13.25167922927744,13.25167922927744,0.0,0.0,0.0,-99.99953619122697,
3010,bear.kisd,bear.kisd,1,1,128.0,0.0,18.204487013826363,13.25167922927744,13.25167922927744,0.0,0.0,0.0,-99.99953619122697,
3011,haibeauty66,haibeauty66,1,1,2210.0,0.0,22.61162638748165,12.116648443085591,12.116648443085591,0.0,0.0,0.0,-99.9995759173045,
3012,myphammyphu,myphammyphu,1,1,4915.0,0.0,23.85099470706272,11.936391024192142,11.936391024192142,620372.22,620372.22,0.0,-99.99958222631416,99.99807593076554
3013,huyen_em2001,huyen_em2001,1,1,2447.0,110.5,31.54359958833664,11.770965906774618,11.770965906774618,0.0,0.0,0.0,-99.99958801619326,
3014,hzyy_____,hzyy_____,1,1,4022.0,0.0,23.540059560266265,10.169735358332677,10.169735358332677,0.0,0.0,0.0,-99.99964405926247,
3015,tn_2025_,tn_2025_,1,1,1342.0,0.0,21.838366642600544,10.13841985968822,10.13841985968822,0.0,0.0,0.0,-99.99964515530492,
3016,meihancosmetics,meihancosmetics,1,1,6937.0,0.0,24.385360494074636,9.923420451685695,9.923420451685695,0.0,0.0,0.0,-99.99965268028419,
3017,huong351992,huong351992,1,1,6814.0,0.0,24.357616082334808,9.820792010133268,9.820792010133268,0.0,0.0,0.0,-99.99965627227965,
3018,meaibimsua,meaibimsua,1,1,3834.0,0.0,23.465828616847308,9.769571312479256,9.769571312479256,0.0,0.0,0.0,-99.99965806500406,
3019,niidu.9339,niidu.9339,1,1,5636.0,0.0,24.063266707909207,9.628144207379027,9.628144207379027,0.0,0.0,0.0,-99.99966301495274,
3020,shop.suaphuongthanh,shop.suaphuongthanh,1,1,2916.0,0.0,23.041439551040067,9.587122692043426,9.587122692043426,0.0,0.0,0.0,-99.99966445070577,
3021,menyne,menyne,1,1,5579.0,0.0,24.04750300842626,9.494822785335709,9.494822785335709,0.0,0.0,0.0,-99.99966768120251,
3022,thanh.binh474,thanh.binh474,1,1,1731.0,0.0,22.232909050912053,9.44185338397334,9.44185338397334,0.0,0.0,0.0,-99.99966953513156,
3023,nguyenhien111991,nguyenhien111991,1,1,17600.0,0.0,25.829299940223105,9.112822350001403,9.112822350001403,0.0,0.0,0.0,-99.99968105121775,
3024,smilenucuoiviet,smilenucuoiviet,1,1,656.0,0.0,20.72940006694889,9.107200745831943,9.107200745831943,0.0,0.0,0.0,-99.9996812479739,
3025,nkaujqhua9,nkaujqhua9,1,1,1427.0,22.0,27.769529455775782,8.838777709679261,8.838777709679261,0.0,0.0,0.0,-99.99969064278017,
3026,phuonghang.150224,phuonghang.150224,1,1,4195.0,317.0,34.33005231807856,8.552371102453135,8.552371102453135,0.0,0.0,0.0,-99.99970066701141,
3027,pikayy,pikayy,1,1,115400.0,0.0,28.74598645516716,7.808477220737221,7.808477220737221,0.0,0.0,0.0,-99.99990526977375,
3028,hngocc_,hngocc_,1,1,12200.0,49.0,32.54223593211566,7.7000955253229595,7.7000955253229595,0.0,0.0,0.0,-99.99973049665661,
3029,ongthislay,ongthislay,1,1,82600.0,0.0,28.227328361613118,7.694145398487641,7.694145398487641,0.0,0.0,0.0,-99.99986959075596,
3030,berinehiiii,berinehiiii,1,1,53200.0,0.0,27.544951546408996,7.096338323629285,7.096338323629285,0.0,0.0,0.0,-99.99981325425466,
3031,loulazylife,loulazylife,1,1,51800.0,0.0,27.503588504091436,7.009801984560535,7.009801984560535,0.0,0.0,0.0,-99.9998105458923,
3032,m.shin93,m.shin93,1,1,1469.0,0.0,21.978514220586256,6.505603241946643,6.505603241946643,0.0,0.0,0.0,-99.99977230388653,
3033,hoanghangnm,hoanghangnm,1,1,403.0,100.0,28.565120175798736,6.369466262648276,6.369466262648276,0.0,0.0,0.0,-99.9997770686808,
3034,vanhmakeupcute,vanhmakeupcute,1,1,214700.0,0.0,29.70893107434016,6.352574536134188,6.352574536134188,0.0,0.0,0.0,-99.99995857659827,
3035,congctmt26f,congctmt26f,1,1,3711.0,0.0,23.415266471667522,6.31989226944375,6.31989226944375,0.0,0.0,0.0,-99.99977880377057,
3036,_05h3,_05h3,1,1,74.0,84.0,25.632252196134402,6.152123231269915,6.152123231269915,0.0,0.0,0.0,-99.99978467568691,
3037,hoanhelly_96,hoanhelly_96,1,1,2717.0,0.0,22.931843206272674,6.058733544480136,6.058733544480136,0.0,0.0,0.0,-99.99978794432594,
3038,xuong.69,xuong.69,1,1,6467.0,15.0,29.437073658859305,5.770630243073148,5.770630243073148,0.0,0.0,0.0,-99.9997980279415,
3039,tuyenlinhanhnhi,tuyenlinhanhnhi,1,1,1118.0,42.0,28.55592453147749,5.7688384804696575,5.7688384804696575,0.0,0.0,0.0,-99.99979809065319,
3040,baohongdl01_,baohongdl01_,1,1,1409.0,0.0,21.913877713513006,5.691787608209565,5.691787608209565,0.0,0.0,0.0,-99.99980078743371,
3041,thanhdieudane,thanhdieudane,1,1,71100.0,0.0,27.994794090971425,5.6243016067575065,5.6243016067575065,0.0,0.0,0.0,-99.99988925425811,
3042,lengg_05,lengg_05,1,1,1465.0,0.0,21.974287919030097,5.3061018846148675,5.3061018846148675,0.0,0.0,0.0,-99.99981428643403,
3043,hienn19705,hienn19705,1,1,1336.0,0.0,21.83142162333388,5.116384150274238,5.116384150274238,0.0,0.0,0.0,-99.99982092655475,
3044,thanhkien.phung5,thanhkien.phung5,1,1,170.0,0.0,18.641652725731614,5.094247029620797,5.094247029620797,0.0,0.0,0.0,-99.99982170135397,
3045,minsa.201,minsa.201,1,1,14100.0,0.0,25.485416262550515,4.980939870322066,4.980939870322066,0.0,0.0,0.0,-99.99982566710455,
3046,14082009_pa,14082009_pa,1,1,1130.0,0.0,21.571890188027893,4.897062727236093,4.897062727236093,0.0,0.0,0.0,-99.99982860280454,
3047,lananhpham.95,lananhpham.95,1,1,2176.0,0.0,22.587589553567852,4.869265791415683,4.869265791415683,0.0,0.0,0.0,-99.99982957569729,
3048,lenhan2022,lenhan2022,1,1,1863.0,0.0,22.34683055140753,4.785930246606392,4.785930246606392,0.0,0.0,0.0,-99.99983249244137,
3049,cavang_review.039,cavang_review.039,1,1,923.0,0.0,21.258352212454042,4.779175205712628,4.779175205712628,0.0,0.0,0.0,-99.9998327288678,
3050,han_mun245,han_mun245,1,1,4631.0,0.0,23.758697123724506,4.5244316268479485,4.5244316268479485,0.0,0.0,0.0,-99.99984164489307,
3051,phanthivan97,phanthivan97,1,1,7396.0,0.0,24.48472236201484,4.524092362282992,4.524092362282992,0.0,0.0,0.0,-99.99984165676732,
3052,mesam.mevabe,mesam.mevabe,1,1,8854.0,0.0,24.763768598941386,4.437657114943253,4.437657114943253,0.0,0.0,0.0,-99.99984468200097,
3053,nguyenthuhoaiyb,nguyenthuhoaiyb,1,1,1211.0,0.0,21.679175954879454,4.3739143791742725,4.3739143791742725,0.0,0.0,0.0,-99.99984691299673,
3054,giadunghungtrang,giadunghungtrang,1,1,58600.0,0.0,27.694898800746742,4.330945607791536,4.330945607791536,0.0,0.0,0.0,-99.99989653030971,
3055,kimthanhnguyen87,kimthanhnguyen87,1,1,1082.0,0.0,21.504625373087592,4.269318863163874,4.269318863163874,0.0,0.0,0.0,-99.9998505738398,
3056,_limzii,_limzii,1,1,150800.0,0.0,29.160967342856665,4.238369235469853,4.238369235469853,0.0,0.0,0.0,-99.99996065174449,
3057,minhtungkorea,minhtungkorea,1,1,5434.0,0.0,24.00666497112511,4.070563670125509,4.070563670125509,0.0,0.0,0.0,-99.99985753027154,
3058,pigxinhiu03,pigxinhiu03,1,1,4172.0,0.0,23.59683938898702,4.04004918653687,4.04004918653687,0.0,0.0,0.0,-99.99985859827848,
3059,lienskincare87,lienskincare87,1,1,4081.0,0.0,23.562641588014703,4.04004918653687,4.04004918653687,0.0,0.0,0.0,-99.99985859827848,
3060,hng.nh8935,hng.nh8935,1,1,979.0,0.0,21.349616870717778,4.019164658159229,4.019164658159229,0.0,0.0,0.0,-99.99985932923695,
3061,banhmi62mlinh,banhmi62mlinh,1,1,2592.0,39.0,29.724789785436514,3.8535547917709163,3.8535547917709163,0.0,0.0,0.0,-99.99986512558229,
3062,tuyt.anh.my.pham.2,tuyt.anh.my.pham.2,1,1,1183.0,0.0,21.642922678520925,3.823741778338892,3.823741778338892,0.0,0.0,0.0,-99.99986616903776,
3063,huonghipdaily,huonghipdaily,1,1,8571.0,0.0,24.71338858798144,3.7634330104216236,3.7634330104216236,0.0,0.0,0.0,-99.99986827984463,
3064,user9405955888614,user9405955888614,1,1,1679.0,0.0,22.18562831565016,3.683681476743885,3.683681476743885,0.0,0.0,0.0,-99.99987107114832,
3065,mimireview98,mimireview98,1,1,5505.0,0.0,24.026795894696637,3.5565993893798544,3.5565993893798544,760207.21,760207.21,0.0,-99.99987551902136,99.9995321539519
3066,phamthikimoanh54,phamthikimoanh54,1,1,7727.0,0.0,24.552620556970474,3.5128994217731884,3.5128994217731884,2602843.75,2602843.75,0.0,-99.99987704852025,99.99986503610054
3067,sam010823,sam010823,1,1,3480.0,0.0,23.315609528491045,3.4011950025429796,3.4011950025429796,0.0,0.0,0.0,-99.99988095817491,
3068,winnie_riviu,winnie_riviu,1,1,38800.0,0.0,27.055391274297342,3.3508665907369113,3.3508665907369113,0.0,0.0,0.0,-99.99988271966933,
3069,e.yue,e.yue,1,1,159400.0,0.0,29.246991699994595,3.2964039329060846,3.2964039329060846,0.0,0.0,0.0,-99.9999710478952,
3070,huyn.review28,huyn.review28,1,1,1167.0,0.0,21.62181960861428,3.28107268221162,3.28107268221162,0.0,0.0,0.0,-99.99988516245612,
3071,nhunhuvv2k,nhunhuvv2k,1,1,2685.0,0.0,22.91347376330172,3.1454920626199083,3.1454920626199083,0.0,0.0,0.0,-99.9998899077778,
3072,zimmyreviu,zimmyreviu,1,1,945.0,0.0,21.29484923073363,3.0766516296187265,3.0766516296187265,0.0,0.0,0.0,-99.99989231719296,
3073,huonganhspa7688,huonganhspa7688,1,1,2174.0,0.0,22.586163954467988,2.9630927587399074,2.9630927587399074,0.0,0.0,0.0,-99.99989629175344,
3074,myadorable_h,myadorable_h,1,1,13000.0,0.0,25.35944071225911,2.9321608337666563,2.9321608337666563,0.0,0.0,0.0,-99.99989737437083,
3075,tien.tran.1992,tien.tran.1992,1,1,1113.0,0.0,21.548399423574544,2.827366688445063,2.827366688445063,0.0,0.0,0.0,-99.9999010421659,
3076,huynhhuyen2404,huynhhuyen2404,1,1,2005.0,12.0,27.234748533348448,2.8149459833897095,2.8149459833897095,0.0,0.0,0.0,-99.99990147689059,
3077,beautifullife739,beautifullife739,1,1,1497.0,0.0,22.007780215459224,2.6717940456910774,2.6717940456910774,0.0,0.0,0.0,-99.99990648720839,
3078,xemaynhapkhauduyhung2,xemaynhapkhauduyhung2,1,1,2264.0,0.0,22.649053043571364,2.670154764738976,2.670154764738976,0.0,0.0,0.0,-99.99990654458323,
3079,bingo10910,bingo10910,1,1,4209.0,0.0,23.61053121434479,2.65951128579746,2.65951128579746,0.0,0.0,0.0,-99.999906917105,
3080,spbombom,spbombom,1,1,78200.0,0.0,28.14242479632279,2.651901612409254,2.651901612409254,0.0,0.0,0.0,-99.99995252350054,
3081,socbay3120,socbay3120,1,1,850.0,35.0,27.80056856395487,2.643522339849376,2.643522339849376,0.0,0.0,0.0,-99.9999074767181,
3082,ngocanhriviu_1,ngocanhriviu_1,1,1,1791.0,0.0,22.285730899315688,2.626052417585521,2.626052417585521,259995.46,259995.46,0.0,-99.99990808816538,99.99898996220257
3083,ngocanhmaidaily,ngocanhmaidaily,1,1,2458.0,0.0,22.776518479887205,2.587076718730432,2.587076718730432,0.0,0.0,0.0,-99.99990945231485,
3084,tranhoaibaodaily,tranhoaibaodaily,1,1,1823.0,0.0,22.31318385866783,2.525898625385353,2.525898625385353,0.0,0.0,0.0,-99.99991159354812,
3085,minh_thu19051,minh_thu19051,1,1,988.0,0.0,21.363796213146536,2.524506824629478,2.524506824629478,0.0,0.0,0.0,-99.99991164226114,
3086,bobo58602,bobo58602,1,1,78.0,0.0,17.44390623637085,2.509529727352486,2.509529727352486,0.0,0.0,0.0,-99.99991216645955,
3087,tranthimaichii,tranthimaichii,1,1,330.0,0.0,19.666052302888755,2.4959011783251333,2.4959011783251333,0.0,0.0,0.0,-99.99991264345877,
3088,mengocbacon,mengocbacon,1,1,2274.0,0.0,22.655885881544258,2.488399912623001,2.488399912623001,0.0,0.0,0.0,-99.99991290600305,
3089,tranhuyen2004h,tranhuyen2004h,1,1,4675.0,0.0,23.77336123709932,2.4514548318668474,2.4514548318668474,0.0,0.0,0.0,-99.99991419908089,
3090,taptanhreview99,taptanhreview99,1,1,3807.0,0.0,23.454869943441857,2.447140866006836,2.447140866006836,3122993.23,3122993.23,0.0,-99.99991435006969,99.99992164117289
3091,petran0307,petran0307,1,1,720.0,0.0,20.873578263053126,2.3707614068954737,2.3707614068954737,0.0,0.0,0.0,-99.99991702335076,
3092,angibeooi17,angibeooi17,1,1,713.0,0.0,20.858445931206816,2.3707614068954737,2.3707614068954737,0.0,0.0,0.0,-99.99991702335076,
3093,nghien.setups,nghien.setups,1,1,243200.0,0.0,29.902257105708525,2.3673869258333093,2.3673869258333093,824868.02,824868.02,0.0,-99.99998637195026,99.99971299809563
3094,anhkun_95,anhkun_95,1,1,1018.0,0.0,21.410145828606282,2.333304197687495,2.333304197687495,0.0,0.0,0.0,-99.99991833435308,
3095,ngocha_3107,ngocha_3107,1,1,1421.0,0.0,21.927022298211337,2.3288523776800814,2.3288523776800814,0.0,0.0,0.0,-99.99991849016678,
3096,tung220599,tung220599,1,1,6718.0,0.0,24.335611728610765,2.32404886954084,2.32404886954084,0.0,0.0,0.0,-99.99991865828957,
3097,quoctrung_1991,quoctrung_1991,1,1,2035.0,0.0,22.48373007072517,2.2910541982888524,2.2910541982888524,0.0,0.0,0.0,-99.99991981310305,
3098,tiemdominayeu,tiemdominayeu,1,1,12600.0,0.0,25.3109701885457,2.182593390527538,2.182593390527538,2340425.65,2340425.65,0.0,-99.99992360923133,99.99990674374166
3099,hanhphucmoingay_686,hanhphucmoingay_686,1,1,1593.0,0.0,22.104124870920934,2.043936507960022,2.043936507960022,0.0,0.0,0.0,-99.99992846222221,
3100,thanhhau.daily,thanhhau.daily,1,1,1515.0,0.0,22.02630660081781,2.043936507960022,2.043936507960022,0.0,0.0,0.0,-99.99992846222221,
3101,minhminh107,minhminh107,1,1,117900.0,0.0,28.779229013802798,1.990076766271472,1.990076766271472,0.0,0.0,0.0,-99.99997636889336,
3102,duahaumereview,duahaumereview,1,1,634.0,102.0,29.303017961536398,1.8699947374117492,1.8699947374117492,0.0,0.0,0.0,-99.9999345501842,
3103,vayngulua69,vayngulua69,1,1,1238.0,0.0,21.71334983518813,1.8176639569084536,1.8176639569084536,0.0,0.0,0.0,-99.99993638176151,
3104,baochau0103,baochau0103,1,1,1210.0,0.0,21.677895681004486,1.6965447888254168,1.6965447888254168,235141.08,235141.08,0.0,-99.99994062093239,99.9992784991934
3105,minnxinchao888,minnxinchao888,1,1,1710.0,0.0,22.21398805767149,1.5902860588250334,1.5902860588250334,0.0,0.0,0.0,-99.99994433998793,
3106,quanmechip,quanmechip,1,1,1382.0,0.0,21.883888668891675,1.512667939819205,1.512667939819205,0.0,0.0,0.0,-99.9999470566221,
3107,minhanh23092014,minhanh23092014,1,1,1421.0,0.0,21.927022298211337,1.4845317309307964,1.4845317309307964,0.0,0.0,0.0,-99.99994804138942,
3108,chillwthnhi,chillwthnhi,1,1,3013.0,17.0,28.471917463708422,1.4822313464785413,1.4822313464785413,0.0,0.0,0.0,-99.99994812190288,
3109,socbay310817,socbay310817,1,1,631.0,73.5,28.692754431901722,1.3645612632526467,1.3645612632526467,0.0,0.0,0.0,-99.9999522403558,
3110,miu72362,miu72362,1,1,502.0,64.0,28.08475231941324,1.3425909549933304,1.3425909549933304,0.0,0.0,0.0,-99.99995300931657,
3111,dinhtuanriviu,dinhtuanriviu,1,1,16400.0,20.0,31.386428974873848,1.278647681709012,1.278647681709012,0.0,0.0,0.0,-99.99995524733114,
3112,mit.s_news,mit.s_news,1,1,1448.0,0.0,21.95619654473543,1.2138951618181535,1.2138951618181535,0.0,0.0,0.0,-99.99995751366933,
3113,missnhung995,missnhung995,1,1,1531.0,29.5,28.40387574416681,1.211833541141921,1.211833541141921,0.0,0.0,0.0,-99.99995758582607,
3114,thammai18,thammai18,1,1,605.0,0.0,20.60406883417828,1.2109166798077002,1.2109166798077002,0.0,0.0,0.0,-99.99995761791621,
3115,ngocthanh2810,ngocthanh2810,1,1,460.0,0.0,20.179884198322014,1.2109166798077002,1.2109166798077002,0.0,0.0,0.0,-99.99995761791621,
3116,ninatran1706,ninatran1706,1,1,1181.0,0.0,21.640300443388394,1.089115346685482,1.089115346685482,0.0,0.0,0.0,-99.99996188096286,
3117,hauhoang8686,hauhoang8686,1,1,2547.0,0.0,22.8316645328472,0.870666742546112,0.870666742546112,0.0,0.0,0.0,-99.99996952666402,
3118,lacongaiphaixinh68,lacongaiphaixinh68,1,1,2132.0,0.0,22.55591964807982,0.6576219239322764,0.6576219239322764,0.0,0.0,0.0,-99.99997698323267,
3119,thyzy99er,thyzy99er,1,1,1291.0,73.0,29.789311467083813,0.4367945680687798,0.4367945680687798,199119.47,199119.47,0.0,-99.99998471219013,99.99978063693719
3120,minhthuong.43,minhthuong.43,1,1,2156.0,13.0,27.485251519165082,0.4242346052590371,0.4242346052590371,0.0,0.0,0.0,-99.99998515178882,
3121,dungginoiday.com,dungginoiday.com,1,1,299.0,0.0,19.513528235777706,0.31526240419277385,0.31526240419277385,0.0,0.0,0.0,-99.99998896581586,
3122,dieuanh.cherry,dieuanh.cherry,1,1,1116.0,0.0,21.552570788826873,0.26293958805957685,0.26293958805957685,0.0,0.0,0.0,-99.99999079711442,
3123,thy.mira,thy.mira,1,1,1935.0,51.0,29.759914281544404,0.2568751881326499,0.2568751881326499,0.0,0.0,0.0,-99.9999910093684,
3124,ngocmomne,ngocmomne,1,1,5946.0,25.0,30.210473531356634,0.1691298582048971,0.1691298582048971,0.0,0.0,0.0,-99.99999408045495,
3125,_mebanhbao_,_mebanhbao_,1,1,175.0,0.0,18.686354716247113,0.02475980470034276,0.02475980470034276,0.0,0.0,0.0,-99.99999913340683,
3126,quynh921,quynh921,1,1,52.0,0.0,16.824794734177473,0.02475980470034276,0.02475980470034276,0.0,0.0,0.0,-99.99999913340683,
3127,nguyenle30031980,nguyenle30031980,1,1,310.0,159.14285714285714,29.017271824686063,0.0,0.0,0.0,0.0,0.0,-100.0,
3128,vancobangdaihoc,vancobangdaihoc,1,1,1780.0,12.0,27.050223501560577,0.0,0.0,0.0,0.0,0.0,-100.0,
3129,a.n.h12356,a.n.h12356,1,1,374.0,0.0,19.859635422944873,0.0,0.0,0.0,0.0,0.0,-100.0,
3130,linhsanseu17,linhsanseu17,1,1,348.0,0.0,19.748185992320117,0.0,0.0,0.0,0.0,0.0,-100.0,
3131,nguyenhong8591,nguyenhong8591,1,1,274.0,0.0,19.37856909058145,0.0,0.0,0.0,0.0,0.0,-100.0,
3132,muagihomnayngaymai,muagihomnayngaymai,1,1,3.0,0.0,12.816880908069017,0.0,0.0,0.0,0.0,0.0,-100.0,
